09:15:59.537779,Price 50231.5,RoundedBN 50200.0,BNpremium 1195.4 50200,SkewDiff 585.2999267578125,NiftyPremium 182.89999999999856 23600,FNPremium 696.1999999999986 22950,BankexPremium 118339.45 57400,SensexPremium 567.4200000000042 77800,ATRAndEMAInfos |BANKNIFTY:1.67:-2.86|NIFTY:1.36:-4.32|FINNIFTY:1.70:-2.68|BANKEX:1.69:-2.57|Sensex:1.33:-3.75,IndexPrices 50053.45;50411.2;50053.45;50249.3:23542.15;23643.55;23542.15;23607.2:23100.15;23246.25;23100.15;23188.55:57181.69;57545.67;57181.69;57367.11:77636.94;77940.04;77636.94;77829.31
09:16:59.538253,Price 50283.6,RoundedBN 50300.0,BNpremium 1226.6999999999985 50300,SkewDiff 616.0999755859375,NiftyPremium 172.24999999999926 23600,FNPremium 672.8000000000008 22950,BankexPremium 118346.63 57400,SensexPremium 529.3499999999971 77700,ATRAndEMAInfos |BANKNIFTY:1.67:-2.86|NIFTY:1.36:-4.32|FINNIFTY:1.70:-2.68|BANKEX:1.69:-2.57|Sensex:1.33:-3.75,IndexPrices 50234.15;50311.65;50204.95;50276.3:23606.35;23606.35;23581.45;23590.65:23181.6;23216.75;23170.45;23202.35:57371.25;57416.03;57333.76;57363.16:77821.23;77821.23;77744.69;77747.04
09:17:59.537775,Price 50278.3,RoundedBN 50300.0,BNpremium 1228.000000000003 50300,SkewDiff 545.199951171875,NiftyPremium 166.20000000000147 23600,FNPremium 678.0000000000015 22950,BankexPremium 118341.23 57400,SensexPremium 553.470000000007 77800,ATRAndEMAInfos |BANKNIFTY:1.67:-2.86|NIFTY:1.36:-4.32|FINNIFTY:1.70:-2.68|BANKEX:1.69:-2.57|Sensex:1.33:-3.75,IndexPrices 50274.8;50283.6;50196.4;50276.25:23589.0;23593.85;23569.55;23591.1:23202.3;23206.05;23166.25;23199.45:57378.43;57381.83;57287.56;57375.05:77751.55;77783.93;77674.23;77783.93
09:18:59.538376,Price 50241.0,RoundedBN 50200.0,BNpremium 1210.5 50200,SkewDiff 587.449951171875,NiftyPremium 158.84999999999928 23550,FNPremium 705.5000000000015 22950,BankexPremium 118337.51 57300,SensexPremium 540.3099999999977 77700,ATRAndEMAInfos |BANKNIFTY:1.67:-2.86|NIFTY:1.36:-4.32|FINNIFTY:1.70:-2.68|BANKEX:1.69:-2.57|Sensex:1.33:-3.75,IndexPrices 50275.9;50310.4;50238.5;50244.25:23591.6;23594.4;23573.6;23575.5:23200.3;23213.4;23173.35;23173.6:57373.03;57395.06;57318.88;57330.22:77783.82;77789.61;77729.79;77735.95
09:19:59.537809,Price 50294.6,RoundedBN 50300.0,BNpremium 1243.5999999999985 50300,SkewDiff 540.64990234375,NiftyPremium 185.7 23600,FNPremium 680.7500000000015 22950,BankexPremium 118336.06 57400,SensexPremium 580.6899999999964 77800,ATRAndEMAInfos |BANKNIFTY:1.67:-2.86|NIFTY:1.36:-4.32|FINNIFTY:1.70:-2.68|BANKEX:1.69:-2.57|Sensex:1.33:-3.75,IndexPrices 50237.4;50306.6;50237.4;50291.35:23576.65;23612.0;23576.45;23602.3:23172.05;23205.75;23172.05;23197.9:57330.69;57383.85;57307.84;57365.99:77740.44;77851.99;77740.44;77825.43
09:20:59.538041,Price 50251.1,RoundedBN 50300.0,BNpremium 1210.0500000000015 50200,SkewDiff 530.85009765625,NiftyPremium 160.75 23600,FNPremium 697.1 22950,BankexPremium 118360.76999999999 57300,SensexPremium 552.1199999999953 77700,ATRAndEMAInfos |BANKNIFTY:1.67:-2.86|NIFTY:1.36:-4.32|FINNIFTY:1.70:-2.68|BANKEX:1.69:-2.57|Sensex:1.33:-3.75,IndexPrices 50290.45;50302.8;50229.55;50250.55:23603.1;23607.35;23579.4;23579.55:23197.6;23203.55;23171.15;23181.25:57366.52;57375.56;57288.1;57297.76:77824.66;77828.22;77741.76;77744.09
09:21:59.537351,Price 50211.75,RoundedBN 50200.0,BNpremium 1258.0500000000002 50200,SkewDiff 523.949951171875,NiftyPremium 170.24999999999926 23550,FNPremium 710.6499999999993 22950,BankexPremium 118336.31 57300,SensexPremium 589.9399999999965 77700,ATRAndEMAInfos |BANKNIFTY:1.67:-2.86|NIFTY:1.36:-4.32|FINNIFTY:1.70:-2.68|BANKEX:1.69:-2.57|Sensex:1.33:-3.75,IndexPrices 50252.55;50263.6;50191.8;50213.75:23579.9;23583.25;23558.4;23569.0:23181.4;23187.95;23158.0;23168.35:57292.57;57329.61;57253.47;57274.52:77740.88;77765.7;77694.38;77720.06
09:22:59.537752,Price 50279.7,RoundedBN 50300.0,BNpremium 1233.449999999997 50300,SkewDiff 527.550048828125,NiftyPremium 175.30000000000143 23600,FNPremium 683.1499999999993 22950,BankexPremium 118339.73 57300,SensexPremium 569.8100000000064 77800,ATRAndEMAInfos |BANKNIFTY:1.67:-2.86|NIFTY:1.36:-4.32|FINNIFTY:1.70:-2.68|BANKEX:1.69:-2.57|Sensex:1.33:-3.75,IndexPrices 50215.4;50285.15;50190.85;50285.15:23568.85;23602.2;23559.55;23602.2:23169.7;23198.15;23159.25;23198.15:57268.11;57330.44;57249.33;57328.47:77709.91;77785.01;77697.89;77784.5
09:23:59.538193,Price 50270.5,RoundedBN 50300.0,BNpremium 1236.3000000000002 50300,SkewDiff 541.5,NiftyPremium 177.8 23600,FNPremium 683.8000000000008 22950,BankexPremium 118346.62 57300,SensexPremium 571.5200000000041 77800,ATRAndEMAInfos |BANKNIFTY:1.67:-2.86|NIFTY:1.36:-4.32|FINNIFTY:1.70:-2.68|BANKEX:1.69:-2.57|Sensex:1.33:-3.75,IndexPrices 50287.8;50299.95;50247.25;50259.8:23600.75;23606.3;23591.1;23595.55:23198.7;23203.7;23181.35;23190.35:57326.92;57366.19;57306.95;57312.37:77778.71;77814.53;77765.85;77778.75
09:24:59.537501,Price 50344.95,RoundedBN 50300.0,BNpremium 1220.800000000003 50300,SkewDiff 496.550048828125,NiftyPremium 156.54999999999927 23600,FNPremium 335.2999999999986 23150,BankexPremium 118342.01 57400,SensexPremium 542.429999999996 77900,ATRAndEMAInfos |BANKNIFTY:1.67:-2.86|NIFTY:1.36:-4.32|FINNIFTY:1.70:-2.68|BANKEX:1.69:-2.57|Sensex:1.33:-3.75,IndexPrices 50259.9;50358.2;50259.9;50346.3:23595.95;23624.1;23595.95;23617.2:23190.6;23238.35;23190.6;23231.8:57314.37;57428.16;57314.37;57428.16:77782.45;77859.92;77782.45;77857.62
09:25:59.537821,Price 50380.05,RoundedBN 50400.0,BNpremium 1238.050000000003 50400,SkewDiff 444.14990234375,NiftyPremium 151.80000000000146 23600,FNPremium 318.3500000000015 23150,BankexPremium 118327.51 57500,SensexPremium 511.82999999999595 77900,ATRAndEMAInfos |BANKNIFTY:1.67:-2.86|NIFTY:1.36:-4.32|FINNIFTY:1.70:-2.68|BANKEX:1.69:-2.57|Sensex:1.33:-3.75,IndexPrices 50347.8;50386.3;50315.7;50380.05:23618.45;23623.3;23607.1;23620.75:23232.7;23250.5;23215.35;23248.15:57427.13;57457.02;57389.49;57457.02:77861.05;77862.69;77835.44;77857.73
09:26:59.538221,Price 50299.3,RoundedBN 50300.0,BNpremium 1253.5000000000027 50300,SkewDiff 480.4500732421875,NiftyPremium 162.59999999999928 23600,FNPremium 666.1999999999986 22950,BankexPremium 118366.26 57400,SensexPremium 523.1700000000012 77800,ATRAndEMAInfos |BANKNIFTY:1.67:-2.86|NIFTY:1.36:-4.32|FINNIFTY:1.70:-2.68|BANKEX:1.69:-2.57|Sensex:1.33:-3.75,IndexPrices 50380.65;50380.65;50290.35;50300.4:23621.5;23621.85;23596.65;23603.75:23248.3;23248.4;23207.05;23212.45:57458.57;57462.39;57390.52;57405.17:77858.3;77862.15;77787.74;77800.93
09:27:59.537278,Price 50344.65,RoundedBN 50300.0,BNpremium 1209.0499999999984 50300,SkewDiff 497.800048828125,NiftyPremium 165.60000000000073 23600,FNPremium 338.4000000000008 23150,BankexPremium 118327.38 57400,SensexPremium 522.8299999999988 77800,ATRAndEMAInfos |BANKNIFTY:1.67:-2.86|NIFTY:1.36:-4.32|FINNIFTY:1.70:-2.68|BANKEX:1.69:-2.57|Sensex:1.33:-3.75,IndexPrices 50299.3;50343.5;50296.5;50343.5:23603.95;23608.8;23595.85;23600.85:23213.05;23230.75;23210.4;23227.05:57401.94;57451.06;57388.27;57440.82:77805.28;77820.31;77787.74;77793.94
09:28:59.537637,Price 50317.05,RoundedBN 50300.0,BNpremium 1243.949999999997 50300,SkewDiff 454.4500732421875,NiftyPremium 147.89999999999856 23600,FNPremium 658.9499999999986 22950,BankexPremium 118346.73999999999 57400,SensexPremium 496.9400000000023 77800,ATRAndEMAInfos |BANKNIFTY:1.67:-2.86|NIFTY:1.36:-4.32|FINNIFTY:1.70:-2.68|BANKEX:1.69:-2.57|Sensex:1.33:-3.75,IndexPrices 50342.25;50346.5;50305.5;50315.7:23599.7;23601.4;23578.75;23581.15:23228.3;23228.7;23211.85;23217.9:57440.82;57451.4;57410.48;57421.46:77794.03;77802.15;77751.01;77760.15
09:29:59.538075,Price 50293.55,RoundedBN 50300.0,BNpremium 1245.9000000000028 50300,SkewDiff 463.650146484375,NiftyPremium 143.00000000000074 23600,FNPremium 668.35 22950,BankexPremium 118359.54 57400,SensexPremium 477.8800000000017 77700,ATRAndEMAInfos |BANKNIFTY:1.67:-2.86|NIFTY:1.36:-4.32|FINNIFTY:1.70:-2.68|BANKEX:1.69:-2.57|Sensex:1.33:-3.75,IndexPrices 50319.45;50319.45;50259.2;50295.45:23581.6;23587.65;23572.65;23583.65:23217.9;23220.6;23193.4;23212.3:57421.46;57429.96;57344.27;57383.73:77757.44;77768.13;77706.54;77739.23
09:30:59.537555,Price 50325.1,RoundedBN 50300.0,BNpremium 1238.0000000000014 50300,SkewDiff 457.449951171875,NiftyPremium 129.80000000000072 23550,FNPremium 654.3999999999993 22950,BankexPremium 118334.45 57500,SensexPremium 463.7899999999994 77800,ATRAndEMAInfos |BANKNIFTY:1.67:-2.86|NIFTY:1.36:-4.32|FINNIFTY:1.70:-2.68|BANKEX:1.69:-2.57|Sensex:1.33:-3.75,IndexPrices 50296.0;50346.65;50289.15;50327.55:23583.6;23592.8;23576.05;23576.05:23211.8;23235.25;23208.5;23225.65:57391.34;57472.06;57383.74;57457.02:77739.92;77816.53;77731.7;77773.41
09:31:59.538157,Price 50371.4,RoundedBN 50400.0,BNpremium 1229.6000000000015 50400,SkewDiff 454.5999755859375,NiftyPremium 140.29999999999927 23600,FNPremium 323.1500000000008 23150,BankexPremium 118352.5 57500,SensexPremium 460.00999999999476 77800,ATRAndEMAInfos |BANKNIFTY:1.67:-2.86|NIFTY:1.36:-4.32|FINNIFTY:1.70:-2.68|BANKEX:1.69:-2.57|Sensex:1.33:-3.75,IndexPrices 50327.85;50412.95;50325.1;50370.5:23577.2;23600.65;23576.3;23586.65:23224.45;23262.5;23224.45;23243.45:57466.25;57529.34;57452.54;57475.46:77776.14;77841.24;77774.13;77774.87
09:32:59.537585,Price 50381.8,RoundedBN 50400.0,BNpremium 1238.4000000000028 50400,SkewDiff 427.25,NiftyPremium 140.35000000000073 23600,FNPremium 319.6000000000015 23150,BankexPremium 118353.25 57500,SensexPremium 451.06000000000637 77800,ATRAndEMAInfos |BANKNIFTY:1.67:-2.86|NIFTY:1.36:-4.32|FINNIFTY:1.70:-2.68|BANKEX:1.69:-2.57|Sensex:1.33:-3.75,IndexPrices 50373.55;50390.15;50350.05;50380.7:23586.15;23593.55;23576.95;23588.3:23244.25;23252.95;23234.3;23246.3:57484.3;57509.2;57461.01;57487.28:77778.01;77803.24;77754.56;77782.21
09:33:59.537833,Price 50398.75,RoundedBN 50400.0,BNpremium 1262.3000000000002 50400,SkewDiff 430.25,NiftyPremium 135.64999999999927 23600,FNPremium 311.1500000000008 23150,BankexPremium 118345.42 57500,SensexPremium 474.0199999999983 77800,ATRAndEMAInfos |BANKNIFTY:1.67:-2.86|NIFTY:1.36:-4.32|FINNIFTY:1.70:-2.68|BANKEX:1.69:-2.57|Sensex:1.33:-3.75,IndexPrices 50381.8;50407.5;50371.45;50402.25:23588.35;23595.4;23575.35;23586.9:23247.75;23257.5;23240.2;23257.45:57485.05;57525.49;57483.42;57525.49:77779.46;77810.95;77762.97;77795.24
09:34:59.538088,Price 50396.75,RoundedBN 50400.0,BNpremium 1258.1 50400,SkewDiff 492.75,NiftyPremium 136.29999999999853 23600,FNPremium 313.2499999999993 23150,BankexPremium 118345.47 57500,SensexPremium 459.1400000000024 77800,ATRAndEMAInfos |BANKNIFTY:1.67:-2.86|NIFTY:1.36:-4.32|FINNIFTY:1.70:-2.68|BANKEX:1.69:-2.57|Sensex:1.33:-3.75,IndexPrices 50403.25;50436.55;50393.3;50393.3:23585.85;23603.05;23584.95;23587.35:23254.95;23273.4;23252.0;23255.3:57522.78;57570.81;57521.55;57521.83:77798.17;77831.94;77796.29;77796.29
09:35:59.537414,Price 50383.15,RoundedBN 50400.0,BNpremium 1247.3500000000015 50400,SkewDiff 425.14990234375,NiftyPremium 126.24999999999926 23600,FNPremium 318.1500000000008 23150,BankexPremium 118355.44 57500,SensexPremium 451.4600000000064 77800,ATRAndEMAInfos |BANKNIFTY:1.67:-2.86|NIFTY:1.36:-4.32|FINNIFTY:1.70:-2.68|BANKEX:1.69:-2.57|Sensex:1.33:-3.75,IndexPrices 50400.75;50400.75;50365.95;50378.15:23587.7;23590.65;23577.4;23582.0:23254.9;23254.9;23241.95;23246.95:57521.09;57527.72;57492.46;57512.76:77795.19;77797.38;77766.06;77782.06
09:36:59.537669,Price 50398.35,RoundedBN 50400.0,BNpremium 1255.2999999999984 50400,SkewDiff 430.900146484375,NiftyPremium 134.55000000000146 23600,FNPremium 305.3500000000015 23150,BankexPremium 118319.84 57500,SensexPremium 452.0000000000058 77800,ATRAndEMAInfos |BANKNIFTY:1.67:-2.86|NIFTY:1.36:-4.32|FINNIFTY:1.70:-2.68|BANKEX:1.69:-2.57|Sensex:1.33:-3.75,IndexPrices 50380.05;50418.2;50375.05;50400.95:23581.75;23600.6;23578.95;23594.95:23248.55;23270.45;23245.6;23262.7:57512.76;57552.79;57493.4;57548.36:77781.46;77822.68;77757.18;77814.69
09:37:59.537909,Price 50382.7,RoundedBN 50400.0,BNpremium 1244.799999999997 50400,SkewDiff 462.0,NiftyPremium 122.30000000000074 23600,FNPremium 313.2999999999986 23150,BankexPremium 118349.57999999999 57500,SensexPremium 447.9999999999942 77800,ATRAndEMAInfos |BANKNIFTY:1.67:-2.86|NIFTY:1.36:-4.32|FINNIFTY:1.70:-2.68|BANKEX:1.69:-2.57|Sensex:1.33:-3.75,IndexPrices 50401.6;50401.6;50374.25;50377.2:23594.3;23594.3;23581.3;23582.85:23261.1;23261.7;23250.85;23251.45:57548.36;57548.36;57500.73;57517.57:77816.86;77816.86;77769.41;77788.22
09:38:59.536775,Price 50417.9,RoundedBN 50400.0,BNpremium 1242.1999999999985 50400,SkewDiff 482.4500732421875,NiftyPremium 124.14999999999999 23600,FNPremium 295.2999999999986 23150,BankexPremium 118332.64 57600,SensexPremium 404.4099999999977 77800,ATRAndEMAInfos |BANKNIFTY:1.67:-2.86|NIFTY:1.36:-4.32|FINNIFTY:1.70:-2.68|BANKEX:1.69:-2.57|Sensex:1.33:-3.75,IndexPrices 50378.9;50423.9;50375.3;50422.4:23583.25;23596.1;23576.05;23595.85:23251.85;23274.45;23247.8;23273.35:57518.62;57567.41;57505.27;57567.41:77788.15;77825.71;77771.06;77825.71
09:39:59.537969,Price 50395.35,RoundedBN 50400.0,BNpremium 1253.4999999999986 50400,SkewDiff 494.199951171875,NiftyPremium 116.45000000000073 23600,FNPremium 300.8500000000015 23150,BankexPremium 118322.82 57500,SensexPremium 413.38000000000466 77800,ATRAndEMAInfos |BANKNIFTY:1.67:-2.86|NIFTY:1.36:-4.32|FINNIFTY:1.70:-2.68|BANKEX:1.69:-2.57|Sensex:1.33:-3.75,IndexPrices 50419.95;50425.05;50393.55;50396.75:23595.7;23595.7;23582.7;23586.7:23272.75;23277.25;23262.05;23265.45:57564.44;57572.99;57541.43;57552.61:77826.19;77826.19;77805.4;77809.98
09:40:59.537265,Price 50360.75,RoundedBN 50400.0,BNpremium 1210.75 50400,SkewDiff 412.0499267578125,NiftyPremium 117.24999999999855 23600,FNPremium 313.2999999999986 23150,BankexPremium 118362.95 57500,SensexPremium 421.61999999999824 77800,ATRAndEMAInfos |BANKNIFTY:1.67:-2.86|NIFTY:1.36:-4.32|FINNIFTY:1.70:-2.68|BANKEX:1.69:-2.57|Sensex:1.33:-3.75,IndexPrices 50392.65;50396.8;50323.7;50361.3:23587.1;23588.4;23573.95;23581.6:23265.85;23267.05;23237.65;23254.05:57545.38;57547.37;57470.27;57505.51:77806.12;77806.12;77771.81;77786.27
09:41:59.537463,Price 50217.35,RoundedBN 50200.0,BNpremium 1238.0000000000014 50200,SkewDiff 485.300048828125,NiftyPremium 135.14999999999856 23500,FNPremium 690.85 22950,BankexPremium 118340.31 57400,SensexPremium 534.3400000000023 77600,ATRAndEMAInfos |BANKNIFTY:1.67:-2.86|NIFTY:1.36:-4.32|FINNIFTY:1.70:-2.68|BANKEX:1.69:-2.57|Sensex:1.33:-3.75,IndexPrices 50362.6;50407.6;50242.3;50242.3:23580.8;23593.5;23524.5;23524.5:23253.4;23272.65;23198.35;23198.35:57505.25;57555.85;57383.48;57383.48:77788.67;77827.96;77627.14;77627.14
09:42:59.537759,Price 50301.05,RoundedBN 50300.0,BNpremium 1252.8499999999972 50300,SkewDiff 459.5999755859375,NiftyPremium 135.85000000000144 23550,FNPremium 338.6000000000015 23150,BankexPremium 118342.63 57400,SensexPremium 462.0300000000018 77700,ATRAndEMAInfos |BANKNIFTY:1.67:-2.86|NIFTY:1.36:-4.32|FINNIFTY:1.70:-2.68|BANKEX:1.69:-2.57|Sensex:1.33:-3.75,IndexPrices 50229.9;50291.5;50179.75;50291.5:23523.25;23552.65;23502.55;23552.65:23188.0;23222.9;23169.4;23222.9:57372.11;57419.53;57298.95;57409.92:77617.56;77667.78;77521.41;77663.63
09:43:59.539566,Price 50322.3,RoundedBN 50300.0,BNpremium 1245.299999999997 50300,SkewDiff 499.699951171875,NiftyPremium 117.65000000000073 23550,FNPremium 328.6500000000008 23150,BankexPremium 118323.17 57500,SensexPremium 441.85 77700,ATRAndEMAInfos |BANKNIFTY:1.67:-2.86|NIFTY:1.36:-4.32|FINNIFTY:1.70:-2.68|BANKEX:1.69:-2.57|Sensex:1.33:-3.75,IndexPrices 50292.8;50329.15;50285.1;50311.15:23552.3;23570.4;23550.55;23566.2:23223.7;23240.35;23219.25;23233.5:57425.57;57466.49;57425.57;57450.71:77672.83;77729.99;77672.83;77721.69
09:44:59.537983,Price 50336.2,RoundedBN 50300.0,BNpremium 1227.100000000003 50300,SkewDiff 457.0498046875,NiftyPremium 116.55000000000072 23600,FNPremium 318.1000000000015 23150,BankexPremium 118345.78 57500,SensexPremium 445.4500000000058 77800,ATRAndEMAInfos |BANKNIFTY:1.67:-2.86|NIFTY:1.36:-4.32|FINNIFTY:1.70:-2.68|BANKEX:1.69:-2.57|Sensex:1.33:-3.75,IndexPrices 50322.3;50345.45;50295.25;50333.5:23567.95;23584.05;23564.5;23575.0:23235.85;23252.1;23229.25;23247.0:57454.97;57483.96;57428.97;57472.16:77727.0;77766.41;77727.0;77758.39
09:45:59.537279,Price 50368.4,RoundedBN 50400.0,BNpremium 1212.7000000000014 50400,SkewDiff 436.85009765625,NiftyPremium 123.30000000000146 23600,FNPremium 303.9000000000008 23150,BankexPremium 118363.65 57500,SensexPremium 463.2600000000035 77800,ATRAndEMAInfos |BANKNIFTY:1.67:-2.86|NIFTY:1.36:-4.32|FINNIFTY:1.70:-2.68|BANKEX:1.69:-2.57|Sensex:1.33:-3.75,IndexPrices 50336.2;50374.25;50324.5;50372.55:23576.0;23577.1;23563.55;23575.15:23248.1;23264.7;23244.35;23263.6:57477.58;57512.84;57470.28;57506.15:77758.85;77768.93;77727.32;77765.89
09:46:59.537441,Price 50387.5,RoundedBN 50400.0,BNpremium 1236.0 50400,SkewDiff 476.10009765625,NiftyPremium 134.69999999999854 23600,FNPremium 293.7999999999986 23150,BankexPremium 118323.70999999999 57600,SensexPremium 469.570000000007 77800,ATRAndEMAInfos |BANKNIFTY:1.67:-2.86|NIFTY:1.36:-4.32|FINNIFTY:1.70:-2.68|BANKEX:1.69:-2.57|Sensex:1.33:-3.75,IndexPrices 50371.0;50409.6;50337.6;50382.8:23574.05;23595.25;23558.8;23588.15:23262.3;23283.0;23245.0;23272.05:57505.09;57559.13;57481.9;57556.59:77764.91;77833.77;77737.69;77829.76
09:47:59.537638,Price 50374.2,RoundedBN 50400.0,BNpremium 1216.1499999999971 50400,SkewDiff 437.5999755859375,NiftyPremium 131.69999999999925 23600,FNPremium 295.6500000000008 23150,BankexPremium 118351.76 57500,SensexPremium 470.87999999999886 77800,ATRAndEMAInfos |BANKNIFTY:1.67:-2.86|NIFTY:1.36:-4.32|FINNIFTY:1.70:-2.68|BANKEX:1.69:-2.57|Sensex:1.33:-3.75,IndexPrices 50385.6;50397.15;50373.4;50379.1:23589.7;23597.9;23586.35;23590.2:23274.15;23280.1;23270.1;23273.1:57555.51;57557.58;57517.86;57518.38:77830.18;77836.81;77811.6;77817.41
09:48:59.537800,Price 50382.75,RoundedBN 50400.0,BNpremium 1234.55 50400,SkewDiff 445.550048828125,NiftyPremium 117.65 23600,FNPremium 292.3500000000015 23150,BankexPremium 118349.73 57500,SensexPremium 483.9400000000023 77800,ATRAndEMAInfos |BANKNIFTY:1.67:-2.86|NIFTY:1.36:-4.32|FINNIFTY:1.70:-2.68|BANKEX:1.69:-2.57|Sensex:1.33:-3.75,IndexPrices 50378.6;50408.1;50370.45;50382.85:23590.25;23591.85;23576.05;23576.05:23271.9;23286.45;23268.25;23274.25:57516.44;57547.95;57501.98;57524.56:77815.72;77821.6;77792.21;77796.98
09:49:59.538002,Price 50412.2,RoundedBN 50400.0,BNpremium 1238.9000000000028 50400,SkewDiff 413.60009765625,NiftyPremium 114.94999999999999 23600,FNPremium 279.0499999999986 23150,BankexPremium 118328.07 57500,SensexPremium 464.56999999999533 77800,ATRAndEMAInfos |BANKNIFTY:1.67:-2.86|NIFTY:1.36:-4.32|FINNIFTY:1.70:-2.68|BANKEX:1.69:-2.57|Sensex:1.33:-3.75,IndexPrices 50382.5;50417.0;50379.0;50412.1:23575.6;23585.45;23570.55;23579.25:23274.45;23291.3;23271.3;23289.2:57518.47;57544.29;57517.55;57537.09:77791.09;77796.23;77768.1;77792.06
09:50:59.537138,Price 50394.7,RoundedBN 50400.0,BNpremium 1245.4999999999973 50400,SkewDiff 470.10009765625,NiftyPremium 114.34999999999854 23600,FNPremium 288.4000000000008 23150,BankexPremium 118350.92 57500,SensexPremium 427.96999999999827 77800,ATRAndEMAInfos |BANKNIFTY:1.67:-2.86|NIFTY:1.36:-4.32|FINNIFTY:1.70:-2.68|BANKEX:1.69:-2.57|Sensex:1.33:-3.75,IndexPrices 50410.5;50412.2;50350.5;50383.05:23578.75;23578.75;23565.35;23574.25:23287.75;23287.75;23260.6;23272.45:57540.13;57545.48;57497.39;57513.66:77790.3;77790.3;77747.14;77766.75
09:51:59.537331,Price 50368.2,RoundedBN 50400.0,BNpremium 1219.049999999997 50400,SkewDiff 465.0999755859375,NiftyPremium 114.90000000000073 23550,FNPremium 298.0499999999986 23150,BankexPremium 118360.86 57500,SensexPremium 400.58999999999355 77800,ATRAndEMAInfos |BANKNIFTY:1.67:-2.86|NIFTY:1.36:-4.32|FINNIFTY:1.70:-2.68|BANKEX:1.69:-2.57|Sensex:1.33:-3.75,IndexPrices 50389.9;50394.7;50352.9;50368.35:23576.8;23578.65;23565.05;23566.4:23273.65;23278.3;23261.45;23267.95:57517.28;57520.91;57493.69;57493.69:77773.18;77773.97;77748.15;77748.5
09:52:59.537235,Price 50363.2,RoundedBN 50400.0,BNpremium 1213.399999999997 50400,SkewDiff 436.0,NiftyPremium 114.35000000000146 23550,FNPremium 304.3500000000015 23150,BankexPremium 118367.98 57500,SensexPremium 386.3399999999965 77800,ATRAndEMAInfos |BANKNIFTY:1.67:-2.86|NIFTY:1.36:-4.32|FINNIFTY:1.70:-2.68|BANKEX:1.69:-2.57|Sensex:1.33:-3.75,IndexPrices 50369.2;50396.65;50355.5;50365.8:23567.75;23579.25;23563.55;23566.3:23268.6;23279.55;23259.35;23265.05:57492.66;57532.67;57492.66;57500.69:77756.54;77783.49;77753.42;77753.42
09:53:59.537488,Price 50348.9,RoundedBN 50300.0,BNpremium 1205.2999999999986 50300,SkewDiff 482.8499755859375,NiftyPremium 108.95 23600,FNPremium 310.6500000000008 23150,BankexPremium 118357.07 57500,SensexPremium 382.9400000000023 77800,ATRAndEMAInfos |BANKNIFTY:1.67:-2.86|NIFTY:1.36:-4.32|FINNIFTY:1.70:-2.68|BANKEX:1.69:-2.57|Sensex:1.33:-3.75,IndexPrices 50366.5;50379.45;50324.7;50346.35:23565.15;23571.0;23560.65;23571.0:23264.4;23269.95;23245.9;23254.15:57499.78;57513.66;57474.42;57488.87:77751.09;77763.59;77737.67;77757.28
09:54:59.537679,Price 50360.85,RoundedBN 50400.0,BNpremium 1203.0499999999986 50400,SkewDiff 400.2999267578125,NiftyPremium 104.74999999999855 23600,FNPremium 303.6000000000015 23150,BankexPremium 118356.36 57500,SensexPremium 417.3799999999959 77800,ATRAndEMAInfos |BANKNIFTY:1.67:-2.86|NIFTY:1.36:-4.32|FINNIFTY:1.70:-2.68|BANKEX:1.69:-2.57|Sensex:1.33:-3.75,IndexPrices 50348.65;50393.05;50346.5;50361.0:23570.8;23585.25;23570.8;23573.85:23255.95;23276.6;23254.85;23263.0:57488.87;57523.69;57488.87;57512.84:77758.69;77809.1;77757.64;77790.04
09:55:59.537821,Price 50400.3,RoundedBN 50400.0,BNpremium 1246.449999999997 50400,SkewDiff 405.449951171875,NiftyPremium 128.34999999999928 23600,FNPremium 285.7499999999993 23150,BankexPremium 118342.9 57500,SensexPremium 419.5199999999983 77800,ATRAndEMAInfos |BANKNIFTY:1.67:-2.86|NIFTY:1.36:-4.32|FINNIFTY:1.70:-2.68|BANKEX:1.69:-2.57|Sensex:1.33:-3.75,IndexPrices 50359.45;50401.8;50356.6;50397.0:23573.05;23596.85;23572.55;23596.7:23262.75;23281.25;23260.6;23279.05:57511.84;57534.1;57508.98;57525.3:77787.48;77828.04;77786.54;77828.04
09:56:59.537798,Price 50407.05,RoundedBN 50400.0,BNpremium 1238.2499999999973 50400,SkewDiff 403.9500732421875,NiftyPremium 125.30000000000072 23600,FNPremium 280.3500000000015 23150,BankexPremium 118329.62 57500,SensexPremium 403.87999999999886 77900,ATRAndEMAInfos |BANKNIFTY:1.67:-2.86|NIFTY:1.36:-4.32|FINNIFTY:1.70:-2.68|BANKEX:1.69:-2.57|Sensex:1.33:-3.75,IndexPrices 50397.05;50410.8;50384.2;50406.45:23597.85;23606.3;23593.4;23604.35:23282.05;23287.25;23275.25;23285.85:57525.3;57544.41;57522.97;57541.16:77824.83;77859.03;77822.62;77845.41
09:57:59.538115,Price 50368.0,RoundedBN 50400.0,BNpremium 1207.9 50400,SkewDiff 445.7999267578125,NiftyPremium 123.9 23600,FNPremium 296.8500000000015 23150,BankexPremium 118353.68 57500,SensexPremium 424.2699999999953 77800,ATRAndEMAInfos |BANKNIFTY:1.67:-2.86|NIFTY:1.36:-4.32|FINNIFTY:1.70:-2.68|BANKEX:1.69:-2.57|Sensex:1.33:-3.75,IndexPrices 50406.9;50407.15;50364.8;50364.8:23604.35;23608.85;23595.25;23595.25:23286.65;23286.65;23269.0;23269.0:57538.58;57559.87;57512.77;57512.77:77850.78;77861.09;77827.76;77827.76
09:58:59.537259,Price 50382.0,RoundedBN 50400.0,BNpremium 1229.85 50400,SkewDiff 464.4000244140625,NiftyPremium 125.55000000000001 23600,FNPremium 288.20000000000005 23150,BankexPremium 118351.56 57500,SensexPremium 405.1100000000035 77800,ATRAndEMAInfos |BANKNIFTY:1.67:-2.86|NIFTY:1.36:-4.32|FINNIFTY:1.70:-2.68|BANKEX:1.69:-2.57|Sensex:1.33:-3.75,IndexPrices 50365.25;50387.55;50365.25;50380.65:23595.55;23606.2;23595.1;23603.0:23269.5;23281.95;23269.05;23277.35:57514.52;57522.63;57504.64;57515.48:77830.63;77849.43;77827.06;77836.93
09:59:59.537408,Price 50366.3,RoundedBN 50400.0,BNpremium 1205.3500000000029 50400,SkewDiff 474.75,NiftyPremium 121.64999999999999 23600,FNPremium 293.6000000000015 23150,BankexPremium 118346.76 57500,SensexPremium 392.81999999999533 77900,ATRAndEMAInfos |BANKNIFTY:1.67:-2.86|NIFTY:1.36:-4.32|FINNIFTY:1.70:-2.68|BANKEX:1.69:-2.57|Sensex:1.33:-3.75,IndexPrices 50382.0;50395.0;50361.6;50371.95:23602.55;23603.4;23595.0;23595.0:23277.45;23282.9;23269.25;23274.9:57516.64;57539.11;57508.71;57519.29:77836.84;77851.65;77830.9;77843.88
10:00:59.537497,Price 50478.65,RoundedBN 50500.0,BNpremium 1207.0500000000015 50500,SkewDiff 450.8001708984375,NiftyPremium 119.35000000000073 23650,FNPremium 241.29999999999856 23150,BankexPremium 118341.92 57600,SensexPremium 401.729999999993 78000,ATRAndEMAInfos |BANKNIFTY:1.67:-2.86|NIFTY:1.36:-4.32|FINNIFTY:1.70:-2.68|BANKEX:1.69:-2.57|Sensex:1.33:-3.75,IndexPrices 50374.15;50495.75;50366.3;50480.05:23596.3;23642.55;23594.9;23639.85:23275.65;23330.35;23273.1;23326.05:57521.44;57644.08;57512.86;57626.28:77842.37;77962.23;77832.17;77962.23
10:01:59.537643,Price 50504.4,RoundedBN 50500.0,BNpremium 1224.6499999999987 50500,SkewDiff 416.25,NiftyPremium 132.85 23650,FNPremium 227.60000000000147 23150,BankexPremium 118330.79 57700,SensexPremium 430.17000000000405 78000,ATRAndEMAInfos |BANKNIFTY:1.67:-2.86|NIFTY:1.36:-4.32|FINNIFTY:1.70:-2.68|BANKEX:1.69:-2.57|Sensex:1.33:-3.75,IndexPrices 50475.9;50505.9;50460.7;50504.9:23640.05;23659.15;23633.3;23652.7:23323.75;23343.25;23319.2;23339.45:57626.28;57663.24;57619.44;57657.8:77966.68;78001.11;77957.26;77999.95
10:02:59.537732,Price 50514.8,RoundedBN 50500.0,BNpremium 1214.699999999997 50500,SkewDiff 450.60009765625,NiftyPremium 139.99999999999926 23650,FNPremium 220.9999999999993 23150,BankexPremium 118347.44 57700,SensexPremium 450.5 78000,ATRAndEMAInfos |BANKNIFTY:1.67:-2.86|NIFTY:1.36:-4.32|FINNIFTY:1.70:-2.68|BANKEX:1.69:-2.57|Sensex:1.33:-3.75,IndexPrices 50506.15;50517.85;50483.45;50517.3:23654.7;23657.0;23641.95;23657.0:23340.5;23346.3;23329.1;23346.3:57658.29;57679.15;57651.73;57671.1:78002.23;78011.02;77985.59;78011.02
10:03:59.537864,Price 50527.8,RoundedBN 50500.0,BNpremium 1206.6499999999971 50500,SkewDiff 462.0999755859375,NiftyPremium 134.99999999999855 23650,FNPremium 216.35000000000147 23150,BankexPremium 118367.5 57700,SensexPremium 432.67000000000405 78000,ATRAndEMAInfos |BANKNIFTY:1.67:-2.86|NIFTY:1.36:-4.32|FINNIFTY:1.70:-2.68|BANKEX:1.69:-2.57|Sensex:1.33:-3.75,IndexPrices 50515.3;50537.05;50513.1;50529.2:23656.5;23662.15;23652.95;23657.85:23345.7;23357.45;23343.0;23352.3:57677.79;57706.95;57677.79;57698.53:78015.87;78036.68;78012.03;78027.63
10:04:59.537141,Price 50504.1,RoundedBN 50500.0,BNpremium 1215.0000000000014 50500,SkewDiff 397.6500244140625,NiftyPremium 135.6 23650,FNPremium 226.40000000000074 23150,BankexPremium 118358.38 57700,SensexPremium 449.7600000000035 78000,ATRAndEMAInfos |BANKNIFTY:1.67:-2.86|NIFTY:1.36:-4.32|FINNIFTY:1.70:-2.68|BANKEX:1.69:-2.57|Sensex:1.33:-3.75,IndexPrices 50531.7;50559.55;50500.6;50500.6:23657.65;23675.6;23653.4;23653.85:23350.35;23364.8;23340.05;23340.05:57699.3;57724.13;57690.18;57690.18:78027.48;78053.66;78018.1;78018.1
10:05:59.537429,Price 50540.0,RoundedBN 50500.0,BNpremium 1199.95 50500,SkewDiff 475.60009765625,NiftyPremium 129.89999999999856 23650,FNPremium 210.70000000000002 23150,BankexPremium 118356.76999999999 57700,SensexPremium 443.8299999999988 78000,ATRAndEMAInfos |BANKNIFTY:1.67:-2.86|NIFTY:1.36:-4.32|FINNIFTY:1.70:-2.68|BANKEX:1.69:-2.57|Sensex:1.33:-3.75,IndexPrices 50499.25;50541.45;50493.65;50536.55:23653.15;23663.6;23653.15;23659.1:23340.3;23359.3;23338.1;23354.35:57690.18;57711.43;57686.49;57711.43:78019.09;78031.02;78017.82;78019.93
10:06:59.537665,Price 50514.95,RoundedBN 50500.0,BNpremium 1208.1500000000028 50500,SkewDiff 433.800048828125,NiftyPremium 126.50000000000074 23650,FNPremium 218.70000000000002 23150,BankexPremium 118364.01 57700,SensexPremium 423.16000000000054 78000,ATRAndEMAInfos |BANKNIFTY:1.67:-2.86|NIFTY:1.36:-4.32|FINNIFTY:1.70:-2.68|BANKEX:1.69:-2.57|Sensex:1.33:-3.75,IndexPrices 50535.85;50548.9;50511.85;50514.25:23659.5;23662.95;23649.1;23654.85:23353.95;23360.6;23344.4;23347.0:57711.43;57716.29;57695.41;57695.41:78014.72;78024.0;78005.37;78013.63
10:07:59.537723,Price 50501.55,RoundedBN 50500.0,BNpremium 1230.749999999997 50500,SkewDiff 465.1500244140625,NiftyPremium 128.69999999999928 23650,FNPremium 228.4999999999993 23150,BankexPremium 118348.98 57700,SensexPremium 434.29000000000235 78000,ATRAndEMAInfos |BANKNIFTY:1.67:-2.86|NIFTY:1.36:-4.32|FINNIFTY:1.70:-2.68|BANKEX:1.69:-2.57|Sensex:1.33:-3.75,IndexPrices 50514.95;50528.65;50493.75;50504.2:23657.2;23659.7;23640.9;23648.3:23348.0;23350.3;23332.45;23337.45:57695.81;57697.12;57666.26;57681.25:78014.39;78015.83;77977.6;77991.07
10:08:59.537799,Price 50489.95,RoundedBN 50500.0,BNpremium 1212.649999999997 50500,SkewDiff 438.550048828125,NiftyPremium 115.45 23650,FNPremium 235.10000000000147 23150,BankexPremium 118319.4 57600,SensexPremium 388.1000000000058 78000,ATRAndEMAInfos |BANKNIFTY:1.67:-2.86|NIFTY:1.36:-4.32|FINNIFTY:1.70:-2.68|BANKEX:1.69:-2.57|Sensex:1.33:-3.75,IndexPrices 50505.25;50509.9;50466.2;50490.25:23645.85;23648.7;23634.35;23640.8:23338.2;23340.7;23322.2;23331.85:57680.78;57681.74;57628.89;57646.81:77990.44;77991.95;77943.08;77949.49
10:09:59.538012,Price 50471.5,RoundedBN 50500.0,BNpremium 1199.8000000000002 50500,SkewDiff 461.8499755859375,NiftyPremium 107.74999999999855 23650,FNPremium 241.2499999999993 23150,BankexPremium 118342.26 57600,SensexPremium 377.7499999999971 77900,ATRAndEMAInfos |BANKNIFTY:1.67:-2.86|NIFTY:1.36:-4.32|FINNIFTY:1.70:-2.68|BANKEX:1.69:-2.57|Sensex:1.33:-3.75,IndexPrices 50490.0;50492.1;50457.9;50473.8:23640.95;23641.3;23629.75;23633.5:23331.6;23335.0;23319.45;23326.9:57648.8;57651.56;57625.94;57625.94:77951.85;77952.14;77928.96;77928.96
10:10:59.537162,Price 50440.75,RoundedBN 50400.0,BNpremium 1179.7 50400,SkewDiff 383.5999755859375,NiftyPremium 97.80000000000001 23650,FNPremium 254.15000000000074 23150,BankexPremium 118360.72 57600,SensexPremium 402.95000000000584 77900,ATRAndEMAInfos |BANKNIFTY:1.67:-2.86|NIFTY:1.36:-4.32|FINNIFTY:1.70:-2.68|BANKEX:1.69:-2.57|Sensex:1.33:-3.75,IndexPrices 50469.85;50476.2;50444.15;50448.55:23633.1;23636.9;23622.5;23624.45:23325.45;23328.55;23312.85;23312.85:57626.47;57631.75;57607.84;57608.26:77929.05;77931.19;77895.59;77897.2
10:11:59.536898,Price 50433.0,RoundedBN 50400.0,BNpremium 1203.1999999999998 50400,SkewDiff 427.199951171875,NiftyPremium 93.44999999999854 23600,FNPremium 257.0499999999986 23150,BankexPremium 118354.67 57600,SensexPremium 371.99000000000524 77900,ATRAndEMAInfos |BANKNIFTY:1.67:-2.86|NIFTY:1.36:-4.32|FINNIFTY:1.70:-2.68|BANKEX:1.69:-2.57|Sensex:1.33:-3.75,IndexPrices 50447.15;50447.15;50404.75;50426.75:23625.4;23625.4;23613.55;23617.2:23315.25;23315.25;23298.2;23309.8:57608.01;57608.01;57559.46;57586.19:77897.6;77897.6;77865.18;77879.1
10:12:59.537925,Price 50468.3,RoundedBN 50500.0,BNpremium 1190.300000000003 50500,SkewDiff 429.0,NiftyPremium 94.0 23650,FNPremium 242.95000000000002 23150,BankexPremium 118348.95 57600,SensexPremium 361.7299999999959 77900,ATRAndEMAInfos |BANKNIFTY:1.67:-2.86|NIFTY:1.36:-4.32|FINNIFTY:1.70:-2.68|BANKEX:1.69:-2.57|Sensex:1.33:-3.75,IndexPrices 50431.65;50476.0;50427.15;50472.4:23617.95;23627.2;23616.9;23624.2:23311.45;23326.1;23309.65;23325.7:57586.47;57616.56;57585.94;57616.56:77878.99;77895.82;77870.6;77892.93
10:13:59.537992,Price 50488.6,RoundedBN 50500.0,BNpremium 1216.0499999999986 50500,SkewDiff 461.0999755859375,NiftyPremium 96.60000000000144 23650,FNPremium 237.20000000000002 23150,BankexPremium 118327.61 57600,SensexPremium 339.6599999999977 77900,ATRAndEMAInfos |BANKNIFTY:1.67:-2.86|NIFTY:1.36:-4.32|FINNIFTY:1.70:-2.68|BANKEX:1.69:-2.57|Sensex:1.33:-3.75,IndexPrices 50462.45;50495.75;50462.45;50490.15:23623.15;23633.8;23623.15;23630.65:23321.15;23333.65;23321.15;23330.3:57619.25;57646.59;57619.25;57640.59:77893.23;77918.3;77892.7;77916.22
10:14:59.537135,Price 50469.25,RoundedBN 50500.0,BNpremium 1195.5 50500,SkewDiff 418.050048828125,NiftyPremium 82.10000000000144 23600,FNPremium 246.4999999999993 23150,BankexPremium 118347.9 57600,SensexPremium 315.12000000000114 77900,ATRAndEMAInfos |BANKNIFTY:1.67:-2.86|NIFTY:1.36:-4.32|FINNIFTY:1.70:-2.68|BANKEX:1.69:-2.57|Sensex:1.33:-3.75,IndexPrices 50490.15;50490.4;50455.65;50467.75:23630.7;23631.15;23612.85;23616.0:23330.25;23330.75;23315.05;23319.9:57640.59;57640.59;57607.84;57619.2:77915.19;77916.5;77863.22;77865.0
10:15:59.537155,Price 50482.25,RoundedBN 50500.0,BNpremium 1207.65 50500,SkewDiff 420.300048828125,NiftyPremium 79.5 23600,FNPremium 239.85000000000147 23150,BankexPremium 118320.34 57700,SensexPremium 296.0399999999994 77900,ATRAndEMAInfos |BANKNIFTY:1.67:-2.86|NIFTY:1.36:-4.32|FINNIFTY:1.70:-2.68|BANKEX:1.69:-2.57|Sensex:1.33:-3.75,IndexPrices 50469.8;50490.9;50448.15;50488.75:23616.5;23618.05;23609.3;23616.5:23319.0;23329.75;23313.05;23328.6:57620.3;57653.68;57603.29;57652.14:77865.72;77868.84;77847.66;77867.51
10:16:59.537255,Price 50467.75,RoundedBN 50500.0,BNpremium 1190.6 50500,SkewDiff 391.25,NiftyPremium 82.45000000000147 23600,FNPremium 249.70000000000002 23150,BankexPremium 118353.51 57600,SensexPremium 273.9900000000023 77800,ATRAndEMAInfos |BANKNIFTY:1.67:-2.86|NIFTY:1.36:-4.32|FINNIFTY:1.70:-2.68|BANKEX:1.69:-2.57|Sensex:1.33:-3.75,IndexPrices 50488.7;50488.7;50447.05;50461.0:23616.3;23618.05;23608.15;23612.75:23328.8;23328.8;23307.8;23314.4:57652.14;57657.24;57604.46;57613.11:77863.64;77870.62;77836.35;77842.09
10:17:59.537467,Price 50475.2,RoundedBN 50500.0,BNpremium 1199.8999999999971 50500,SkewDiff 404.7501220703125,NiftyPremium 85.74999999999928 23600,FNPremium 251.04999999999856 23150,BankexPremium 118337.54999999999 57600,SensexPremium 289.9800000000017 77800,ATRAndEMAInfos |BANKNIFTY:1.67:-2.86|NIFTY:1.36:-4.32|FINNIFTY:1.70:-2.68|BANKEX:1.69:-2.57|Sensex:1.33:-3.75,IndexPrices 50462.3;50480.55;50442.85;50472.35:23613.65;23618.5;23602.6;23613.05:23315.05;23322.6;23304.55;23314.9:57614.69;57633.49;57608.41;57630.65:77841.31;77864.78;77818.67;77833.34
10:18:59.537605,Price 50472.85,RoundedBN 50500.0,BNpremium 1195.9999999999986 50500,SkewDiff 392.8499755859375,NiftyPremium 82.99999999999926 23600,FNPremium 250.95000000000002 23150,BankexPremium 118338.07 57600,SensexPremium 273.9799999999988 77800,ATRAndEMAInfos |BANKNIFTY:1.67:-2.86|NIFTY:1.36:-4.32|FINNIFTY:1.70:-2.68|BANKEX:1.69:-2.57|Sensex:1.33:-3.75,IndexPrices 50479.35;50481.2;50453.5;50471.85:23612.35;23614.7;23601.65;23611.0:23318.25;23319.7;23304.9;23314.8:57630.65;57631.18;57609.51;57629.61:77830.92;77842.94;77818.5;77840.92
10:19:59.537475,Price 50449.15,RoundedBN 50400.0,BNpremium 1181.8499999999985 50400,SkewDiff 403.75,NiftyPremium 90.69999999999854 23600,FNPremium 260.6500000000008 23150,BankexPremium 118357.48999999999 57600,SensexPremium 291.4499999999971 77800,ATRAndEMAInfos |BANKNIFTY:1.67:-2.86|NIFTY:1.36:-4.32|FINNIFTY:1.70:-2.68|BANKEX:1.69:-2.57|Sensex:1.33:-3.75,IndexPrices 50476.1;50476.1;50442.45;50452.4:23610.95;23612.2;23600.75;23603.55:23316.5;23316.85;23304.75;23308.65:57630.13;57635.84;57599.4;57609.26:77842.22;77845.31;77810.79;77816.3
10:20:59.537554,Price 50476.4,RoundedBN 50500.0,BNpremium 1194.2500000000014 50500,SkewDiff 369.6500244140625,NiftyPremium 84.50000000000145 23600,FNPremium 250.9999999999993 23150,BankexPremium 118332.82999999999 57600,SensexPremium 288.7700000000012 77800,ATRAndEMAInfos |BANKNIFTY:1.67:-2.86|NIFTY:1.36:-4.32|FINNIFTY:1.70:-2.68|BANKEX:1.69:-2.57|Sensex:1.33:-3.75,IndexPrices 50449.25;50475.85;50445.25;50473.5:23602.75;23610.15;23599.3;23606.15:23307.2;23317.45;23306.05;23314.9:57610.71;57637.58;57607.87;57635.37:77817.05;77826.42;77810.19;77813.2
10:21:59.537626,Price 50491.5,RoundedBN 50500.0,BNpremium 1207.7 50500,SkewDiff 470.050048828125,NiftyPremium 80.99999999999926 23600,FNPremium 245.29999999999856 23150,BankexPremium 118329.04999999999 57700,SensexPremium 253.9499999999971 77900,ATRAndEMAInfos |BANKNIFTY:1.67:-2.86|NIFTY:1.36:-4.32|FINNIFTY:1.70:-2.68|BANKEX:1.69:-2.57|Sensex:1.33:-3.75,IndexPrices 50473.7;50518.45;50469.15;50492.45:23606.95;23621.65;23604.85;23607.85:23314.8;23334.8;23313.8;23321.85:57635.37;57669.36;57635.37;57662.26:77816.53;77857.59;77814.76;77843.98
10:22:59.537438,Price 50527.6,RoundedBN 50500.0,BNpremium 1192.7000000000016 50500,SkewDiff 424.949951171875,NiftyPremium 77.14999999999927 23600,FNPremium 228.40000000000074 23150,BankexPremium 118358.76999999999 57700,SensexPremium 255.72999999999303 77900,ATRAndEMAInfos |BANKNIFTY:1.67:-2.86|NIFTY:1.36:-4.32|FINNIFTY:1.70:-2.68|BANKEX:1.69:-2.57|Sensex:1.33:-3.75,IndexPrices 50491.5;50528.6;50486.4;50523.3:23608.65;23612.8;23600.3;23612.0:23321.35;23339.25;23320.45;23337.25:57660.85;57691.61;57651.14;57689.02:77843.7;77845.02;77813.86;77845.02
10:23:59.537626,Price 50538.4,RoundedBN 50500.0,BNpremium 1184.7999999999986 50500,SkewDiff 450.1500244140625,NiftyPremium 73.85000000000144 23650,FNPremium 223.35000000000147 23150,BankexPremium 118361.32 57700,SensexPremium 278.8999999999971 77900,ATRAndEMAInfos |BANKNIFTY:1.67:-2.86|NIFTY:1.36:-4.32|FINNIFTY:1.70:-2.68|BANKEX:1.69:-2.57|Sensex:1.33:-3.75,IndexPrices 50527.65;50544.5;50525.25;50544.5:23612.0;23619.65;23611.3;23619.65:23339.6;23347.3;23338.05;23347.3:57690.57;57708.81;57688.82;57704.57:77847.18;77863.17;77840.64;77862.53
10:24:59.537720,Price 50514.8,RoundedBN 50500.0,BNpremium 1208.699999999997 50500,SkewDiff 415.35009765625,NiftyPremium 81.75000000000072 23600,FNPremium 233.60000000000147 23150,BankexPremium 118334.03 57700,SensexPremium 263.48999999999944 77800,ATRAndEMAInfos |BANKNIFTY:1.67:-2.86|NIFTY:1.36:-4.32|FINNIFTY:1.70:-2.68|BANKEX:1.69:-2.57|Sensex:1.33:-3.75,IndexPrices 50537.35;50540.45;50508.75;50512.05:23615.9;23617.05;23605.8;23607.25:23344.4;23344.4;23329.55;23332.6:57705.05;57707.23;57665.99;57665.99:77859.45;77859.45;77823.73;77828.61
10:25:59.537884,Price 50495.5,RoundedBN 50500.0,BNpremium 1215.3000000000002 50500,SkewDiff 456.0999755859375,NiftyPremium 81.55000000000146 23600,FNPremium 244.20000000000002 23150,BankexPremium 118320.07999999999 57600,SensexPremium 280.52999999999884 77800,ATRAndEMAInfos |BANKNIFTY:1.67:-2.86|NIFTY:1.36:-4.32|FINNIFTY:1.70:-2.68|BANKEX:1.69:-2.57|Sensex:1.33:-3.75,IndexPrices 50515.75;50536.75;50478.25;50494.45:23605.8;23607.75;23587.55;23593.35:23333.95;23340.4;23313.7;23322.2:57665.31;57685.2;57645.86;57645.86:77829.33;77829.33;77791.93;77792.77
10:26:59.538004,Price 50521.65,RoundedBN 50500.0,BNpremium 1200.1499999999985 50500,SkewDiff 464.9500732421875,NiftyPremium 83.10000000000073 23600,FNPremium 230.95000000000002 23150,BankexPremium 118354.82 57700,SensexPremium 258.1999999999971 77800,ATRAndEMAInfos |BANKNIFTY:1.67:-2.86|NIFTY:1.36:-4.32|FINNIFTY:1.70:-2.68|BANKEX:1.69:-2.57|Sensex:1.33:-3.75,IndexPrices 50489.3;50528.1;50489.3;50518.0:23594.0;23608.65;23594.0;23602.65:23322.2;23338.35;23321.45;23334.0:57646.92;57692.08;57646.92;57686.37:77792.78;77827.1;77789.55;77819.47
10:27:59.537053,Price 50497.25,RoundedBN 50500.0,BNpremium 1216.6999999999998 50500,SkewDiff 468.1500244140625,NiftyPremium 78.74999999999855 23600,FNPremium 241.85000000000147 23150,BankexPremium 118323.76999999999 57700,SensexPremium 255.27000000000697 77800,ATRAndEMAInfos |BANKNIFTY:1.67:-2.86|NIFTY:1.36:-4.32|FINNIFTY:1.70:-2.68|BANKEX:1.69:-2.57|Sensex:1.33:-3.75,IndexPrices 50521.95;50536.35;50489.35;50496.75:23603.15;23607.65;23586.75;23590.1:23336.0;23341.9;23321.75;23324.6:57687.4;57702.28;57661.8;57661.8:77822.56;77828.23;77786.05;77786.05
10:28:59.537180,Price 50499.65,RoundedBN 50500.0,BNpremium 1223.6500000000015 50500,SkewDiff 415.8499755859375,NiftyPremium 82.79999999999855 23600,FNPremium 237.54999999999856 23150,BankexPremium 118347.93 57700,SensexPremium 265.379999999993 77800,ATRAndEMAInfos |BANKNIFTY:1.67:-2.86|NIFTY:1.36:-4.32|FINNIFTY:1.70:-2.68|BANKEX:1.69:-2.57|Sensex:1.33:-3.75,IndexPrices 50498.15;50507.15;50486.4;50500.65:23589.35;23599.05;23589.35;23597.05:23324.9;23333.4;23322.35;23330.6:57657.12;57685.36;57655.23;57680.73:77780.07;77820.74;77780.07;77816.75
10:29:59.537392,Price 50483.1,RoundedBN 50500.0,BNpremium 1197.3999999999985 50500,SkewDiff 432.7498779296875,NiftyPremium 74.55000000000072 23600,FNPremium 244.04999999999856 23150,BankexPremium 118334.04 57600,SensexPremium 238.97999999999303 77800,ATRAndEMAInfos |BANKNIFTY:1.67:-2.86|NIFTY:1.36:-4.32|FINNIFTY:1.70:-2.68|BANKEX:1.69:-2.57|Sensex:1.33:-3.75,IndexPrices 50500.0;50500.0;50472.15;50481.15:23596.9;23596.9;23586.2;23588.3:23329.9;23329.9;23318.75;23322.05:57679.73;57679.73;57625.3;57634.16:77816.32;77816.32;77751.88;77762.7
10:30:59.537489,Price 50486.0,RoundedBN 50500.0,BNpremium 1203.75 50500,SkewDiff 409.7501220703125,NiftyPremium 87.7 23600,FNPremium 241.65000000000074 23150,BankexPremium 118322.65 57600,SensexPremium 270.66999999999535 77800,ATRAndEMAInfos |BANKNIFTY:1.67:-2.86|NIFTY:1.36:-4.32|FINNIFTY:1.70:-2.68|BANKEX:1.69:-2.57|Sensex:1.33:-3.75,IndexPrices 50481.9;50491.4;50468.5;50487.65:23588.0;23602.8;23585.05;23599.9:23322.65;23328.0;23317.6;23326.25:57634.16;57659.78;57631.61;57645.55:77762.43;77822.18;77759.72;77803.98
10:31:59.537573,Price 50509.2,RoundedBN 50500.0,BNpremium 1208.4000000000028 50500,SkewDiff 416.650146484375,NiftyPremium 85.05000000000072 23600,FNPremium 234.10000000000147 23150,BankexPremium 118320.45999999999 57700,SensexPremium 263.4400000000052 77800,ATRAndEMAInfos |BANKNIFTY:1.67:-2.86|NIFTY:1.36:-4.32|FINNIFTY:1.70:-2.68|BANKEX:1.69:-2.57|Sensex:1.33:-3.75,IndexPrices 50486.45;50515.85;50476.85;50507.0:23599.35;23607.0;23597.15;23599.15:23325.65;23337.9;23321.75;23330.85:57645.55;57659.61;57640.18;57651.73:77799.87;77816.02;77776.01;77803.15
10:32:59.537766,Price 50517.1,RoundedBN 50500.0,BNpremium 1202.6000000000015 50500,SkewDiff 419.8499755859375,NiftyPremium 82.25000000000074 23600,FNPremium 227.85000000000147 23150,BankexPremium 118336.75 57700,SensexPremium 248.33000000000465 77800,ATRAndEMAInfos |BANKNIFTY:1.67:-2.86|NIFTY:1.36:-4.32|FINNIFTY:1.70:-2.68|BANKEX:1.69:-2.57|Sensex:1.33:-3.75,IndexPrices 50507.0;50523.6;50497.3;50512.4:23599.8;23607.4;23596.5;23604.05:23331.3;23341.95;23328.55;23336.7:57652.26;57684.75;57652.26;57666.14:77804.51;77833.14;77801.38;77822.89
10:33:59.537854,Price 50493.8,RoundedBN 50500.0,BNpremium 1211.500000000003 50500,SkewDiff 454.449951171875,NiftyPremium 88.90000000000073 23600,FNPremium 238.60000000000147 23150,BankexPremium 118320.73999999999 57600,SensexPremium 272.3999999999942 77800,ATRAndEMAInfos |BANKNIFTY:1.67:-2.86|NIFTY:1.36:-4.32|FINNIFTY:1.70:-2.68|BANKEX:1.69:-2.57|Sensex:1.33:-3.75,IndexPrices 50517.85;50521.5;50495.05;50495.05:23605.15;23608.7;23598.95;23599.4:23339.15;23341.45;23329.0;23329.5:57668.55;57673.2;57648.91;57650.69:77828.12;77830.75;77790.13;77794.45
10:34:59.537968,Price 50441.75,RoundedBN 50400.0,BNpremium 1177.9 50400,SkewDiff 419.2000732421875,NiftyPremium 81.14999999999854 23600,FNPremium 257.20000000000005 23150,BankexPremium 118357.12 57600,SensexPremium 270.66999999999825 77800,ATRAndEMAInfos |BANKNIFTY:1.67:-2.86|NIFTY:1.36:-4.32|FINNIFTY:1.70:-2.68|BANKEX:1.69:-2.57|Sensex:1.33:-3.75,IndexPrices 50499.7;50499.7;50434.3;50439.7:23599.1;23607.65;23595.8;23606.55:23331.4;23331.4;23304.4;23308.1:57647.46;57658.73;57587.65;57588.92:77792.9;77806.68;77784.22;77796.13
10:35:59.537016,Price 50392.5,RoundedBN 50400.0,BNpremium 1216.35 50400,SkewDiff 448.699951171875,NiftyPremium 80.89999999999927 23600,FNPremium 280.2499999999993 23150,BankexPremium 118325.03 57500,SensexPremium 253.93999999999357 77800,ATRAndEMAInfos |BANKNIFTY:1.67:-2.86|NIFTY:1.36:-4.32|FINNIFTY:1.70:-2.68|BANKEX:1.69:-2.57|Sensex:1.33:-3.75,IndexPrices 50441.45;50442.55;50354.85;50387.2:23607.95;23610.9;23596.2;23597.3:23309.65;23309.85;23275.9;23284.4:57588.92;57588.92;57508.21;57543.17:77795.67;77802.96;77763.1;77783.89
10:36:59.537100,Price 50388.45,RoundedBN 50400.0,BNpremium 1210.549999999997 50400,SkewDiff 379.9500732421875,NiftyPremium 79.39999999999854 23600,FNPremium 276.4000000000008 23150,BankexPremium 118347.51 57500,SensexPremium 243.28000000000173 77800,ATRAndEMAInfos |BANKNIFTY:1.67:-2.86|NIFTY:1.36:-4.32|FINNIFTY:1.70:-2.68|BANKEX:1.69:-2.57|Sensex:1.33:-3.75,IndexPrices 50389.4;50405.2;50366.7;50388.85:23597.3;23601.5;23592.65;23599.75:23284.85;23296.05;23281.5;23291.4:57543.17;57549.58;57516.78;57520.22:77783.04;77787.29;77766.72;77784.4
10:37:59.537154,Price 50359.0,RoundedBN 50400.0,BNpremium 1189.0 50400,SkewDiff 326.800048828125,NiftyPremium 69.75 23600,FNPremium 292.6000000000015 23150,BankexPremium 118360.57 57500,SensexPremium 237.36000000000058 77800,ATRAndEMAInfos |BANKNIFTY:1.67:-2.86|NIFTY:1.36:-4.32|FINNIFTY:1.70:-2.68|BANKEX:1.69:-2.57|Sensex:1.33:-3.75,IndexPrices 50388.65;50394.7;50353.9;50354.15:23599.4;23606.95;23590.2;23590.2:23291.0;23292.7;23273.15;23273.15:57520.69;57528.96;57508.81;57508.81:77784.08;77794.29;77776.87;77778.45
10:38:59.537277,Price 50337.25,RoundedBN 50300.0,BNpremium 1197.7 50300,SkewDiff 418.300048828125,NiftyPremium 78.50000000000145 23600,FNPremium 297.7999999999986 23150,BankexPremium 118350.89 57500,SensexPremium 245.08000000000467 77800,ATRAndEMAInfos |BANKNIFTY:1.67:-2.86|NIFTY:1.36:-4.32|FINNIFTY:1.70:-2.68|BANKEX:1.69:-2.57|Sensex:1.33:-3.75,IndexPrices 50352.35;50359.0;50301.7;50338.15:23591.3;23597.6;23581.0;23595.35:23272.05;23275.65;23253.7;23269.55:57507.64;57507.64;57445.96;57480.84:77776.55;77780.15;77731.81;77779.22
10:39:59.537450,Price 50314.6,RoundedBN 50300.0,BNpremium 1225.3000000000015 50300,SkewDiff 367.0499267578125,NiftyPremium 70.24999999999928 23600,FNPremium 311.1500000000008 23150,BankexPremium 118344.26999999999 57400,SensexPremium 274.3299999999988 77700,ATRAndEMAInfos |BANKNIFTY:1.67:-2.86|NIFTY:1.36:-4.32|FINNIFTY:1.70:-2.68|BANKEX:1.69:-2.57|Sensex:1.33:-3.75,IndexPrices 50338.3;50341.1;50297.75;50309.4:23595.95;23597.15;23567.9;23573.95:23269.95;23271.05;23249.75;23252.8:57482.69;57482.69;57423.93;57423.93:77780.13;77781.13;77697.6;77698.65
10:40:59.537618,Price 50288.75,RoundedBN 50300.0,BNpremium 1220.7 50300,SkewDiff 405.2999267578125,NiftyPremium 58.849999999998545 23600,FNPremium 322.2499999999993 23150,BankexPremium 118354.12 57400,SensexPremium 273.58999999999355 77700,ATRAndEMAInfos |BANKNIFTY:1.67:-2.86|NIFTY:1.36:-4.32|FINNIFTY:1.70:-2.68|BANKEX:1.69:-2.57|Sensex:1.33:-3.75,IndexPrices 50314.15;50315.25;50258.25;50284.7:23573.2;23574.6;23568.75;23570.85:23254.8;23256.6;23232.5;23242.15:57423.93;57429.4;57382.0;57411.48:77699.76;77709.33;77679.62;77700.26
10:41:59.537763,Price 50325.0,RoundedBN 50300.0,BNpremium 1212.15 50300,SkewDiff 368.050048828125,NiftyPremium 71.6 23600,FNPremium 308.6500000000008 23150,BankexPremium 118324.07 57400,SensexPremium 239.9499999999971 77700,ATRAndEMAInfos |BANKNIFTY:1.67:-2.86|NIFTY:1.36:-4.32|FINNIFTY:1.70:-2.68|BANKEX:1.69:-2.57|Sensex:1.33:-3.75,IndexPrices 50286.95;50328.45;50284.85;50322.1:23571.65;23590.0;23571.35;23586.75:23243.45;23260.2;23243.45;23257.6:57414.08;57450.96;57413.54;57450.96:77701.71;77737.35;77700.15;77735.7
10:42:59.537865,Price 50276.25,RoundedBN 50300.0,BNpremium 1212.25 50300,SkewDiff 385.9500732421875,NiftyPremium 66.84999999999927 23600,FNPremium 327.6500000000008 23150,BankexPremium 118360.76999999999 57400,SensexPremium 250.04000000000235 77700,ATRAndEMAInfos |BANKNIFTY:1.67:-2.86|NIFTY:1.36:-4.32|FINNIFTY:1.70:-2.68|BANKEX:1.69:-2.57|Sensex:1.33:-3.75,IndexPrices 50322.85;50328.1;50280.45;50281.2:23586.0;23589.4;23581.45;23581.45:23257.7;23260.7;23240.85;23241.35:57444.13;57449.03;57403.5;57403.5:77733.3;77740.54;77718.69;77724.12
