14:01:05.914091,DeltaHedging_BN::NRML
14:01:05.918688200,DeltaHedging_Nifty::NRML
14:01:05.924624,DeltaHedging_FN::NRML
14:01:05.925641300,DeltaHedging_BankEx::NRML
14:01:05.926636200,DeltaHedging_Sensex::NRML
14:01:25.907342100,DeltaHedging_BN::NRML
14:01:25.909090100,DeltaHedging_Nifty::NRML
14:01:25.909596500,DeltaHedging_FN::NRML
14:01:25.911385,DeltaHedging_BankEx::NRML
14:01:25.912448500,DeltaHedging_Sensex::NRML
14:01:45.909138200,DeltaHedging_BN::NRML
14:01:45.911131800,DeltaHedging_Nifty::NRML
14:01:45.914124900,DeltaHedging_FN::NRML
14:01:45.916949,DeltaHedging_BankEx::NRML
14:01:45.917946500,DeltaHedging_Sensex::NRML
14:02:05.907808900,DeltaHedging_BN::NRML
14:02:05.908833900,DeltaHedging_Nifty::NRML
14:02:05.917328800,DeltaHedging_FN::NRML
14:02:05.917328800,DeltaHedging_BankEx::NRML
14:02:05.918320400,DeltaHedging_Sensex::NRML
14:02:25.906622100,DeltaHedging_BN::NRML
14:02:25.907619600,DeltaHedging_Nifty::NRML
14:02:25.908748300,DeltaHedging_FN::NRML
14:02:25.912332600,DeltaHedging_BankEx::NRML
14:02:25.913330,DeltaHedging_Sensex::NRML
14:02:45.906545200,DeltaHedging_BN::NRML
14:02:45.907541400,DeltaHedging_Nifty::NRML
14:02:45.909599200,DeltaHedging_FN::NRML
14:02:45.910936400,DeltaHedging_BankEx::NRML
14:02:45.911888,DeltaHedging_Sensex::NRML
14:03:05.919094900,DeltaHedging_BN:BANKNIFTY24NOVFUT Valar>0 Uday>0;:NRML
14:03:05.929706700,DeltaHedging_Nifty::NRML
14:03:05.932947400,DeltaHedging_FN::NRML
14:03:05.933950400,DeltaHedging_BankEx::NRML
14:03:05.933950400,DeltaHedging_Sensex::NRML
14:03:25.908142400,DeltaHedging_BN:BANKNIFTY24NOVFUT Valar>0 Uday>0;:NRML
14:03:25.910136500,DeltaHedging_Nifty::NRML
14:03:25.911134400,DeltaHedging_FN::NRML
14:03:25.911134400,DeltaHedging_BankEx::NRML
14:03:25.912639400,DeltaHedging_Sensex::NRML
14:03:45.906675700,DeltaHedging_BN:BANKNIFTY24NOVFUT Valar>0 Uday>0;:NRML
14:03:45.908964,DeltaHedging_Nifty::NRML
14:03:45.910077500,DeltaHedging_FN::NRML
14:03:45.910077500,DeltaHedging_BankEx::NRML
14:03:45.911057500,DeltaHedging_Sensex::NRML
14:04:05.956925900,DeltaHedging_BN:BANKNIFTY24NOVFUT Valar>0 Uday>0;:NRML
14:04:05.963424100,DeltaHedging_Nifty::NRML
14:04:05.964421300,DeltaHedging_FN::NRML
14:04:05.966847600,DeltaHedging_BankEx::NRML
14:04:05.967840700,DeltaHedging_Sensex::NRML
14:04:25.906852200,DeltaHedging_BN:BANKNIFTY24NOVFUT Valar>0 Uday>0;:NRML
14:04:25.908854500,DeltaHedging_Nifty::NRML
14:04:25.909825200,DeltaHedging_FN::NRML
14:04:25.909825200,DeltaHedging_BankEx::NRML
14:04:25.910823500,DeltaHedging_Sensex::NRML
14:04:45.907546,DeltaHedging_BN:BANKNIFTY24NOVFUT Valar>0 Uday>0;:NRML
14:04:45.911276200,DeltaHedging_Nifty::NRML
14:04:45.911276200,DeltaHedging_FN::NRML
14:04:45.912268300,DeltaHedging_BankEx::NRML
14:04:45.913266,DeltaHedging_Sensex::NRML
14:05:05.907759800,DeltaHedging_BN:BANKNIFTY24NOVFUT Valar>0 Uday>0;:NRML
14:05:05.925711700,DeltaHedging_Nifty::NRML
14:05:05.935551100,DeltaHedging_FN::NRML
14:05:05.937975100,DeltaHedging_BankEx::NRML
14:05:05.938968300,DeltaHedging_Sensex::NRML
14:05:25.907475700,DeltaHedging_BN:BANKNIFTY24NOVFUT Valar>0 Uday>0;:NRML
14:05:25.909045100,DeltaHedging_Nifty::NRML
14:05:25.910373,DeltaHedging_FN::NRML
14:05:25.910373,DeltaHedging_BankEx::NRML
14:05:25.911365500,DeltaHedging_Sensex::NRML
14:05:45.906729300,DeltaHedging_BN:BANKNIFTY24NOVFUT Valar>0 Uday>0;:NRML
14:05:45.909170700,DeltaHedging_Nifty::NRML
14:05:45.909170700,DeltaHedging_FN::NRML
14:05:45.910163800,DeltaHedging_BankEx::NRML
14:05:45.910163800,DeltaHedging_Sensex::NRML
14:06:05.907872100,DeltaHedging_BN:BANKNIFTY24NOVFUT Valar>0 Uday>0;:NRML
14:06:05.916237300,DeltaHedging_Nifty::NRML
14:06:05.917236300,DeltaHedging_FN::NRML
14:06:05.918232600,DeltaHedging_BankEx::NRML
14:06:05.937626700,DeltaHedging_Sensex::NRML
14:06:25.907412200,DeltaHedging_BN:BANKNIFTY24NOVFUT Valar>0 Uday>0;:NRML
14:06:25.911713800,DeltaHedging_Nifty::NRML
14:06:25.914693600,DeltaHedging_FN::NRML
14:06:25.916689300,DeltaHedging_BankEx::NRML
14:06:25.917685800,DeltaHedging_Sensex::NRML
14:06:45.907307900,DeltaHedging_BN:BANKNIFTY24NOVFUT Valar>0 Uday>0;:NRML
14:06:45.911295600,DeltaHedging_Nifty::NRML
14:06:45.912291600,DeltaHedging_FN::NRML
14:06:45.913288800,DeltaHedging_BankEx::NRML
14:06:45.916758,DeltaHedging_Sensex::NRML
14:07:05.916894500,DeltaHedging_BN:BANKNIFTY24NOVFUT Valar>0 Uday>0;:NRML
14:07:05.931047500,DeltaHedging_Nifty::NRML
14:07:05.933041700,DeltaHedging_FN::NRML
14:07:05.946302900,DeltaHedging_BankEx::NRML
14:07:05.947335500,DeltaHedging_Sensex::NRML
14:07:25.910995,DeltaHedging_BN:BANKNIFTY24NOVFUT Valar>0 Uday>0;:NRML
14:07:25.912988300,DeltaHedging_Nifty::NRML
14:07:25.916000900,DeltaHedging_FN::NRML
14:07:25.916979100,DeltaHedging_BankEx::NRML
14:07:25.916979100,DeltaHedging_Sensex::NRML
14:07:45.929890400,DeltaHedging_BN:BANKNIFTY24NOVFUT Valar>0 Uday>0;:NRML
14:07:45.963216200,DeltaHedging_Nifty::NRML
14:07:45.964212900,DeltaHedging_FN::NRML
14:07:45.972169800,DeltaHedging_BankEx::NRML
14:07:45.981869800,DeltaHedging_Sensex::NRML
14:08:05.906693700,DeltaHedging_BN:BANKNIFTY24NOVFUT Valar>0 Uday>0;:NRML
14:08:05.909851900,DeltaHedging_Nifty::NRML
14:08:05.911169400,DeltaHedging_FN::NRML
14:08:05.911687,DeltaHedging_BankEx::NRML
14:08:05.912678900,DeltaHedging_Sensex::NRML
14:08:25.907473900,DeltaHedging_BN:BANKNIFTY24NOVFUT Valar>0 Uday>0;:NRML
14:08:25.910024400,DeltaHedging_Nifty::NRML
14:08:25.911021700,DeltaHedging_FN::NRML
14:08:25.912019700,DeltaHedging_BankEx::NRML
14:08:25.912019700,DeltaHedging_Sensex::NRML
14:08:45.906792200,DeltaHedging_BN:BANKNIFTY24NOVFUT Valar>0 Uday>0;:NRML
14:08:45.908787500,DeltaHedging_Nifty::NRML
14:08:45.911503,DeltaHedging_FN::NRML
14:08:45.912023100,DeltaHedging_BankEx::NRML
14:08:45.913013800,DeltaHedging_Sensex::NRML
14:09:05.908272300,DeltaHedging_BN:BANKNIFTY24NOVFUT Valar>0 Uday>0;:NRML
14:09:05.911249100,DeltaHedging_Nifty::NRML
14:09:05.912245800,DeltaHedging_FN::NRML
14:09:05.912245800,DeltaHedging_BankEx::NRML
14:09:05.913243900,DeltaHedging_Sensex::NRML
14:09:25.906912500,DeltaHedging_BN:BANKNIFTY24NOVFUT Valar>0 Uday>0;:NRML
14:09:25.908752900,DeltaHedging_Nifty::NRML
14:09:25.910515500,DeltaHedging_FN::NRML
14:09:25.911555200,DeltaHedging_BankEx::NRML
14:09:25.911555200,DeltaHedging_Sensex::NRML
14:09:45.907850900,DeltaHedging_BN:BANKNIFTY24NOVFUT Valar>0 Uday>0;:NRML
14:09:45.909155600,DeltaHedging_Nifty::NRML
14:09:45.910826900,DeltaHedging_FN::NRML
14:09:45.911820200,DeltaHedging_BankEx::NRML
14:09:45.911820200,DeltaHedging_Sensex::NRML
14:10:05.907527700,DeltaHedging_BN:BANKNIFTY24NOVFUT Valar>0 Uday>0;:NRML
14:10:05.910896200,DeltaHedging_Nifty::NRML
14:10:05.958762200,DeltaHedging_FN::NRML
14:10:05.998861700,DeltaHedging_BankEx::NRML
14:10:06.018362500,DeltaHedging_Sensex::NRML
14:10:25.907187400,DeltaHedging_BN:BANKNIFTY24NOVFUT Valar>0 Uday>0;:NRML
14:10:25.908184700,DeltaHedging_Nifty::NRML
14:10:25.910180100,DeltaHedging_FN::NRML
14:10:25.910180100,DeltaHedging_BankEx::NRML
14:10:25.911177200,DeltaHedging_Sensex::NRML
14:10:45.906645400,DeltaHedging_BN:BANKNIFTY24NOVFUT Valar>0 Uday>0;:NRML
14:10:45.908075400,DeltaHedging_Nifty::NRML
14:10:45.908628,DeltaHedging_FN::NRML
14:10:45.909144600,DeltaHedging_BankEx::NRML
14:10:45.910139600,DeltaHedging_Sensex::NRML
14:11:05.906370800,DeltaHedging_BN:BANKNIFTY24NOVFUT Valar>0 Uday>0;:NRML
14:11:05.908241500,DeltaHedging_Nifty::NRML
14:11:05.909235,DeltaHedging_FN::NRML
14:11:05.909235,DeltaHedging_BankEx::NRML
14:11:05.911312100,DeltaHedging_Sensex::NRML
14:11:25.906629700,DeltaHedging_BN:BANKNIFTY24NOVFUT Valar>0 Uday>0;:NRML
14:11:25.908474400,DeltaHedging_Nifty::NRML
14:11:25.908474400,DeltaHedging_FN::NRML
14:11:25.910603900,DeltaHedging_BankEx::NRML
14:11:25.911122700,DeltaHedging_Sensex::NRML
14:11:45.906805800,DeltaHedging_BN:BANKNIFTY24NOVFUT Valar>0 Uday>0;:NRML
14:11:45.910798600,DeltaHedging_Nifty::NRML
14:11:45.911796500,DeltaHedging_FN::NRML
14:11:45.911796500,DeltaHedging_BankEx::NRML
14:11:45.912794200,DeltaHedging_Sensex::NRML
14:12:05.906843100,DeltaHedging_BN:BANKNIFTY24NOVFUT Valar>0 Uday>0;:NRML
14:12:05.907841200,DeltaHedging_Nifty::NRML
14:12:05.908839200,DeltaHedging_FN::NRML
14:12:05.909836300,DeltaHedging_BankEx::NRML
14:12:05.910832400,DeltaHedging_Sensex::NRML
14:12:25.906972600,DeltaHedging_BN:BANKNIFTY24NOVFUT Valar>0 Uday>0;:NRML
14:12:25.908967100,DeltaHedging_Nifty::NRML
14:12:25.910175,DeltaHedging_FN::NRML
14:12:25.911205800,DeltaHedging_BankEx::NRML
14:12:25.911934700,DeltaHedging_Sensex::NRML
14:12:45.907897,DeltaHedging_BN:BANKNIFTY24NOVFUT Valar>0 Uday>0;:NRML
14:12:46.560791800,DeltaHedging_Nifty::NRML
14:12:46.567349900,DeltaHedging_FN::NRML
14:12:46.674058,DeltaHedging_BankEx::NRML
14:12:46.688480500,DeltaHedging_Sensex::NRML
14:13:05.906643300,DeltaHedging_BN:BANKNIFTY24NOVFUT Valar>0 Uday>0;:NRML
14:13:06.042669900,DeltaHedging_Nifty::NRML
14:13:06.096693500,DeltaHedging_FN::NRML
14:13:06.172241800,DeltaHedging_BankEx::NRML
14:13:06.173240900,DeltaHedging_Sensex::NRML
14:13:25.906482300,DeltaHedging_BN:BANKNIFTY24NOVFUT Valar>0 Uday>0;:NRML
14:13:25.931168300,DeltaHedging_Nifty::NRML
14:13:25.932369300,DeltaHedging_FN::NRML
14:13:25.932888,DeltaHedging_BankEx::NRML
14:13:25.933879600,DeltaHedging_Sensex::NRML
14:13:45.906900,DeltaHedging_BN:BANKNIFTY24NOVFUT Valar>0 Uday>0;:NRML
14:13:45.911899200,DeltaHedging_Nifty::NRML
14:13:45.913052500,DeltaHedging_FN::NRML
14:13:45.914097300,DeltaHedging_BankEx::NRML
14:13:45.914615300,DeltaHedging_Sensex::NRML
14:14:05.907597600,DeltaHedging_BN:BANKNIFTY24NOVFUT Valar>0 Uday>0;:NRML
14:14:05.913780400,DeltaHedging_Nifty::NRML
14:14:05.913780400,DeltaHedging_FN::NRML
14:14:05.914778,DeltaHedging_BankEx::NRML
14:14:05.915863200,DeltaHedging_Sensex::NRML
14:14:25.916387900,DeltaHedging_BN:BANKNIFTY24NOVFUT Valar>0 Uday>0;:NRML
14:14:25.918153800,DeltaHedging_Nifty::NRML
14:14:25.918671900,DeltaHedging_FN::NRML
14:14:25.919663400,DeltaHedging_BankEx::NRML
14:14:25.920356900,DeltaHedging_Sensex::NRML
14:14:45.907670400,DeltaHedging_BN:BANKNIFTY24NOVFUT Valar>0 Uday>0;:NRML
14:14:45.909957,DeltaHedging_Nifty::NRML
14:14:45.910830300,DeltaHedging_FN::NRML
14:14:45.911365800,DeltaHedging_BankEx::NRML
14:14:45.912406200,DeltaHedging_Sensex::NRML
14:15:05.907406100,DeltaHedging_BN:BANKNIFTY24NOVFUT Valar>0 Uday>0;:NRML
14:15:05.911600700,DeltaHedging_Nifty::NRML
14:15:05.912648,DeltaHedging_FN::NRML
14:15:05.914629900,DeltaHedging_BankEx::NRML
14:15:05.915627200,DeltaHedging_Sensex::NRML
14:15:25.914612900,DeltaHedging_BN:BANKNIFTY24NOVFUT Valar>0 Uday>0;:NRML
14:15:25.923590400,DeltaHedging_Nifty::NRML
14:15:25.936783,DeltaHedging_FN::NRML
14:15:25.937628,DeltaHedging_BankEx::NRML
14:15:25.938177300,DeltaHedging_Sensex::NRML
14:15:45.906799200,DeltaHedging_BN:BANKNIFTY24NOVFUT Valar>0 Uday>0;:NRML
14:15:45.908584600,DeltaHedging_Nifty::NRML
14:15:45.910311500,DeltaHedging_FN::NRML
14:15:45.919436500,DeltaHedging_BankEx::NRML
14:15:45.922537100,DeltaHedging_Sensex::NRML
14:16:06.061326100,DeltaHedging_BN:BANKNIFTY24NOVFUT Valar>0 Uday>0;:NRML
14:16:06.084896100,DeltaHedging_Nifty::NRML
14:16:06.086890100,DeltaHedging_FN::NRML
14:16:06.088115800,DeltaHedging_BankEx::NRML
14:16:06.090624300,DeltaHedging_Sensex::NRML
14:16:25.906751800,DeltaHedging_BN:BANKNIFTY24NOVFUT Valar>0 Uday>0;:NRML
14:16:25.908645800,DeltaHedging_Nifty::NRML
14:16:25.909598900,DeltaHedging_FN::NRML
14:16:25.910596800,DeltaHedging_BankEx::NRML
14:16:25.910596800,DeltaHedging_Sensex::NRML
14:16:45.912525,DeltaHedging_BN:BANKNIFTY24NOVFUT Valar>0 Uday>0;:NRML
14:16:45.922565600,DeltaHedging_Nifty::NRML
14:16:45.925561600,DeltaHedging_FN::NRML
14:16:45.927515800,DeltaHedging_BankEx::NRML
14:16:45.930886700,DeltaHedging_Sensex::NRML
14:17:05.907498600,DeltaHedging_BN:BANKNIFTY24NOVFUT Valar>0 Uday>0;:NRML
14:17:05.911717300,DeltaHedging_Nifty::NRML
14:17:05.912498200,DeltaHedging_FN::NRML
14:17:05.913016200,DeltaHedging_BankEx::NRML
14:17:05.914005700,DeltaHedging_Sensex::NRML
14:17:26.016800100,DeltaHedging_BN:BANKNIFTY24NOVFUT Valar>0 Uday>0;:NRML
14:17:26.017321100,DeltaHedging_Nifty::NRML
14:17:26.019764400,DeltaHedging_FN::NRML
14:17:26.020944300,DeltaHedging_BankEx::NRML
14:17:26.021935800,DeltaHedging_Sensex::NRML
14:17:45.907781800,DeltaHedging_BN:BANKNIFTY24NOVFUT Valar>0 Uday>0;:NRML
14:17:45.910683200,DeltaHedging_Nifty::NRML
14:17:45.911680300,DeltaHedging_FN::NRML
14:17:45.912677500,DeltaHedging_BankEx::NRML
14:17:45.913673900,DeltaHedging_Sensex::NRML
14:18:05.906781600,DeltaHedging_BN:BANKNIFTY24NOVFUT Valar>0 Uday>0;:NRML
14:18:05.908414900,DeltaHedging_Nifty::NRML
14:18:05.909927700,DeltaHedging_FN::NRML
14:18:05.911777500,DeltaHedging_BankEx::NRML
14:18:05.912874100,DeltaHedging_Sensex::NRML
14:18:25.908254500,DeltaHedging_BN:BANKNIFTY24NOVFUT Valar>0 Uday>0;:NRML
14:18:25.910495500,DeltaHedging_Nifty::NRML
14:18:25.915446800,DeltaHedging_FN::NRML
14:18:25.916069900,DeltaHedging_BankEx::NRML
14:18:25.916591600,DeltaHedging_Sensex::NRML
14:18:45.907249200,DeltaHedging_BN:BANKNIFTY24NOVFUT Valar>0 Uday>0;:NRML
14:18:45.908477100,DeltaHedging_Nifty::NRML
14:18:45.931860600,DeltaHedging_FN::NRML
14:18:45.931860600,DeltaHedging_BankEx::NRML
14:18:45.932858900,DeltaHedging_Sensex::NRML
14:19:05.907454700,DeltaHedging_BN:BANKNIFTY24NOVFUT Valar>0 Uday>0;:NRML
14:19:05.910432700,DeltaHedging_Nifty::NRML
14:19:05.910432700,DeltaHedging_FN::NRML
14:19:05.911430600,DeltaHedging_BankEx::NRML
14:19:05.912427600,DeltaHedging_Sensex::NRML
14:19:25.907052700,DeltaHedging_BN:BANKNIFTY24NOVFUT Valar>0 Uday>0;:NRML
14:19:25.908585800,DeltaHedging_Nifty::NRML
14:19:25.909101900,DeltaHedging_FN::NRML
14:19:25.910094500,DeltaHedging_BankEx::NRML
14:19:25.911051700,DeltaHedging_Sensex::NRML
14:19:45.906674200,DeltaHedging_BN:BANKNIFTY24NOVFUT Valar>0 Uday>0;:NRML
14:19:45.909396400,DeltaHedging_Nifty::NRML
14:19:45.912777900,DeltaHedging_FN::NRML
14:19:45.913999800,DeltaHedging_BankEx::NRML
14:19:45.915118500,DeltaHedging_Sensex::NRML
14:20:05.906360,DeltaHedging_BN:BANKNIFTY24NOVFUT Valar>0 Uday>0;:NRML
14:20:05.908560900,DeltaHedging_Nifty::NRML
14:20:05.909554,DeltaHedging_FN::NRML
14:20:05.910551,DeltaHedging_BankEx::NRML
14:20:05.911547900,DeltaHedging_Sensex::NRML
14:20:25.906932900,DeltaHedging_BN:BANKNIFTY24NOVFUT Valar>0 Uday>0;:NRML
14:20:25.908501900,DeltaHedging_Nifty::NRML
14:20:25.909495800,DeltaHedging_FN::NRML
14:20:25.910491800,DeltaHedging_BankEx::NRML
14:20:25.910491800,DeltaHedging_Sensex::NRML
14:20:46.021014900,DeltaHedging_BN:BANKNIFTY24NOVFUT Valar>0 Uday>0;:NRML
14:20:46.026513300,DeltaHedging_Nifty::NRML
14:20:46.027511300,DeltaHedging_FN::NRML
14:20:46.030502600,DeltaHedging_BankEx::NRML
14:20:46.031621800,DeltaHedging_Sensex::NRML
14:21:05.906998700,DeltaHedging_BN:BANKNIFTY24NOVFUT Valar>0 Uday>0;:NRML
14:21:05.908927600,DeltaHedging_Nifty::NRML
14:21:05.910017700,DeltaHedging_FN::NRML
14:21:05.910582,DeltaHedging_BankEx::NRML
14:21:05.941899600,DeltaHedging_Sensex::NRML
14:21:25.907325800,DeltaHedging_BN:BANKNIFTY24NOVFUT Valar>0 Uday>0;:NRML
14:21:25.909979500,DeltaHedging_Nifty::NRML
14:21:25.910977,DeltaHedging_FN::NRML
14:21:25.911807900,DeltaHedging_BankEx::NRML
14:21:25.912396900,DeltaHedging_Sensex::NRML
14:21:45.906737800,DeltaHedging_BN:BANKNIFTY24NOVFUT Valar>0 Uday>0;:NRML
14:21:45.909566400,DeltaHedging_Nifty::NRML
14:21:45.910854500,DeltaHedging_FN::NRML
14:21:45.911579800,DeltaHedging_BankEx::NRML
14:21:45.911742100,DeltaHedging_Sensex::NRML
14:22:05.906311900,DeltaHedging_BN:BANKNIFTY24NOVFUT Valar>0 Uday>0;:NRML
14:22:05.911127600,DeltaHedging_Nifty::NRML
14:22:05.912125300,DeltaHedging_FN::NRML
14:22:05.913122200,DeltaHedging_BankEx::NRML
14:22:05.914119600,DeltaHedging_Sensex::NRML
14:22:25.907900300,DeltaHedging_BN:BANKNIFTY24NOVFUT Valar>0 Uday>0;:NRML
14:22:25.911903500,DeltaHedging_Nifty::NRML
14:22:25.912604200,DeltaHedging_FN::NRML
14:22:25.930273600,DeltaHedging_BankEx::NRML
14:22:25.930789600,DeltaHedging_Sensex::NRML
14:22:45.906552400,DeltaHedging_BN:BANKNIFTY24NOVFUT Valar>0 Uday>0;:NRML
14:22:45.909975600,DeltaHedging_Nifty::NRML
14:22:45.909975600,DeltaHedging_FN::NRML
14:22:45.910971100,DeltaHedging_BankEx::NRML
14:22:45.910971100,DeltaHedging_Sensex::NRML
14:23:05.906640300,DeltaHedging_BN:BANKNIFTY24NOVFUT Valar>0 Uday>0;:NRML
14:23:05.908921400,DeltaHedging_Nifty::NRML
14:23:05.909605800,DeltaHedging_FN::NRML
14:23:05.910676200,DeltaHedging_BankEx::NRML
14:23:05.911287800,DeltaHedging_Sensex::NRML
14:23:25.907636,DeltaHedging_BN:BANKNIFTY24NOVFUT Valar>0 Uday>0;:NRML
14:23:25.911563100,DeltaHedging_Nifty::NRML
14:23:25.912177400,DeltaHedging_FN::NRML
14:23:25.912764400,DeltaHedging_BankEx::NRML
14:23:25.913282700,DeltaHedging_Sensex::NRML
14:23:45.906605700,DeltaHedging_BN:BANKNIFTY24NOVFUT Valar>0 Uday>0;:NRML
14:23:45.909027500,DeltaHedging_Nifty::NRML
14:23:45.910483300,DeltaHedging_FN::NRML
14:23:45.911236700,DeltaHedging_BankEx::NRML
14:23:45.911809700,DeltaHedging_Sensex::NRML
14:24:05.912224,DeltaHedging_BN:BANKNIFTY24NOVFUT Valar>0 Uday>0;:NRML
14:24:05.971620400,DeltaHedging_Nifty::NRML
14:24:05.971620400,DeltaHedging_FN::NRML
14:24:05.972613100,DeltaHedging_BankEx::NRML
14:24:05.973610400,DeltaHedging_Sensex::NRML
14:24:25.907457900,DeltaHedging_BN:BANKNIFTY24NOVFUT Valar>0 Uday>0;:NRML
14:24:25.910222,DeltaHedging_Nifty::NRML
14:24:25.910749600,DeltaHedging_FN::NRML
14:24:25.911277,DeltaHedging_BankEx::NRML
14:24:25.911788400,DeltaHedging_Sensex::NRML
14:24:45.945403800,DeltaHedging_BN:BANKNIFTY24NOVFUT Valar>0 Uday>0;:NRML
14:24:45.951819400,DeltaHedging_Nifty::NRML
14:24:45.953709300,DeltaHedging_FN::NRML
14:24:45.954677600,DeltaHedging_BankEx::NRML
14:24:45.955673600,DeltaHedging_Sensex::NRML
14:25:05.906691300,DeltaHedging_BN:BANKNIFTY24NOVFUT Valar>0 Uday>0;:NRML
14:25:05.908826300,DeltaHedging_Nifty::NRML
14:25:05.911130400,DeltaHedging_FN::NRML
14:25:05.913116800,DeltaHedging_BankEx::NRML
14:25:05.914112300,DeltaHedging_Sensex::NRML
14:25:25.908759,DeltaHedging_BN:BANKNIFTY24NOVFUT Valar>0 Uday>0;:NRML
14:25:25.915725200,DeltaHedging_Nifty::NRML
14:25:25.916637500,DeltaHedging_FN::NRML
14:25:25.918410300,DeltaHedging_BankEx::NRML
14:25:25.923392100,DeltaHedging_Sensex::NRML
14:25:45.907347100,DeltaHedging_BN:BANKNIFTY24NOVFUT Valar>0 Uday>0;:NRML
14:25:45.909599,DeltaHedging_Nifty::NRML
14:25:45.910591700,DeltaHedging_FN::NRML
14:25:45.910591700,DeltaHedging_BankEx::NRML
14:25:45.911588300,DeltaHedging_Sensex::NRML
14:26:05.907275500,DeltaHedging_BN:BANKNIFTY24NOVFUT Valar>0 Uday>0;:NRML
14:26:05.952454,DeltaHedging_Nifty::NRML
14:26:05.953454200,DeltaHedging_FN::NRML
14:26:05.953454200,DeltaHedging_BankEx::NRML
14:26:05.986636700,DeltaHedging_Sensex::NRML
14:26:25.909307700,DeltaHedging_BN:BANKNIFTY24NOVFUT Valar>0 Uday>0;:NRML
14:26:25.931970700,DeltaHedging_Nifty::NRML
14:26:25.931970700,DeltaHedging_FN::NRML
14:26:25.932967100,DeltaHedging_BankEx::NRML
14:26:25.933490500,DeltaHedging_Sensex::NRML
14:26:45.907290900,DeltaHedging_BN:BANKNIFTY24NOVFUT Valar>0 Uday>0;:NRML
14:26:45.910284100,DeltaHedging_Nifty::NRML
14:26:45.912279600,DeltaHedging_FN::NRML
14:26:45.913276600,DeltaHedging_BankEx::NRML
14:26:45.915271200,DeltaHedging_Sensex::NRML
14:27:05.906936200,DeltaHedging_BN:BANKNIFTY24NOVFUT Valar>0 Uday>0;:NRML
14:27:05.943837300,DeltaHedging_Nifty::NRML
14:27:05.945831100,DeltaHedging_FN::NRML
14:27:05.959794600,DeltaHedging_BankEx::NRML
14:27:05.970369800,DeltaHedging_Sensex::NRML
14:27:25.907803200,DeltaHedging_BN:BANKNIFTY24NOVFUT Valar>0 Uday>0;:NRML
14:27:25.913784600,DeltaHedging_Nifty::NRML
14:27:25.914782700,DeltaHedging_FN::NRML
14:27:25.915837100,DeltaHedging_BankEx::NRML
14:27:25.915837100,DeltaHedging_Sensex::NRML
14:27:45.908493800,DeltaHedging_BN:BANKNIFTY24NOVFUT Valar>0 Uday>0;:NRML
14:27:45.915476,DeltaHedging_Nifty::NRML
14:27:45.916717,DeltaHedging_FN::NRML
14:27:45.917323200,DeltaHedging_BankEx::NRML
14:27:45.917853800,DeltaHedging_Sensex::NRML
14:28:05.907714,DeltaHedging_BN:BANKNIFTY24NOVFUT Valar>0 Uday>0;:NRML
14:28:05.910019400,DeltaHedging_Nifty::NRML
14:28:05.910588800,DeltaHedging_FN::NRML
14:28:05.911122600,DeltaHedging_BankEx::NRML
14:28:05.911684300,DeltaHedging_Sensex::NRML
14:28:26.004438700,DeltaHedging_BN:BANKNIFTY24NOVFUT Valar>0 Uday>0;:NRML
14:28:26.007265200,DeltaHedging_Nifty::NRML
14:28:26.009259900,DeltaHedging_FN::NRML
14:28:26.010258500,DeltaHedging_BankEx::NRML
14:28:26.011261500,DeltaHedging_Sensex::NRML
14:28:45.909663400,DeltaHedging_BN:BANKNIFTY24NOVFUT Valar>0 Uday>0;:NRML
14:28:45.912329100,DeltaHedging_Nifty::NRML
14:28:45.913362200,DeltaHedging_FN::NRML
14:28:45.913362200,DeltaHedging_BankEx::NRML
14:28:45.914353700,DeltaHedging_Sensex::NRML
14:29:05.936310500,DeltaHedging_BN:BANKNIFTY24NOVFUT Valar>0 Uday>0;:NRML
14:29:05.943280400,DeltaHedging_Nifty::NRML
14:29:05.943280400,DeltaHedging_FN::NRML
14:29:05.969570700,DeltaHedging_BankEx::NRML
14:29:05.970568500,DeltaHedging_Sensex::NRML
14:29:25.906901,DeltaHedging_BN:BANKNIFTY24NOVFUT Valar>0 Uday>0;:NRML
14:29:25.908326600,DeltaHedging_Nifty::NRML
14:29:25.909320500,DeltaHedging_FN::NRML
14:29:25.909320500,DeltaHedging_BankEx::NRML
14:29:25.910375400,DeltaHedging_Sensex::NRML
14:29:45.907299300,DeltaHedging_BN:BANKNIFTY24NOVFUT Valar>0 Uday>0;:NRML
14:29:45.909589600,DeltaHedging_Nifty::NRML
14:29:45.910107,DeltaHedging_FN::NRML
14:29:45.910771300,DeltaHedging_BankEx::NRML
14:29:45.911287100,DeltaHedging_Sensex::NRML
14:30:05.908950900,DeltaHedging_BN:BANKNIFTY24NOVFUT Valar>0 Uday>0;:NRML
14:30:05.911239100,DeltaHedging_Nifty::NRML
14:30:05.913447300,DeltaHedging_FN::NRML
14:30:05.914433800,DeltaHedging_BankEx::NRML
14:30:05.916428300,DeltaHedging_Sensex::NRML
14:30:25.908254300,DeltaHedging_BN:BANKNIFTY24NOVFUT Valar>0 Uday>0;:NRML
14:30:28.116078200,DeltaHedging_Nifty::NRML
14:30:28.369635100,DeltaHedging_FN::NRML
14:30:28.555076600,DeltaHedging_BankEx::NRML
14:30:28.570037300,DeltaHedging_Sensex::NRML
14:30:45.907060400,DeltaHedging_BN:BANKNIFTY24NOVFUT Valar>0 Uday>0;:NRML
14:30:46.907035200,DeltaHedging_Nifty::NRML
14:30:46.907035200,DeltaHedging_FN::NRML
14:30:46.908032100,DeltaHedging_BankEx::NRML
14:30:46.909029,DeltaHedging_Sensex::NRML
14:31:05.906580700,DeltaHedging_BN:BANKNIFTY24NOVFUT Valar>0 Uday>0;:NRML
14:31:05.914567,DeltaHedging_Nifty::NRML
14:31:05.915577300,DeltaHedging_FN::NRML
14:31:05.916836800,DeltaHedging_BankEx::NRML
14:31:05.917354,DeltaHedging_Sensex::NRML
14:31:25.906411500,DeltaHedging_BN:BANKNIFTY24NOVFUT Valar>0 Uday>0;:NRML
14:31:25.912104800,DeltaHedging_Nifty::NRML
14:31:25.913093100,DeltaHedging_FN::NRML
14:31:25.914090500,DeltaHedging_BankEx::NRML
14:31:25.914090500,DeltaHedging_Sensex::NRML
14:31:45.915034800,DeltaHedging_BN:BANKNIFTY24NOVFUT Valar>0 Uday>0;:NRML
14:31:45.947331200,DeltaHedging_Nifty::NRML
14:31:45.951707100,DeltaHedging_FN::NRML
14:31:45.956661,DeltaHedging_BankEx::NRML
14:31:45.957183500,DeltaHedging_Sensex::NRML
14:32:06.039619500,DeltaHedging_BN:BANKNIFTY24NOVFUT Valar>0 Uday>0;:NRML
14:32:06.056083100,DeltaHedging_Nifty::NRML
14:32:06.058076500,DeltaHedging_FN::NRML
14:32:06.058076500,DeltaHedging_BankEx::NRML
14:32:06.064061300,DeltaHedging_Sensex::NRML
14:32:25.906251800,DeltaHedging_BN:BANKNIFTY24NOVFUT Valar>0 Uday>0;:NRML
14:32:25.911093300,DeltaHedging_Nifty::NRML
14:32:25.911609400,DeltaHedging_FN::NRML
14:32:25.911609400,DeltaHedging_BankEx::NRML
14:32:25.912616600,DeltaHedging_Sensex::NRML
14:32:45.917472900,DeltaHedging_BN:BANKNIFTY24NOVFUT Valar>0 Uday>0;:NRML
14:32:45.918977900,DeltaHedging_Nifty::NRML
14:32:45.919760100,DeltaHedging_FN::NRML
14:32:45.920323500,DeltaHedging_BankEx::NRML
14:32:45.920323500,DeltaHedging_Sensex::NRML
14:33:05.907014800,DeltaHedging_BN:BANKNIFTY24NOVFUT Valar>0 Uday>0;:NRML
14:33:05.909006300,DeltaHedging_Nifty::NRML
14:33:05.910003800,DeltaHedging_FN::NRML
14:33:05.910274800,DeltaHedging_BankEx::NRML
14:33:05.911187300,DeltaHedging_Sensex::NRML
14:33:25.908070300,DeltaHedging_BN:BANKNIFTY24NOVFUT Valar>0 Uday>0;:NRML
14:33:25.910467600,DeltaHedging_Nifty::NRML
14:33:25.911606800,DeltaHedging_FN::NRML
14:33:25.912311800,DeltaHedging_BankEx::NRML
14:33:25.912827500,DeltaHedging_Sensex::NRML
14:33:45.912412500,DeltaHedging_BN:BANKNIFTY24NOVFUT Valar>0 Uday>0;:NRML
14:33:45.923381600,DeltaHedging_Nifty::NRML
14:33:45.927377200,DeltaHedging_FN::NRML
14:33:45.927377200,DeltaHedging_BankEx::NRML
14:33:45.928373500,DeltaHedging_Sensex::NRML
14:34:05.906601400,DeltaHedging_BN:BANKNIFTY24NOVFUT Valar>0 Uday>0;:NRML
14:34:05.909017800,DeltaHedging_Nifty::NRML
14:34:05.910011300,DeltaHedging_FN::NRML
14:34:05.910011300,DeltaHedging_BankEx::NRML
14:34:05.911007700,DeltaHedging_Sensex::NRML
14:34:25.975777600,DeltaHedging_BN:BANKNIFTY24NOVFUT Valar>0 Uday>0;:NRML
14:34:25.995210800,DeltaHedging_Nifty::NRML
14:34:25.997904600,DeltaHedging_FN::NRML
14:34:26.003883600,DeltaHedging_BankEx::NRML
14:34:26.015027500,DeltaHedging_Sensex::NRML
14:34:45.907057300,DeltaHedging_BN:BANKNIFTY24NOVFUT Valar>0 Uday>0;:NRML
14:34:45.912165600,DeltaHedging_Nifty::NRML
14:34:45.913157700,DeltaHedging_FN::NRML
14:34:45.914154700,DeltaHedging_BankEx::NRML
14:34:45.915152300,DeltaHedging_Sensex::NRML
14:35:05.906707,DeltaHedging_BN:BANKNIFTY24NOVFUT Valar>0 Uday>0;:NRML
14:35:05.909984600,DeltaHedging_Nifty::NRML
14:35:05.910675400,DeltaHedging_FN::NRML
14:35:05.911205900,DeltaHedging_BankEx::NRML
14:35:05.911765900,DeltaHedging_Sensex::NRML
14:35:26.047760300,DeltaHedging_BN:BANKNIFTY24NOVFUT Valar>0 Uday>0;:NRML
14:35:26.050752400,DeltaHedging_Nifty::NRML
14:35:26.055834500,DeltaHedging_FN::NRML
14:35:26.056351700,DeltaHedging_BankEx::NRML
14:35:26.057227300,DeltaHedging_Sensex::NRML
14:35:45.907408400,DeltaHedging_BN:BANKNIFTY24NOVFUT Valar>0 Uday>0;:NRML
14:35:45.909902900,DeltaHedging_Nifty::NRML
14:35:45.910437700,DeltaHedging_FN::NRML
14:35:45.911004500,DeltaHedging_BankEx::NRML
14:35:45.911651800,DeltaHedging_Sensex::NRML
14:36:05.928735700,DeltaHedging_BN:BANKNIFTY24NOVFUT Valar>0 Uday>0;:NRML
14:36:05.933172100,DeltaHedging_Nifty::NRML
14:36:05.933777800,DeltaHedging_FN::NRML
14:36:05.934323800,DeltaHedging_BankEx::NRML
14:36:05.935076600,DeltaHedging_Sensex::NRML
14:36:26.052079400,DeltaHedging_BN:BANKNIFTY24NOVFUT Valar>0 Uday>0;:NRML
14:36:26.062096500,DeltaHedging_Nifty::NRML
14:36:26.063093,DeltaHedging_FN::NRML
14:36:26.066112300,DeltaHedging_BankEx::NRML
14:36:26.067605300,DeltaHedging_Sensex::NRML
14:36:45.907311900,DeltaHedging_BN:BANKNIFTY24NOVFUT Valar>0 Uday>0;:NRML
14:36:45.910184600,DeltaHedging_Nifty::NRML
14:36:45.910697700,DeltaHedging_FN::NRML
14:36:45.911220300,DeltaHedging_BankEx::NRML
14:36:45.911363600,DeltaHedging_Sensex::NRML
14:37:05.907829,DeltaHedging_BN:BANKNIFTY24NOVFUT Valar>0 Uday>0;:NRML
14:37:05.910569500,DeltaHedging_Nifty::NRML
14:37:05.911210500,DeltaHedging_FN::NRML
14:37:05.911775300,DeltaHedging_BankEx::NRML
14:37:05.912287900,DeltaHedging_Sensex::NRML
14:37:25.906362,DeltaHedging_BN:BANKNIFTY24NOVFUT Valar>0 Uday>0;:NRML
14:37:25.908065400,DeltaHedging_Nifty::NRML
14:37:25.909058600,DeltaHedging_FN::NRML
14:37:25.909672900,DeltaHedging_BankEx::NRML
14:37:25.910212800,DeltaHedging_Sensex::NRML
14:37:45.907521700,DeltaHedging_BN:BANKNIFTY24NOVFUT Valar>0 Uday>0;:NRML
14:37:45.909621,DeltaHedging_Nifty::NRML
14:37:45.910412,DeltaHedging_FN::NRML
14:37:45.910961400,DeltaHedging_BankEx::NRML
14:37:45.911477600,DeltaHedging_Sensex::NRML
14:38:05.908568300,DeltaHedging_BN:BANKNIFTY24NOVFUT Valar>0 Uday>0;:NRML
14:38:05.910556100,DeltaHedging_Nifty::NRML
14:38:05.912009400,DeltaHedging_FN::NRML
14:38:05.912526200,DeltaHedging_BankEx::NRML
14:38:05.913365800,DeltaHedging_Sensex::NRML
14:38:25.906780600,DeltaHedging_BN:BANKNIFTY24NOVFUT Valar>0 Uday>0;:NRML
14:38:25.923305900,DeltaHedging_Nifty::NRML
14:38:25.923305900,DeltaHedging_FN::NRML
14:38:25.924300400,DeltaHedging_BankEx::NRML
14:38:25.924300400,DeltaHedging_Sensex::NRML
14:38:45.907281300,DeltaHedging_BN:BANKNIFTY24NOVFUT Valar>0 Uday>0;:NRML
14:38:45.909242100,DeltaHedging_Nifty::NRML
14:38:45.910240300,DeltaHedging_FN::NRML
14:38:45.910240300,DeltaHedging_BankEx::NRML
14:38:45.910240300,DeltaHedging_Sensex::NRML
14:39:05.906864700,DeltaHedging_BN:BANKNIFTY24NOVFUT Valar>0 Uday>0;:NRML
14:39:05.911158800,DeltaHedging_Nifty::NRML
14:39:05.911907300,DeltaHedging_FN::NRML
14:39:05.912422300,DeltaHedging_BankEx::NRML
14:39:05.913182900,DeltaHedging_Sensex::NRML
14:39:25.906756200,DeltaHedging_BN:BANKNIFTY24NOVFUT Valar>0 Uday>0;:NRML
14:39:25.912167500,DeltaHedging_Nifty::NRML
14:39:25.912688100,DeltaHedging_FN::NRML
14:39:25.913251500,DeltaHedging_BankEx::NRML
14:39:25.913782600,DeltaHedging_Sensex::NRML
14:39:45.907609,DeltaHedging_BN:BANKNIFTY24NOVFUT Valar>0 Uday>0;:NRML
14:39:45.910218800,DeltaHedging_Nifty::NRML
14:39:45.910750300,DeltaHedging_FN::NRML
14:39:45.911401,DeltaHedging_BankEx::NRML
14:39:45.912062100,DeltaHedging_Sensex::NRML
14:40:05.906560400,DeltaHedging_BN:BANKNIFTY24NOVFUT Valar>0 Uday>0;:NRML
14:40:05.913550800,DeltaHedging_Nifty::NRML
14:40:05.914539400,DeltaHedging_FN::NRML
14:40:05.914539400,DeltaHedging_BankEx::NRML
14:40:05.915548900,DeltaHedging_Sensex::NRML
14:40:25.908391500,DeltaHedging_BN:BANKNIFTY24NOVFUT Valar>0 Uday>0;:NRML
14:40:25.910782100,DeltaHedging_Nifty::NRML
14:40:25.911318300,DeltaHedging_FN::NRML
14:40:25.911908700,DeltaHedging_BankEx::NRML
14:40:25.912423600,DeltaHedging_Sensex::NRML
14:40:45.906426500,DeltaHedging_BN:BANKNIFTY24NOVFUT Valar>0 Uday>0;:NRML
14:40:45.908863500,DeltaHedging_Nifty::NRML
14:40:45.909852500,DeltaHedging_FN::NRML
14:40:45.909852500,DeltaHedging_BankEx::NRML
14:40:45.910850100,DeltaHedging_Sensex::NRML
14:41:05.912601300,DeltaHedging_BN:BANKNIFTY24NOVFUT Valar>0 Uday>0;:NRML
14:41:05.922868500,DeltaHedging_Nifty::NRML
14:41:05.922868500,DeltaHedging_FN::NRML
14:41:05.923866,DeltaHedging_BankEx::NRML
14:41:05.930847400,DeltaHedging_Sensex::NRML
14:41:25.906861200,DeltaHedging_BN:BANKNIFTY24NOVFUT Valar>0 Uday>0;:NRML
14:41:25.909208300,DeltaHedging_Nifty::NRML
14:41:25.909208300,DeltaHedging_FN::NRML
14:41:25.910700600,DeltaHedging_BankEx::NRML
14:41:25.911408400,DeltaHedging_Sensex::NRML
14:41:45.907622300,DeltaHedging_BN:BANKNIFTY24NOVFUT Valar>0 Uday>0;:NRML
14:41:45.912196300,DeltaHedging_Nifty::NRML
14:41:45.912712300,DeltaHedging_FN::NRML
14:41:45.913227200,DeltaHedging_BankEx::NRML
14:41:45.914005300,DeltaHedging_Sensex::NRML
14:42:05.906631500,DeltaHedging_BN:BANKNIFTY24NOVFUT Valar>0 Uday>0;:NRML
14:42:05.909881400,DeltaHedging_Nifty::NRML
14:42:05.910531400,DeltaHedging_FN::NRML
14:42:05.911077500,DeltaHedging_BankEx::NRML
14:42:05.911593100,DeltaHedging_Sensex::NRML
14:42:25.907382600,DeltaHedging_BN:BANKNIFTY24NOVFUT Valar>0 Uday>0;:NRML
14:42:25.911337700,DeltaHedging_Nifty::NRML
14:42:25.911858,DeltaHedging_FN::NRML
14:42:25.912847700,DeltaHedging_BankEx::NRML
14:42:25.913846300,DeltaHedging_Sensex::NRML
14:42:45.907094100,DeltaHedging_BN:BANKNIFTY24NOVFUT Valar>0 Uday>0;:NRML
14:42:45.910138500,DeltaHedging_Nifty::NRML
14:42:45.910651300,DeltaHedging_FN::NRML
14:42:45.911181,DeltaHedging_BankEx::NRML
14:42:45.911714300,DeltaHedging_Sensex::NRML
14:43:05.907190600,DeltaHedging_BN:BANKNIFTY24NOVFUT Valar>0 Uday>0;:NRML
14:43:05.909050400,DeltaHedging_Nifty::NRML
14:43:05.910043200,DeltaHedging_FN::NRML
14:43:05.910043200,DeltaHedging_BankEx::NRML
14:43:05.911492200,DeltaHedging_Sensex::NRML
14:43:25.906915100,DeltaHedging_BN:BANKNIFTY24NOVFUT Valar>0 Uday>0;:NRML
14:43:25.908883800,DeltaHedging_Nifty::NRML
14:43:25.909875500,DeltaHedging_FN::NRML
14:43:25.909875500,DeltaHedging_BankEx::NRML
14:43:25.911512900,DeltaHedging_Sensex::NRML
14:43:45.906676500,DeltaHedging_BN:BANKNIFTY24NOVFUT Valar>0 Uday>0;:NRML
14:43:45.909554,DeltaHedging_Nifty::NRML
14:43:45.910069700,DeltaHedging_FN::NRML
14:43:45.910633500,DeltaHedging_BankEx::NRML
14:43:45.911147300,DeltaHedging_Sensex::NRML
14:44:05.906874200,DeltaHedging_BN:BANKNIFTY24NOVFUT Valar>0 Uday>0;:NRML
14:44:05.909303,DeltaHedging_Nifty::NRML
14:44:05.910299400,DeltaHedging_FN::NRML
14:44:05.910299400,DeltaHedging_BankEx::NRML
14:44:05.911298400,DeltaHedging_Sensex::NRML
14:44:25.928771200,DeltaHedging_BN:BANKNIFTY24NOVFUT Valar>0 Uday>0;:NRML
14:44:25.934741100,DeltaHedging_Nifty::NRML
14:44:25.935716700,DeltaHedging_FN::NRML
14:44:25.936714200,DeltaHedging_BankEx::NRML
14:44:25.937741300,DeltaHedging_Sensex::NRML
14:44:45.907013800,DeltaHedging_BN:BANKNIFTY24NOVFUT Valar>0 Uday>0;:NRML
14:44:45.909287800,DeltaHedging_Nifty::NRML
14:44:45.910299100,DeltaHedging_FN::NRML
14:44:45.910338500,DeltaHedging_BankEx::NRML
14:44:45.910902100,DeltaHedging_Sensex::NRML
14:45:05.906912900,DeltaHedging_BN:BANKNIFTY24NOVFUT Valar>0 Uday>0;:NRML
14:45:05.908907700,DeltaHedging_Nifty::NRML
14:45:05.908907700,DeltaHedging_FN::NRML
14:45:05.909905800,DeltaHedging_BankEx::NRML
14:45:05.909905800,DeltaHedging_Sensex::NRML
14:45:25.907742600,DeltaHedging_BN:BANKNIFTY24NOVFUT Valar>0 Uday>0;:NRML
14:45:25.909956700,DeltaHedging_Nifty::NRML
14:45:25.910570700,DeltaHedging_FN::NRML
14:45:25.911086500,DeltaHedging_BankEx::NRML
14:45:25.911591700,DeltaHedging_Sensex::NRML
14:45:45.907028400,DeltaHedging_BN:BANKNIFTY24NOVFUT Valar>0 Uday>0;:NRML
14:45:45.908654400,DeltaHedging_Nifty::NRML
14:45:45.909647200,DeltaHedging_FN::NRML
14:45:45.909647200,DeltaHedging_BankEx::NRML
14:45:45.910645,DeltaHedging_Sensex::NRML
14:46:05.907088500,DeltaHedging_BN:BANKNIFTY24NOVFUT Valar>0 Uday>0;:NRML
14:46:05.908930800,DeltaHedging_Nifty::NRML
14:46:05.908997400,DeltaHedging_FN::NRML
14:46:05.909512,DeltaHedging_BankEx::NRML
14:46:05.910212500,DeltaHedging_Sensex::NRML
14:46:25.907432300,DeltaHedging_BN:BANKNIFTY24NOVFUT Valar>0 Uday>0;:NRML
14:46:25.909239500,DeltaHedging_Nifty::NRML
14:46:25.909804700,DeltaHedging_FN::NRML
14:46:25.909819400,DeltaHedging_BankEx::NRML
14:46:25.910350200,DeltaHedging_Sensex::NRML
14:46:45.907172200,DeltaHedging_BN:BANKNIFTY24NOVFUT Valar>0 Uday>0;:NRML
14:46:45.909402300,DeltaHedging_Nifty::NRML
14:46:45.909971300,DeltaHedging_FN::NRML
14:46:45.910486600,DeltaHedging_BankEx::NRML
14:46:45.911116100,DeltaHedging_Sensex::NRML
14:47:05.906905800,DeltaHedging_BN:BANKNIFTY24NOVFUT Valar>0 Uday>0;:NRML
14:47:05.907998700,DeltaHedging_Nifty::NRML
14:47:05.908992300,DeltaHedging_FN::NRML
14:47:05.908992300,DeltaHedging_BankEx::NRML
14:47:05.909989600,DeltaHedging_Sensex::NRML
14:47:25.907513200,DeltaHedging_BN:BANKNIFTY24NOVFUT Valar>0 Uday>0;:NRML
14:47:25.909259500,DeltaHedging_Nifty::NRML
14:47:25.909775,DeltaHedging_FN::NRML
14:47:25.910358200,DeltaHedging_BankEx::NRML
14:47:25.910917800,DeltaHedging_Sensex::NRML
14:47:45.907505800,DeltaHedging_BN:BANKNIFTY24NOVFUT Valar>0 Uday>0;:NRML
14:47:45.909833100,DeltaHedging_Nifty::NRML
14:47:45.909833100,DeltaHedging_FN::NRML
14:47:45.910826,DeltaHedging_BankEx::NRML
14:47:45.911823800,DeltaHedging_Sensex::NRML
14:48:05.907070700,DeltaHedging_BN:BANKNIFTY24NOVFUT Valar>0 Uday>0;:NRML
14:48:05.908925500,DeltaHedging_Nifty::NRML
14:48:05.909474400,DeltaHedging_FN::NRML
14:48:05.909987900,DeltaHedging_BankEx::NRML
14:48:05.910542500,DeltaHedging_Sensex::NRML
14:48:25.907467500,DeltaHedging_BN:BANKNIFTY24NOVFUT Valar>0 Uday>0;:NRML
14:48:25.909328100,DeltaHedging_Nifty::NRML
14:48:25.909850600,DeltaHedging_FN::NRML
14:48:25.909850600,DeltaHedging_BankEx::NRML
14:48:25.910725900,DeltaHedging_Sensex::NRML
14:48:45.906468,DeltaHedging_BN:BANKNIFTY24NOVFUT Valar>0 Uday>0;:NRML
14:48:45.908223200,DeltaHedging_Nifty::NRML
14:48:45.908737600,DeltaHedging_FN::NRML
14:48:45.909295300,DeltaHedging_BankEx::NRML
14:48:45.909841400,DeltaHedging_Sensex::NRML
14:49:05.907876400,DeltaHedging_BN:BANKNIFTY24NOVFUT Valar>0 Uday>0;:NRML
14:49:05.909626100,DeltaHedging_Nifty::NRML
14:49:05.910139300,DeltaHedging_FN::NRML
14:49:05.910713700,DeltaHedging_BankEx::NRML
14:49:05.925245700,DeltaHedging_Sensex::NRML
14:49:25.906433300,DeltaHedging_BN:BANKNIFTY24NOVFUT Valar>0 Uday>0;:NRML
14:49:25.908428200,DeltaHedging_Nifty::NRML
14:49:25.908428200,DeltaHedging_FN::NRML
14:49:25.909425500,DeltaHedging_BankEx::NRML
14:49:25.909425500,DeltaHedging_Sensex::NRML
14:49:45.996873800,DeltaHedging_BN:BANKNIFTY24NOVFUT Valar>0 Uday>0;:NRML
14:49:45.999987700,DeltaHedging_Nifty::NRML
14:49:46.000910500,DeltaHedging_FN::NRML
14:49:46.001766300,DeltaHedging_BankEx::NRML
14:49:46.002285,DeltaHedging_Sensex::NRML
14:50:05.907914800,DeltaHedging_BN:BANKNIFTY24NOVFUT Valar>0 Uday>0;:NRML
14:50:05.910076300,DeltaHedging_Nifty::NRML
14:50:05.911078800,DeltaHedging_FN::NRML
14:50:05.911078800,DeltaHedging_BankEx::NRML
14:50:05.911078800,DeltaHedging_Sensex::NRML
14:50:25.966352700,DeltaHedging_BN:BANKNIFTY24NOVFUT Valar>0 Uday>0;:NRML
14:50:25.969325600,DeltaHedging_Nifty::NRML
14:50:25.970347300,DeltaHedging_FN::NRML
14:50:25.970985700,DeltaHedging_BankEx::NRML
14:50:25.971765300,DeltaHedging_Sensex::NRML
14:50:45.907340600,DeltaHedging_BN:BANKNIFTY24NOVFUT Valar>0 Uday>0;:NRML
14:50:45.909314300,DeltaHedging_Nifty::NRML
14:50:45.909910600,DeltaHedging_FN::NRML
14:50:45.910464100,DeltaHedging_BankEx::NRML
14:50:45.910992500,DeltaHedging_Sensex::NRML
14:51:05.907980700,DeltaHedging_BN:BANKNIFTY24NOVFUT Valar>0 Uday>0;:NRML
14:51:05.909688500,DeltaHedging_Nifty::NRML
14:51:05.911495600,DeltaHedging_FN::NRML
14:51:05.912488100,DeltaHedging_BankEx::NRML
14:51:05.913485900,DeltaHedging_Sensex::NRML
14:51:25.906782200,DeltaHedging_BN:BANKNIFTY24NOVFUT Valar>0 Uday>0;:NRML
14:51:25.908777100,DeltaHedging_Nifty::NRML
14:51:25.909307400,DeltaHedging_FN::NRML
14:51:25.909839300,DeltaHedging_BankEx::NRML
14:51:25.910370500,DeltaHedging_Sensex::NRML
14:51:45.906540500,DeltaHedging_BN:BANKNIFTY24NOVFUT Valar>0 Uday>0;:NRML
14:51:45.909184300,DeltaHedging_Nifty::NRML
14:51:45.909714500,DeltaHedging_FN::NRML
14:51:45.910312400,DeltaHedging_BankEx::NRML
14:51:45.910843100,DeltaHedging_Sensex::NRML
14:52:05.906885200,DeltaHedging_BN:BANKNIFTY24NOVFUT Valar>0 Uday>0;:NRML
14:52:05.909877200,DeltaHedging_Nifty::NRML
14:52:05.910874,DeltaHedging_FN::NRML
14:52:05.910874,DeltaHedging_BankEx::NRML
14:52:05.911870700,DeltaHedging_Sensex::NRML
14:52:25.907466800,DeltaHedging_BN:BANKNIFTY24NOVFUT Valar>0 Uday>0;:NRML
14:52:25.908465400,DeltaHedging_Nifty::NRML
14:52:25.909678400,DeltaHedging_FN::NRML
14:52:25.910187100,DeltaHedging_BankEx::NRML
14:52:25.910213300,DeltaHedging_Sensex::NRML
14:52:45.907279,DeltaHedging_BN:BANKNIFTY24NOVFUT Valar>0 Uday>0;:NRML
14:52:45.909419,DeltaHedging_Nifty::NRML
14:52:45.909946600,DeltaHedging_FN::NRML
14:52:45.910471800,DeltaHedging_BankEx::NRML
14:52:45.957376300,DeltaHedging_Sensex::NRML
14:53:05.907393,DeltaHedging_BN:BANKNIFTY24NOVFUT Valar>0 Uday>0;:NRML
14:53:05.909354600,DeltaHedging_Nifty::NRML
14:53:05.910461500,DeltaHedging_FN::NRML
14:53:05.910461500,DeltaHedging_BankEx::NRML
14:53:05.911453700,DeltaHedging_Sensex::NRML
14:53:25.906528900,DeltaHedging_BN:BANKNIFTY24NOVFUT Valar>0 Uday>0;:NRML
14:53:25.908443400,DeltaHedging_Nifty::NRML
14:53:25.909802200,DeltaHedging_FN::NRML
14:53:25.909802200,DeltaHedging_BankEx::NRML
14:53:25.910792700,DeltaHedging_Sensex::NRML
14:53:45.907242,DeltaHedging_BN:BANKNIFTY24NOVFUT Valar>0 Uday>0;:NRML
14:53:45.908755100,DeltaHedging_Nifty::NRML
14:53:45.909268900,DeltaHedging_FN::NRML
14:53:45.909803100,DeltaHedging_BankEx::NRML
14:53:45.910328300,DeltaHedging_Sensex::NRML
14:54:05.907823100,DeltaHedging_BN:BANKNIFTY24NOVFUT Valar>0 Uday>0;:NRML
14:54:05.909819200,DeltaHedging_Nifty::NRML
14:54:05.909819200,DeltaHedging_FN::NRML
14:54:05.910820600,DeltaHedging_BankEx::NRML
14:54:05.910820600,DeltaHedging_Sensex::NRML
14:54:25.927594500,DeltaHedging_BN:BANKNIFTY24NOVFUT Valar>0 Uday>0;:NRML
14:54:25.932733700,DeltaHedging_Nifty::NRML
14:54:25.933249,DeltaHedging_FN::NRML
14:54:25.933802900,DeltaHedging_BankEx::NRML
14:54:25.934900,DeltaHedging_Sensex::NRML
14:54:45.907702500,DeltaHedging_BN:BANKNIFTY24NOVFUT Valar>0 Uday>0;:NRML
14:54:45.909696400,DeltaHedging_Nifty::NRML
14:54:45.909696400,DeltaHedging_FN::NRML
14:54:45.910889500,DeltaHedging_BankEx::NRML
14:54:45.912148500,DeltaHedging_Sensex::NRML
14:55:05.907007100,DeltaHedging_BN:BANKNIFTY24NOVFUT Valar>0 Uday>0;:NRML
14:55:05.909000900,DeltaHedging_Nifty::NRML
14:55:05.910125900,DeltaHedging_FN::NRML
14:55:05.912028700,DeltaHedging_BankEx::NRML
14:55:05.914073600,DeltaHedging_Sensex::NRML
14:55:25.907103800,DeltaHedging_BN:BANKNIFTY24NOVFUT Valar>0 Uday>0;:NRML
14:55:25.909202500,DeltaHedging_Nifty::NRML
14:55:25.909432300,DeltaHedging_FN::NRML
14:55:25.909965900,DeltaHedging_BankEx::NRML
14:55:25.910500900,DeltaHedging_Sensex::NRML
14:55:46.092463500,DeltaHedging_BN:BANKNIFTY24NOVFUT Valar>0 Uday>0;:NRML
14:55:46.098554900,DeltaHedging_Nifty::NRML
14:55:46.098554900,DeltaHedging_FN::NRML
14:55:46.101953300,DeltaHedging_BankEx::NRML
14:55:46.103938200,DeltaHedging_Sensex::NRML
14:56:05.907920800,DeltaHedging_BN:BANKNIFTY24NOVFUT Valar>0 Uday>0;:NRML
14:56:05.910628900,DeltaHedging_Nifty::NRML
14:56:05.911194500,DeltaHedging_FN::NRML
14:56:05.912191500,DeltaHedging_BankEx::NRML
14:56:05.913002,DeltaHedging_Sensex::NRML
14:56:25.906696500,DeltaHedging_BN:BANKNIFTY24NOVFUT Valar>0 Uday>0;:NRML
14:56:25.909688500,DeltaHedging_Nifty::NRML
14:56:25.910214600,DeltaHedging_FN::NRML
14:56:25.911199700,DeltaHedging_BankEx::NRML
14:56:25.911199700,DeltaHedging_Sensex::NRML
14:56:45.906938700,DeltaHedging_BN:BANKNIFTY24NOVFUT Valar>0 Uday>0;:NRML
14:56:45.910927100,DeltaHedging_Nifty::NRML
14:56:45.911925200,DeltaHedging_FN::NRML
14:56:45.912921800,DeltaHedging_BankEx::NRML
14:56:45.912921800,DeltaHedging_Sensex::NRML
14:57:05.907355,DeltaHedging_BN:BANKNIFTY24NOVFUT Valar>0 Uday>0;:NRML
14:57:05.910313300,DeltaHedging_Nifty::NRML
14:57:05.910313300,DeltaHedging_FN::NRML
14:57:05.911311500,DeltaHedging_BankEx::NRML
14:57:05.911311500,DeltaHedging_Sensex::NRML
14:57:25.908922800,DeltaHedging_BN:BANKNIFTY24NOVFUT Valar>0 Uday>0;:NRML
14:57:25.932710200,DeltaHedging_Nifty::NRML
14:57:25.932710200,DeltaHedging_FN::NRML
14:57:25.933702800,DeltaHedging_BankEx::NRML
14:57:25.934700400,DeltaHedging_Sensex::NRML
14:57:45.907682,DeltaHedging_BN:BANKNIFTY24NOVFUT Valar>0 Uday>0;:NRML
14:57:45.909676800,DeltaHedging_Nifty::NRML
14:57:45.910673800,DeltaHedging_FN::NRML
14:57:45.911665400,DeltaHedging_BankEx::NRML
14:57:45.911665400,DeltaHedging_Sensex::NRML
14:58:05.907049300,DeltaHedging_BN:BANKNIFTY24NOVFUT Valar>0 Uday>0;:NRML
14:58:05.909043900,DeltaHedging_Nifty::NRML
14:58:05.910041500,DeltaHedging_FN::NRML
14:58:05.954732200,DeltaHedging_BankEx::NRML
14:58:05.955528200,DeltaHedging_Sensex::NRML
14:58:25.906995400,DeltaHedging_BN:BANKNIFTY24NOVFUT Valar>0 Uday>0;:NRML
14:58:25.908989100,DeltaHedging_Nifty::NRML
14:58:25.909986,DeltaHedging_FN::NRML
14:58:25.910983100,DeltaHedging_BankEx::NRML
14:58:25.910983100,DeltaHedging_Sensex::NRML
14:58:45.907235500,DeltaHedging_BN:BANKNIFTY24NOVFUT Valar>0 Uday>0;:NRML
14:58:45.910106900,DeltaHedging_Nifty::NRML
14:58:45.912219800,DeltaHedging_FN::NRML
14:58:45.912737900,DeltaHedging_BankEx::NRML
14:58:45.912737900,DeltaHedging_Sensex::NRML
14:59:05.907245100,DeltaHedging_BN:BANKNIFTY24NOVFUT Valar>0 Uday>0;:NRML
14:59:05.910236200,DeltaHedging_Nifty::NRML
14:59:05.911233500,DeltaHedging_FN::NRML
14:59:05.911233500,DeltaHedging_BankEx::NRML
14:59:05.912324,DeltaHedging_Sensex::NRML
14:59:25.907209,DeltaHedging_BN:BANKNIFTY24NOVFUT Valar>0 Uday>0;:NRML
14:59:25.912603200,DeltaHedging_Nifty::NRML
14:59:25.913117400,DeltaHedging_FN::NRML
14:59:25.913630100,DeltaHedging_BankEx::NRML
14:59:25.913684200,DeltaHedging_Sensex::NRML
14:59:45.907202600,DeltaHedging_BN:BANKNIFTY24NOVFUT Valar>0 Uday>0;:NRML
14:59:45.912950200,DeltaHedging_Nifty::NRML
14:59:45.913779300,DeltaHedging_FN::NRML
14:59:45.914301300,DeltaHedging_BankEx::NRML
14:59:45.915054500,DeltaHedging_Sensex::NRML
15:00:05.906110300,DeltaHedging_BN:BANKNIFTY24NOVFUT Valar>0 Uday>0;:NRML
15:00:05.910098700,DeltaHedging_Nifty::NRML
15:00:05.911344400,DeltaHedging_FN::NRML
15:00:05.912995600,DeltaHedging_BankEx::NRML
15:00:05.913520500,DeltaHedging_Sensex::NRML
15:00:26.026205700,DeltaHedging_BN:BANKNIFTY24NOVFUT Valar>0 Uday>0;:NRML
15:00:26.037463900,DeltaHedging_Nifty::NRML
15:00:26.038454,DeltaHedging_FN::NRML
15:00:26.040449200,DeltaHedging_BankEx::NRML
15:00:26.044438900,DeltaHedging_Sensex::NRML
15:00:45.907201100,DeltaHedging_BN:BANKNIFTY24NOVFUT Valar>0 Uday>0;:NRML
15:00:45.909195800,DeltaHedging_Nifty::NRML
15:00:45.911189900,DeltaHedging_FN::NRML
15:00:45.912187100,DeltaHedging_BankEx::NRML
15:00:45.913152400,DeltaHedging_Sensex::NRML
15:01:05.906712500,DeltaHedging_BN:BANKNIFTY24NOVFUT Valar>0 Uday>0;:NRML
15:01:05.910718400,DeltaHedging_Nifty::NRML
15:01:05.911716300,DeltaHedging_FN::NRML
15:01:05.912714200,DeltaHedging_BankEx::NRML
15:01:05.912714200,DeltaHedging_Sensex::NRML
15:01:25.907018400,DeltaHedging_BN:BANKNIFTY24NOVFUT Valar>0 Uday>0;:NRML
15:01:25.920070700,DeltaHedging_Nifty::NRML
15:01:25.923442600,DeltaHedging_FN::NRML
15:01:25.925437100,DeltaHedging_BankEx::NRML
15:01:25.926434500,DeltaHedging_Sensex::NRML
15:01:45.907715,DeltaHedging_BN:BANKNIFTY24NOVFUT Valar>0 Uday>0;:NRML
15:01:45.909710300,DeltaHedging_Nifty::NRML
15:01:45.910707700,DeltaHedging_FN::NRML
15:01:45.912703600,DeltaHedging_BankEx::NRML
15:01:45.912703600,DeltaHedging_Sensex::NRML
15:02:05.906898200,DeltaHedging_BN:BANKNIFTY24NOVFUT Valar>0 Uday>0;:NRML
15:02:05.909890,DeltaHedging_Nifty::NRML
15:02:05.910440800,DeltaHedging_FN::NRML
15:02:05.911950200,DeltaHedging_BankEx::NRML
15:02:05.912947100,DeltaHedging_Sensex::NRML
15:02:25.909541300,DeltaHedging_BN:BANKNIFTY24NOVFUT Valar>0 Uday>0;:NRML
15:02:25.952472200,DeltaHedging_Nifty::NRML
15:02:25.953190100,DeltaHedging_FN::NRML
15:02:25.957694800,DeltaHedging_BankEx::NRML
15:02:25.958691,DeltaHedging_Sensex::NRML
15:02:46.022908300,DeltaHedging_BN:BANKNIFTY24NOVFUT Valar>0 Uday>0;:NRML
15:02:46.025531100,DeltaHedging_Nifty::NRML
15:02:46.025557400,DeltaHedging_FN::NRML
15:02:46.026089500,DeltaHedging_BankEx::NRML
15:02:46.026772500,DeltaHedging_Sensex::NRML
15:03:05.906814800,DeltaHedging_BN:BANKNIFTY24NOVFUT Valar>0 Uday>0;:NRML
15:03:05.915454700,DeltaHedging_Nifty::NRML
15:03:05.916480300,DeltaHedging_FN::NRML
15:03:05.916998600,DeltaHedging_BankEx::NRML
15:03:05.918027600,DeltaHedging_Sensex::NRML
15:03:25.908009700,DeltaHedging_BN:BANKNIFTY24NOVFUT Valar>0 Uday>0;:NRML
15:03:25.911267300,DeltaHedging_Nifty::NRML
15:03:25.911267300,DeltaHedging_FN::NRML
15:03:25.911961100,DeltaHedging_BankEx::NRML
15:03:25.912802100,DeltaHedging_Sensex::NRML
15:03:45.906585700,DeltaHedging_BN:BANKNIFTY24NOVFUT Valar>0 Uday>0;:NRML
15:03:45.909573,DeltaHedging_Nifty::NRML
15:03:45.910570600,DeltaHedging_FN::NRML
15:03:45.910570600,DeltaHedging_BankEx::NRML
15:03:45.911569700,DeltaHedging_Sensex::NRML
15:04:05.907369,DeltaHedging_BN:BANKNIFTY24NOVFUT Valar>0 Uday>0;:NRML
15:04:05.909363500,DeltaHedging_Nifty::NRML
15:04:05.911435500,DeltaHedging_FN::NRML
15:04:05.912212800,DeltaHedging_BankEx::NRML
15:04:05.912758200,DeltaHedging_Sensex::NRML
15:04:25.907598300,DeltaHedging_BN:BANKNIFTY24NOVFUT Valar>0 Uday>0;:NRML
15:04:25.910031800,DeltaHedging_Nifty::NRML
15:04:25.910546300,DeltaHedging_FN::NRML
15:04:25.912537100,DeltaHedging_BankEx::NRML
15:04:25.912537100,DeltaHedging_Sensex::NRML
15:04:45.908003500,DeltaHedging_BN:BANKNIFTY24NOVFUT Valar>0 Uday>0;:NRML
15:04:45.914180600,DeltaHedging_Nifty::NRML
15:04:45.914180600,DeltaHedging_FN::NRML
15:04:45.916243100,DeltaHedging_BankEx::NRML
15:04:45.916944700,DeltaHedging_Sensex::NRML
15:05:05.907241900,DeltaHedging_BN:BANKNIFTY24NOVFUT Valar>0 Uday>0;:NRML
15:05:05.912916200,DeltaHedging_Nifty::NRML
15:05:05.915517700,DeltaHedging_FN::NRML
15:05:05.917512400,DeltaHedging_BankEx::NRML
15:05:05.918510400,DeltaHedging_Sensex::NRML
15:05:25.906830600,DeltaHedging_BN:BANKNIFTY24NOVFUT Valar>0 Uday>0;:NRML
15:05:25.908790900,DeltaHedging_Nifty::NRML
15:05:25.909976900,DeltaHedging_FN::NRML
15:05:25.910496500,DeltaHedging_BankEx::NRML
15:05:25.910496500,DeltaHedging_Sensex::NRML
15:05:45.907116900,DeltaHedging_BN:BANKNIFTY24NOVFUT Valar>0 Uday>0;:NRML
15:05:45.909076,DeltaHedging_Nifty::NRML
15:05:45.910073900,DeltaHedging_FN::NRML
15:05:45.911071100,DeltaHedging_BankEx::NRML
15:05:45.912168700,DeltaHedging_Sensex::NRML
15:06:05.907564200,DeltaHedging_BN:BANKNIFTY24NOVFUT Valar>0 Uday>0;:NRML
15:06:05.909559600,DeltaHedging_Nifty::NRML
15:06:05.910506800,DeltaHedging_FN::NRML
15:06:05.911202500,DeltaHedging_BankEx::NRML
15:06:05.912279500,DeltaHedging_Sensex::NRML
15:06:25.907783100,DeltaHedging_BN:BANKNIFTY24NOVFUT Valar>0 Uday>0;:NRML
15:06:25.911249700,DeltaHedging_Nifty::NRML
15:06:25.912243200,DeltaHedging_FN::NRML
15:06:25.912243200,DeltaHedging_BankEx::NRML
15:06:25.912243200,DeltaHedging_Sensex::NRML
15:06:45.907615500,DeltaHedging_BN:BANKNIFTY24NOVFUT Valar>0 Uday>0;:NRML
15:06:45.915268800,DeltaHedging_Nifty::NRML
15:06:45.916337700,DeltaHedging_FN::NRML
15:06:45.916854500,DeltaHedging_BankEx::NRML
15:06:45.917846500,DeltaHedging_Sensex::NRML
15:07:05.906897300,DeltaHedging_BN:BANKNIFTY24NOVFUT Valar>0 Uday>0;:NRML
15:07:05.938282900,DeltaHedging_Nifty::NRML
15:07:05.938282900,DeltaHedging_FN::NRML
15:07:05.939280200,DeltaHedging_BankEx::NRML
15:07:05.939280200,DeltaHedging_Sensex::NRML
15:07:25.906736600,DeltaHedging_BN:BANKNIFTY24NOVFUT Valar>0 Uday>0;:NRML
15:07:25.908732200,DeltaHedging_Nifty::NRML
15:07:25.910249900,DeltaHedging_FN::NRML
15:07:25.915236,DeltaHedging_BankEx::NRML
15:07:25.916185700,DeltaHedging_Sensex::NRML
15:07:45.907180200,DeltaHedging_BN:BANKNIFTY24NOVFUT Valar>0 Uday>0;:NRML
15:07:45.909249300,DeltaHedging_Nifty::NRML
15:07:45.909249300,DeltaHedging_FN::NRML
15:07:45.910210600,DeltaHedging_BankEx::NRML
15:07:45.911208,DeltaHedging_Sensex::NRML
15:08:05.908743100,DeltaHedging_BN:BANKNIFTY24NOVFUT Valar>0 Uday>0;:NRML
15:08:05.916738300,DeltaHedging_Nifty::NRML
15:08:05.917766800,DeltaHedging_FN::NRML
15:08:05.918280900,DeltaHedging_BankEx::NRML
15:08:05.926254700,DeltaHedging_Sensex::NRML
15:08:25.906709300,DeltaHedging_BN:BANKNIFTY24NOVFUT Valar>0 Uday>0;:NRML
15:08:25.908703400,DeltaHedging_Nifty::NRML
15:08:25.909700100,DeltaHedging_FN::NRML
15:08:25.910698300,DeltaHedging_BankEx::NRML
15:08:25.911391300,DeltaHedging_Sensex::NRML
15:08:45.906927700,DeltaHedging_BN:BANKNIFTY24NOVFUT Valar>0 Uday>0;:NRML
15:08:45.908920700,DeltaHedging_Nifty::NRML
15:08:45.908920700,DeltaHedging_FN::NRML
15:08:45.909918900,DeltaHedging_BankEx::NRML
15:08:45.910683400,DeltaHedging_Sensex::NRML
15:09:05.907303700,DeltaHedging_BN:BANKNIFTY24NOVFUT Valar>0 Uday>0;:NRML
15:09:05.908267300,DeltaHedging_Nifty::NRML
15:09:05.909265300,DeltaHedging_FN::NRML
15:09:05.910262300,DeltaHedging_BankEx::NRML
15:09:05.913295100,DeltaHedging_Sensex::NRML
15:09:25.907591,DeltaHedging_BN:BANKNIFTY24NOVFUT Valar>0 Uday>0;:NRML
15:09:25.911580800,DeltaHedging_Nifty::NRML
15:09:25.912578100,DeltaHedging_FN::NRML
15:09:25.912578100,DeltaHedging_BankEx::NRML
15:09:25.913575100,DeltaHedging_Sensex::NRML
15:09:45.907575200,DeltaHedging_BN:BANKNIFTY24NOVFUT Valar>0 Uday>0;:NRML
15:09:45.908537600,DeltaHedging_Nifty::NRML
15:09:45.909532900,DeltaHedging_FN::NRML
15:09:45.909532900,DeltaHedging_BankEx::NRML
15:09:45.910530300,DeltaHedging_Sensex::NRML
15:10:05.906833400,DeltaHedging_BN:BANKNIFTY24NOVFUT Valar>0 Uday>0;:NRML
15:10:05.907829800,DeltaHedging_Nifty::NRML
15:10:05.908827700,DeltaHedging_FN::NRML
15:10:05.909824100,DeltaHedging_BankEx::NRML
15:10:05.909824100,DeltaHedging_Sensex::NRML
15:10:25.907646400,DeltaHedging_BN:BANKNIFTY24NOVFUT Valar>0 Uday>0;:NRML
15:10:25.910646800,DeltaHedging_Nifty::NRML
15:10:25.912633100,DeltaHedging_FN::NRML
15:10:25.912633100,DeltaHedging_BankEx::NRML
15:10:25.913433100,DeltaHedging_Sensex::NRML
15:10:45.907521100,DeltaHedging_BN:BANKNIFTY24NOVFUT Valar>0 Uday>0;:NRML
15:10:45.911523500,DeltaHedging_Nifty::NRML
15:10:45.912742900,DeltaHedging_FN::NRML
15:10:45.913260300,DeltaHedging_BankEx::NRML
15:10:45.914252600,DeltaHedging_Sensex::NRML
15:11:05.906858300,DeltaHedging_BN:BANKNIFTY24NOVFUT Valar>0 Uday>0;:NRML
15:11:05.908853,DeltaHedging_Nifty::NRML
15:11:05.908853,DeltaHedging_FN::NRML
15:11:05.909849200,DeltaHedging_BankEx::NRML
15:11:05.910847700,DeltaHedging_Sensex::NRML
15:11:25.907768500,DeltaHedging_BN:BANKNIFTY24NOVFUT Valar>0 Uday>0;:NRML
15:11:25.909691,DeltaHedging_Nifty::NRML
15:11:25.913208100,DeltaHedging_FN::NRML
15:11:25.913737800,DeltaHedging_BankEx::NRML
15:11:25.913737800,DeltaHedging_Sensex::NRML
15:11:45.907234800,DeltaHedging_BN:BANKNIFTY24NOVFUT Valar>0 Uday>0;:NRML
15:11:45.908902300,DeltaHedging_Nifty::NRML
15:11:45.909395600,DeltaHedging_FN::NRML
15:11:45.909952100,DeltaHedging_BankEx::NRML
15:11:45.911902300,DeltaHedging_Sensex::NRML
15:12:05.914337400,DeltaHedging_BN:BANKNIFTY24NOVFUT Valar>0 Uday>0;:NRML
15:12:05.915334,DeltaHedging_Nifty::NRML
15:12:05.915334,DeltaHedging_FN::NRML
15:12:05.916331100,DeltaHedging_BankEx::NRML
15:12:05.916331100,DeltaHedging_Sensex::NRML
15:12:25.906441500,DeltaHedging_BN:BANKNIFTY24NOVFUT Valar>0 Uday>0;:NRML
15:12:25.907438700,DeltaHedging_Nifty::NRML
15:12:25.908436200,DeltaHedging_FN::NRML
15:12:25.909433400,DeltaHedging_BankEx::NRML
15:12:25.909433400,DeltaHedging_Sensex::NRML
15:12:45.921446600,DeltaHedging_BN:BANKNIFTY24NOVFUT Valar>0 Uday>0;:NRML
15:12:45.922837100,DeltaHedging_Nifty::NRML
15:12:45.927818,DeltaHedging_FN::NRML
15:12:45.928814500,DeltaHedging_BankEx::NRML
15:12:45.936888400,DeltaHedging_Sensex::NRML
15:13:05.907839900,DeltaHedging_BN:BANKNIFTY24NOVFUT Valar>0 Uday>0;:NRML
15:13:05.913935800,DeltaHedging_Nifty::NRML
15:13:05.915748700,DeltaHedging_FN::NRML
15:13:05.917263200,DeltaHedging_BankEx::NRML
15:13:05.922787,DeltaHedging_Sensex::NRML
15:13:25.906862600,DeltaHedging_BN:BANKNIFTY24NOVFUT Valar>0 Uday>0;:NRML
15:13:25.907858600,DeltaHedging_Nifty::NRML
15:13:25.911472600,DeltaHedging_FN::NRML
15:13:25.911988700,DeltaHedging_BankEx::NRML
15:13:25.911988700,DeltaHedging_Sensex::NRML
15:13:45.907547,DeltaHedging_BN:BANKNIFTY24NOVFUT Valar>0 Uday>0;:NRML
15:13:45.908542200,DeltaHedging_Nifty::NRML
15:13:45.908542200,DeltaHedging_FN::NRML
15:13:45.910014,DeltaHedging_BankEx::NRML
15:13:45.910014,DeltaHedging_Sensex::NRML
15:14:05.907093700,DeltaHedging_BN:BANKNIFTY24NOVFUT Valar>0 Uday>0;:NRML
15:14:05.909088,DeltaHedging_Nifty::NRML
15:14:05.910085200,DeltaHedging_FN::NRML
15:14:05.912223100,DeltaHedging_BankEx::NRML
15:14:05.921713300,DeltaHedging_Sensex::NRML
15:14:25.906968700,DeltaHedging_BN:BANKNIFTY24NOVFUT Valar>0 Uday>0;:NRML
15:14:25.907965,DeltaHedging_Nifty::NRML
15:14:25.911648200,DeltaHedging_FN::NRML
15:14:25.912179,DeltaHedging_BankEx::NRML
15:14:25.912693600,DeltaHedging_Sensex::NRML
15:14:45.908131,DeltaHedging_BN:BANKNIFTY24NOVFUT Valar>0 Uday>0;:NRML
15:14:45.910180500,DeltaHedging_Nifty::NRML
15:14:45.910700100,DeltaHedging_FN::NRML
15:14:46.013102,DeltaHedging_BankEx::NRML
15:14:46.013102,DeltaHedging_Sensex::NRML
15:15:05.913124700,DeltaHedging_BN:BANKNIFTY24NOVFUT Valar>0 Uday>0;:NRML
15:15:05.923097500,DeltaHedging_Nifty::NRML
15:15:05.924094700,DeltaHedging_FN::NRML
15:15:05.935815,DeltaHedging_BankEx::NRML
15:15:05.937804300,DeltaHedging_Sensex::NRML
15:15:25.911830500,DeltaHedging_BN:BANKNIFTY24NOVFUT Valar>0 Uday>0;:NRML
15:15:25.912830,DeltaHedging_Nifty::NRML
15:15:25.912830,DeltaHedging_FN::NRML
15:15:25.913825700,DeltaHedging_BankEx::NRML
15:15:25.914823,DeltaHedging_Sensex::NRML
15:15:45.907020700,DeltaHedging_BN:BANKNIFTY24NOVFUT Valar>0 Uday>0;:NRML
15:15:45.909016400,DeltaHedging_Nifty::NRML
15:15:45.910013100,DeltaHedging_FN::NRML
15:15:45.910013100,DeltaHedging_BankEx::NRML
15:15:45.911010400,DeltaHedging_Sensex::NRML
15:16:05.906695400,DeltaHedging_BN:BANKNIFTY24NOVFUT Valar>0 Uday>0;:NRML
15:16:05.907692300,DeltaHedging_Nifty::NRML
15:16:05.907692300,DeltaHedging_FN::NRML
15:16:05.908690300,DeltaHedging_BankEx::NRML
15:16:05.909687200,DeltaHedging_Sensex::NRML
15:16:25.907911700,DeltaHedging_BN:BANKNIFTY24NOVFUT Valar>0 Uday>0;:NRML
15:16:25.909967100,DeltaHedging_Nifty::NRML
15:16:25.911179900,DeltaHedging_FN::NRML
15:16:25.912172700,DeltaHedging_BankEx::NRML
15:16:25.912172700,DeltaHedging_Sensex::NRML
15:16:45.908945800,DeltaHedging_BN:BANKNIFTY24NOVFUT Valar>0 Uday>0;:NRML
15:16:45.911937500,DeltaHedging_Nifty::NRML
15:16:45.911937500,DeltaHedging_FN::NRML
15:16:45.912934400,DeltaHedging_BankEx::NRML
15:16:45.913420900,DeltaHedging_Sensex::NRML
15:17:05.907055100,DeltaHedging_BN:BANKNIFTY24NOVFUT Valar>0 Uday>0;:NRML
15:17:05.908052100,DeltaHedging_Nifty::NRML
15:17:05.909049700,DeltaHedging_FN::NRML
15:17:05.909049700,DeltaHedging_BankEx::NRML
15:17:05.910046900,DeltaHedging_Sensex::NRML
15:17:25.906479600,DeltaHedging_BN:BANKNIFTY24NOVFUT Valar>0 Uday>0;:NRML
15:17:25.907476800,DeltaHedging_Nifty::NRML
15:17:25.908474700,DeltaHedging_FN::NRML
15:17:25.909472500,DeltaHedging_BankEx::NRML
15:17:25.909472500,DeltaHedging_Sensex::NRML
15:17:45.907100800,DeltaHedging_BN:BANKNIFTY24NOVFUT Valar>0 Uday>0;:NRML
15:17:45.909096100,DeltaHedging_Nifty::NRML
15:17:45.910094700,DeltaHedging_FN::NRML
15:17:45.910094700,DeltaHedging_BankEx::NRML
15:17:45.911092200,DeltaHedging_Sensex::NRML
15:18:05.907019900,DeltaHedging_BN:BANKNIFTY24NOVFUT Valar>0 Uday>0;:NRML
15:18:05.908022400,DeltaHedging_Nifty::NRML
15:18:05.909013200,DeltaHedging_FN::NRML
15:18:05.910012,DeltaHedging_BankEx::NRML
15:18:05.911359700,DeltaHedging_Sensex::NRML
15:18:25.906517500,DeltaHedging_BN:BANKNIFTY24NOVFUT Valar>0 Uday>0;:NRML
15:18:25.908511700,DeltaHedging_Nifty::NRML
15:18:25.912510600,DeltaHedging_FN::NRML
15:18:25.914549800,DeltaHedging_BankEx::NRML
15:18:25.914549800,DeltaHedging_Sensex::NRML
15:18:45.907617800,DeltaHedging_BN:BANKNIFTY24NOVFUT Valar>0 Uday>0;:NRML
15:18:45.909049800,DeltaHedging_Nifty::NRML
15:18:45.909653800,DeltaHedging_FN::NRML
15:18:45.910721400,DeltaHedging_BankEx::NRML
15:18:45.910721400,DeltaHedging_Sensex::NRML
15:19:05.906972,DeltaHedging_BN:BANKNIFTY24NOVFUT Valar>0 Uday>0;:NRML
15:19:05.907968700,DeltaHedging_Nifty::NRML
15:19:05.908965900,DeltaHedging_FN::NRML
15:19:05.908965900,DeltaHedging_BankEx::NRML
15:19:05.909963,DeltaHedging_Sensex::NRML
15:19:25.907647700,DeltaHedging_BN:BANKNIFTY24NOVFUT Valar>0 Uday>0;:NRML
15:19:25.908613400,DeltaHedging_Nifty::NRML
15:19:25.910022500,DeltaHedging_FN::NRML
15:19:25.910022500,DeltaHedging_BankEx::NRML
15:19:25.911010200,DeltaHedging_Sensex::NRML
15:19:45.906761200,DeltaHedging_BN:BANKNIFTY24NOVFUT Valar>0 Uday>0;:NRML
15:19:45.929818800,DeltaHedging_Nifty::NRML
15:19:45.950859900,DeltaHedging_FN::NRML
15:19:45.951912800,DeltaHedging_BankEx::NRML
15:19:45.952439900,DeltaHedging_Sensex::NRML
15:20:05.906733400,DeltaHedging_BN:BANKNIFTY24NOVFUT Valar>0 Uday>0;:NRML
15:20:05.908726700,DeltaHedging_Nifty::NRML
15:20:05.909723600,DeltaHedging_FN::NRML
15:20:05.909723600,DeltaHedging_BankEx::NRML
15:20:05.910722300,DeltaHedging_Sensex::NRML
15:20:25.906817600,DeltaHedging_BN:BANKNIFTY24NOVFUT Valar>0 Uday>0;:NRML
15:20:25.907815100,DeltaHedging_Nifty::NRML
15:20:25.908811600,DeltaHedging_FN::NRML
15:20:25.911668600,DeltaHedging_BankEx::NRML
15:20:25.912529400,DeltaHedging_Sensex::NRML
15:20:45.906426400,DeltaHedging_BN:BANKNIFTY24NOVFUT Valar>0 Uday>0;:NRML
15:20:45.907425200,DeltaHedging_Nifty::NRML
15:20:45.908422400,DeltaHedging_FN::NRML
15:20:45.908422400,DeltaHedging_BankEx::NRML
15:20:45.909418600,DeltaHedging_Sensex::NRML
15:21:05.907191800,DeltaHedging_BN:BANKNIFTY24NOVFUT Valar>0 Uday>0;:NRML
15:21:05.909186300,DeltaHedging_Nifty::NRML
15:21:05.910182700,DeltaHedging_FN::NRML
15:21:05.910182700,DeltaHedging_BankEx::NRML
15:21:05.911180100,DeltaHedging_Sensex::NRML
15:21:25.969512700,DeltaHedging_BN:BANKNIFTY24NOVFUT Valar>0 Uday>0;:NRML
15:21:25.980389700,DeltaHedging_Nifty::NRML
15:21:25.980918800,DeltaHedging_FN::NRML
15:21:25.982085400,DeltaHedging_BankEx::NRML
15:21:25.983090300,DeltaHedging_Sensex::NRML
15:21:45.907277500,DeltaHedging_BN:BANKNIFTY24NOVFUT Valar>0 Uday>0;:NRML
15:21:45.912263600,DeltaHedging_Nifty::NRML
15:21:45.913336400,DeltaHedging_FN::NRML
15:21:45.938267500,DeltaHedging_BankEx::NRML
15:21:45.939264900,DeltaHedging_Sensex::NRML
15:22:05.906748100,DeltaHedging_BN:BANKNIFTY24NOVFUT Valar>0 Uday>0;:NRML
15:22:05.909352,DeltaHedging_Nifty::NRML
15:22:05.909866400,DeltaHedging_FN::NRML
15:22:05.910830300,DeltaHedging_BankEx::NRML
15:22:05.911461,DeltaHedging_Sensex::NRML
15:22:25.907806200,DeltaHedging_BN:BANKNIFTY24NOVFUT Valar>0 Uday>0;:NRML
15:22:25.908804700,DeltaHedging_Nifty::NRML
15:22:25.909801600,DeltaHedging_FN::NRML
15:22:25.909801600,DeltaHedging_BankEx::NRML
15:22:25.910798300,DeltaHedging_Sensex::NRML
15:22:45.907315400,DeltaHedging_BN:BANKNIFTY24NOVFUT Valar>0 Uday>0;:NRML
15:22:45.908609500,DeltaHedging_Nifty::NRML
15:22:45.909019500,DeltaHedging_FN::NRML
15:22:45.911448900,DeltaHedging_BankEx::NRML
15:22:45.911973600,DeltaHedging_Sensex::NRML
15:23:05.907672300,DeltaHedging_BN:BANKNIFTY24NOVFUT Valar>0 Uday>0;:NRML
15:23:05.908674100,DeltaHedging_Nifty::NRML
15:23:05.909668300,DeltaHedging_FN::NRML
15:23:05.910665500,DeltaHedging_BankEx::NRML
15:23:05.911879200,DeltaHedging_Sensex::NRML
15:23:25.907858800,DeltaHedging_BN:BANKNIFTY24NOVFUT Valar>0 Uday>0;:NRML
15:23:25.908850500,DeltaHedging_Nifty::NRML
15:23:25.911488500,DeltaHedging_FN::NRML
15:23:25.911488500,DeltaHedging_BankEx::NRML
15:23:25.912480600,DeltaHedging_Sensex::NRML
15:23:45.907403300,DeltaHedging_BN:BANKNIFTY24NOVFUT Valar>0 Uday>0;:NRML
15:23:45.908932300,DeltaHedging_Nifty::NRML
15:23:45.909447500,DeltaHedging_FN::NRML
15:23:45.909963500,DeltaHedging_BankEx::NRML
15:23:45.909963500,DeltaHedging_Sensex::NRML
15:24:05.907135,DeltaHedging_BN:BANKNIFTY24NOVFUT Valar>0 Uday>0;:NRML
15:24:05.908131200,DeltaHedging_Nifty::NRML
15:24:05.909128500,DeltaHedging_FN::NRML
15:24:05.909128500,DeltaHedging_BankEx::NRML
15:24:05.910205800,DeltaHedging_Sensex::NRML
15:24:25.908193800,DeltaHedging_BN:BANKNIFTY24NOVFUT Valar>0 Uday>0;:NRML
15:24:25.912314300,DeltaHedging_Nifty::NRML
15:24:25.913078,DeltaHedging_FN::NRML
15:24:25.913632500,DeltaHedging_BankEx::NRML
15:24:25.914467200,DeltaHedging_Sensex::NRML
15:24:45.906873900,DeltaHedging_BN:BANKNIFTY24NOVFUT Valar>0 Uday>0;:NRML
15:24:45.908692700,DeltaHedging_Nifty::NRML
15:24:45.909367300,DeltaHedging_FN::NRML
15:24:45.909881800,DeltaHedging_BankEx::NRML
15:24:45.911405,DeltaHedging_Sensex::NRML
15:25:05.906622900,DeltaHedging_BN:BANKNIFTY24NOVFUT Valar>0 Uday>0;:NRML
15:25:05.907620200,DeltaHedging_Nifty::NRML
15:25:05.908617600,DeltaHedging_FN::NRML
15:25:05.909616400,DeltaHedging_BankEx::NRML
15:25:05.909616400,DeltaHedging_Sensex::NRML
15:25:25.907310900,DeltaHedging_BN:BANKNIFTY24NOVFUT Valar>0 Uday>0;:NRML
15:25:25.908308400,DeltaHedging_Nifty::NRML
15:25:25.908308400,DeltaHedging_FN::NRML
15:25:25.909896100,DeltaHedging_BankEx::NRML
15:25:25.912423900,DeltaHedging_Sensex::NRML
15:25:45.907082100,DeltaHedging_BN:BANKNIFTY24NOVFUT Valar>0 Uday>0;:NRML
15:25:45.911078500,DeltaHedging_Nifty::NRML
15:25:45.912004300,DeltaHedging_FN::NRML
15:25:45.912518700,DeltaHedging_BankEx::NRML
15:25:45.912518700,DeltaHedging_Sensex::NRML
15:26:05.907366400,DeltaHedging_BN:BANKNIFTY24NOVFUT Valar>0 Uday>0;:NRML
15:26:05.908887900,DeltaHedging_Nifty::NRML
15:26:05.909441200,DeltaHedging_FN::NRML
15:26:05.909957800,DeltaHedging_BankEx::NRML
15:26:05.909957800,DeltaHedging_Sensex::NRML
15:26:25.907585500,DeltaHedging_BN:BANKNIFTY24NOVFUT Valar>0 Uday>0;:NRML
15:26:25.911198400,DeltaHedging_Nifty::NRML
15:26:25.912977500,DeltaHedging_FN::NRML
15:26:25.913964,DeltaHedging_BankEx::NRML
15:26:25.914961300,DeltaHedging_Sensex::NRML
15:26:45.907430600,DeltaHedging_BN:BANKNIFTY24NOVFUT Valar>0 Uday>0;:NRML
15:26:45.911615100,DeltaHedging_Nifty::NRML
15:26:45.912321400,DeltaHedging_FN::NRML
15:26:45.912889400,DeltaHedging_BankEx::NRML
15:26:45.913421500,DeltaHedging_Sensex::NRML
15:27:05.907268100,DeltaHedging_BN:BANKNIFTY24NOVFUT Valar>0 Uday>0;:NRML
15:27:05.917279200,DeltaHedging_Nifty::NRML
15:27:05.917279200,DeltaHedging_FN::NRML
15:27:05.918265,DeltaHedging_BankEx::NRML
15:27:05.922659600,DeltaHedging_Sensex::NRML
15:27:25.907255600,DeltaHedging_BN:BANKNIFTY24NOVFUT Valar>0 Uday>0;:NRML
15:27:25.908251900,DeltaHedging_Nifty::NRML
15:27:25.909255200,DeltaHedging_FN::NRML
15:27:25.909330200,DeltaHedging_BankEx::NRML
15:27:25.910707800,DeltaHedging_Sensex::NRML
15:27:45.906874600,DeltaHedging_BN:BANKNIFTY24NOVFUT Valar>0 Uday>0;:NRML
15:27:45.908868300,DeltaHedging_Nifty::NRML
15:27:45.908868300,DeltaHedging_FN::NRML
15:27:45.911861900,DeltaHedging_BankEx::NRML
15:27:45.911861900,DeltaHedging_Sensex::NRML
15:28:05.907555300,DeltaHedging_BN:BANKNIFTY24NOVFUT Valar>0 Uday>0;:NRML
15:28:05.908553,DeltaHedging_Nifty::NRML
15:28:05.909688100,DeltaHedging_FN::NRML
15:28:05.910631500,DeltaHedging_BankEx::NRML
15:28:05.911148700,DeltaHedging_Sensex::NRML
15:28:25.906776200,DeltaHedging_BN:BANKNIFTY24NOVFUT Valar>0 Uday>0;:NRML
15:28:25.908089300,DeltaHedging_Nifty::NRML
15:28:25.908821400,DeltaHedging_FN::NRML
15:28:25.909337500,DeltaHedging_BankEx::NRML
15:28:25.909337500,DeltaHedging_Sensex::NRML
15:28:45.906983800,DeltaHedging_BN:BANKNIFTY24NOVFUT Valar>0 Uday>0;:NRML
15:28:45.908328500,DeltaHedging_Nifty::NRML
15:28:45.908862,DeltaHedging_FN::NRML
15:28:45.909411,DeltaHedging_BankEx::NRML
15:28:45.910145500,DeltaHedging_Sensex::NRML
15:29:05.921829600,DeltaHedging_BN:BANKNIFTY24NOVFUT Valar>0 Uday>0;:NRML
15:29:05.923830900,DeltaHedging_Nifty::NRML
15:29:05.926385,DeltaHedging_FN::NRML
15:29:05.926901700,DeltaHedging_BankEx::NRML
15:29:05.927894600,DeltaHedging_Sensex::NRML
15:29:25.907027500,DeltaHedging_BN:BANKNIFTY24NOVFUT Valar>0 Uday>0;:NRML
15:29:25.909023700,DeltaHedging_Nifty::NRML
15:29:25.910019600,DeltaHedging_FN::NRML
15:29:25.911260500,DeltaHedging_BankEx::NRML
15:29:25.911779600,DeltaHedging_Sensex::NRML
15:29:46.010700100,DeltaHedging_BN:BANKNIFTY24NOVFUT Valar>0 Uday>0;:NRML
15:29:46.012210300,DeltaHedging_Nifty::NRML
15:29:46.014809700,DeltaHedging_FN::NRML
15:29:46.015691,DeltaHedging_BankEx::NRML
15:29:46.016210,DeltaHedging_Sensex::NRML
15:30:05.906775300,DeltaHedging_BN:BANKNIFTY24NOVFUT Valar>0 Uday>0;:NRML
15:30:05.908281,DeltaHedging_Nifty::NRML
15:30:05.908903800,DeltaHedging_FN::NRML
15:30:05.909422500,DeltaHedging_BankEx::NRML
15:30:05.910483700,DeltaHedging_Sensex::NRML
15:30:25.907357700,DeltaHedging_BN:BANKNIFTY24NOVFUT Valar>0 Uday>0;:NRML
15:30:25.917207400,DeltaHedging_Nifty::NRML
15:30:25.917797200,DeltaHedging_FN::NRML
15:30:25.918325600,DeltaHedging_BankEx::NRML
15:30:25.918949500,DeltaHedging_Sensex::NRML
15:30:45.907089600,DeltaHedging_BN:BANKNIFTY24NOVFUT Valar>0 Uday>0;:NRML
15:30:45.908465600,DeltaHedging_Nifty::NRML
15:30:45.909021400,DeltaHedging_FN::NRML
15:30:45.909564900,DeltaHedging_BankEx::NRML
15:30:45.909564900,DeltaHedging_Sensex::NRML
15:31:05.906572700,DeltaHedging_BN:BANKNIFTY24NOVFUT Valar>0 Uday>0;:NRML
15:31:05.908836300,DeltaHedging_Nifty::NRML
15:31:05.909539500,DeltaHedging_FN::NRML
15:31:05.910057200,DeltaHedging_BankEx::NRML
15:31:05.910057200,DeltaHedging_Sensex::NRML
16:23:05.351549300,DeltaHedging_BN::NRML
16:23:05.362525500,DeltaHedging_Nifty::NRML
16:23:05.363526300,DeltaHedging_FN::NRML
16:23:05.365518800,DeltaHedging_BankEx::NRML
16:23:05.365518800,DeltaHedging_Sensex::NRML
16:23:25.293278400,DeltaHedging_BN::NRML
16:23:25.296270900,DeltaHedging_Nifty::NRML
16:23:25.297268700,DeltaHedging_FN::NRML
16:23:25.299262500,DeltaHedging_BankEx::NRML
16:23:25.301093900,DeltaHedging_Sensex::NRML
16:23:45.255421600,DeltaHedging_BN::NRML
16:23:45.257416300,DeltaHedging_Nifty::NRML
16:23:45.258413700,DeltaHedging_FN::NRML
16:23:45.259269800,DeltaHedging_BankEx::NRML
16:23:45.260010100,DeltaHedging_Sensex::NRML
16:24:05.255126500,DeltaHedging_BN::NRML
16:24:05.256122600,DeltaHedging_Nifty::NRML
16:24:05.258117200,DeltaHedging_FN::NRML
16:24:05.258117200,DeltaHedging_BankEx::NRML
16:24:05.259115100,DeltaHedging_Sensex::NRML
16:24:25.255043400,DeltaHedging_BN::NRML
16:24:25.256042600,DeltaHedging_Nifty::NRML
16:24:25.258693100,DeltaHedging_FN::NRML
16:24:25.258693100,DeltaHedging_BankEx::NRML
16:24:25.260227300,DeltaHedging_Sensex::NRML
16:24:45.254583800,DeltaHedging_BN::NRML
16:24:45.255580300,DeltaHedging_Nifty::NRML
16:24:45.256850300,DeltaHedging_FN::NRML
16:24:45.257669900,DeltaHedging_BankEx::NRML
16:24:45.259197,DeltaHedging_Sensex::NRML
16:25:05.254772200,DeltaHedging_BN::NRML
16:25:05.257762800,DeltaHedging_Nifty::NRML
16:25:05.257762800,DeltaHedging_FN::NRML
16:25:05.258761800,DeltaHedging_BankEx::NRML
16:25:05.259758100,DeltaHedging_Sensex::NRML
16:25:25.258942,DeltaHedging_BN::NRML
16:25:25.260937600,DeltaHedging_Nifty::NRML
16:25:25.261933400,DeltaHedging_FN::NRML
16:25:25.265834300,DeltaHedging_BankEx::NRML
16:25:25.267814800,DeltaHedging_Sensex::NRML
16:25:45.255230900,DeltaHedging_BN::NRML
16:25:45.256229500,DeltaHedging_Nifty::NRML
16:25:45.259221300,DeltaHedging_FN::NRML
16:25:45.261215100,DeltaHedging_BankEx::NRML
16:25:45.262212400,DeltaHedging_Sensex::NRML
16:26:05.254486900,DeltaHedging_BN::NRML
16:26:05.258475700,DeltaHedging_Nifty::NRML
16:26:05.259472700,DeltaHedging_FN::NRML
16:26:05.269447300,DeltaHedging_BankEx::NRML
16:26:05.271683900,DeltaHedging_Sensex::NRML
