14:03:05.923082400,xxxxxxx_003:BANKNIFTY24NOVFUT Valar>0 Uday>0;:NRML
14:03:25.909239800,xxxxxxx_003:BANKNIFTY24NOVFUT Valar>0 Uday>0;:NRML
14:03:45.907674,xxxxxxx_003:BANKNIFTY24NOVFUT Valar>0 Uday>0;:NRML
14:04:05.959664600,xxxxxxx_003:BANKNIFTY24NOVFUT Valar>0 Uday>0;:NRML
14:04:25.907850400,xxxxxxx_003:BANKNIFTY24NOVFUT Valar>0 Uday>0;:NRML
14:04:45.909539800,xxxxxxx_003:BANKNIFTY24NOVFUT Valar>0 Uday>0;:NRML
14:05:05.919735400,xxxxxxx_003:BANKNIFTY24NOVFUT Valar>0 Uday>0;:NRML
14:05:25.907475700,xxxxxxx_003:BANKNIFTY24NOVFUT Valar>0 Uday>0;:NRML
14:05:45.907725900,xxxxxxx_003:BANKNIFTY24NOVFUT Valar>0 Uday>0;:NRML
14:06:05.909866200,xxxxxxx_003:BANKNIFTY24NOVFUT Valar>0 Uday>0;:NRML
14:06:25.908409400,xxxxxxx_003:BANKNIFTY24NOVFUT Valar>0 Uday>0;:NRML
14:06:45.908302700,xxxxxxx_003:BANKNIFTY24NOVFUT Valar>0 Uday>0;:NRML
14:07:05.923879400,xxxxxxx_003:BANKNIFTY24NOVFUT Valar>0 Uday>0;:NRML
14:07:25.911991500,xxxxxxx_003:BANKNIFTY24NOVFUT Valar>0 Uday>0;:NRML
14:07:45.946878400,xxxxxxx_003:BANKNIFTY24NOVFUT Valar>0 Uday>0;:NRML
14:08:05.907693,xxxxxxx_003:BANKNIFTY24NOVFUT Valar>0 Uday>0;:NRML
14:08:25.907473900,xxxxxxx_003:BANKNIFTY24NOVFUT Valar>0 Uday>0;:NRML
14:08:45.907789800,xxxxxxx_003:BANKNIFTY24NOVFUT Valar>0 Uday>0;:NRML
14:09:05.910250700,xxxxxxx_003:BANKNIFTY24NOVFUT Valar>0 Uday>0;:NRML
14:09:25.906912500,xxxxxxx_003:BANKNIFTY24NOVFUT Valar>0 Uday>0;:NRML
14:09:45.907850900,xxxxxxx_003:BANKNIFTY24NOVFUT Valar>0 Uday>0;:NRML
14:10:05.907527700,xxxxxxx_003:BANKNIFTY24NOVFUT Valar>0 Uday>0;:NRML
14:10:25.907187400,xxxxxxx_003:BANKNIFTY24NOVFUT Valar>0 Uday>0;:NRML
14:10:45.906645400,xxxxxxx_003:BANKNIFTY24NOVFUT Valar>0 Uday>0;:NRML
14:11:05.907368300,xxxxxxx_003:BANKNIFTY24NOVFUT Valar>0 Uday>0;:NRML
14:11:25.907628700,xxxxxxx_003:BANKNIFTY24NOVFUT Valar>0 Uday>0;:NRML
14:11:45.906805800,xxxxxxx_003:BANKNIFTY24NOVFUT Valar>0 Uday>0;:NRML
14:12:05.906843100,xxxxxxx_003:BANKNIFTY24NOVFUT Valar>0 Uday>0;:NRML
14:12:25.906972600,xxxxxxx_003:BANKNIFTY24NOVFUT Valar>0 Uday>0;:NRML
14:12:46.352236800,xxxxxxx_003:BANKNIFTY24NOVFUT Valar>0 Uday>0;:NRML
14:13:05.907642100,xxxxxxx_003:BANKNIFTY24NOVFUT Valar>0 Uday>0;:NRML
14:13:25.906482300,xxxxxxx_003:BANKNIFTY24NOVFUT Valar>0 Uday>0;:NRML
14:13:45.907892600,xxxxxxx_003:BANKNIFTY24NOVFUT Valar>0 Uday>0;:NRML
14:14:05.910601300,xxxxxxx_003:BANKNIFTY24NOVFUT Valar>0 Uday>0;:NRML
14:14:25.916904700,xxxxxxx_003:BANKNIFTY24NOVFUT Valar>0 Uday>0;:NRML
14:14:45.907670400,xxxxxxx_003:BANKNIFTY24NOVFUT Valar>0 Uday>0;:NRML
14:15:05.908401600,xxxxxxx_003:BANKNIFTY24NOVFUT Valar>0 Uday>0;:NRML
14:15:25.920597,xxxxxxx_003:BANKNIFTY24NOVFUT Valar>0 Uday>0;:NRML
14:15:45.907796800,xxxxxxx_003:BANKNIFTY24NOVFUT Valar>0 Uday>0;:NRML
14:16:06.065827400,xxxxxxx_003:BANKNIFTY24NOVFUT Valar>0 Uday>0;:NRML
14:16:25.907748400,xxxxxxx_003:BANKNIFTY24NOVFUT Valar>0 Uday>0;:NRML
14:16:45.916514200,xxxxxxx_003:BANKNIFTY24NOVFUT Valar>0 Uday>0;:NRML
14:17:05.908501500,xxxxxxx_003:BANKNIFTY24NOVFUT Valar>0 Uday>0;:NRML
14:17:26.017321100,xxxxxxx_003:BANKNIFTY24NOVFUT Valar>0 Uday>0;:NRML
14:17:45.908779500,xxxxxxx_003:BANKNIFTY24NOVFUT Valar>0 Uday>0;:NRML
14:18:05.906781600,xxxxxxx_003:BANKNIFTY24NOVFUT Valar>0 Uday>0;:NRML
14:18:25.909250100,xxxxxxx_003:BANKNIFTY24NOVFUT Valar>0 Uday>0;:NRML
14:18:45.907249200,xxxxxxx_003:BANKNIFTY24NOVFUT Valar>0 Uday>0;:NRML
14:19:05.908439200,xxxxxxx_003:BANKNIFTY24NOVFUT Valar>0 Uday>0;:NRML
14:19:25.907052700,xxxxxxx_003:BANKNIFTY24NOVFUT Valar>0 Uday>0;:NRML
14:19:45.906674200,xxxxxxx_003:BANKNIFTY24NOVFUT Valar>0 Uday>0;:NRML
14:20:05.907355900,xxxxxxx_003:BANKNIFTY24NOVFUT Valar>0 Uday>0;:NRML
14:20:25.906932900,xxxxxxx_003:BANKNIFTY24NOVFUT Valar>0 Uday>0;:NRML
14:20:46.024518,xxxxxxx_003:BANKNIFTY24NOVFUT Valar>0 Uday>0;:NRML
14:21:05.906998700,xxxxxxx_003:BANKNIFTY24NOVFUT Valar>0 Uday>0;:NRML
14:21:25.907325800,xxxxxxx_003:BANKNIFTY24NOVFUT Valar>0 Uday>0;:NRML
14:21:45.907735300,xxxxxxx_003:BANKNIFTY24NOVFUT Valar>0 Uday>0;:NRML
14:22:05.907620700,xxxxxxx_001:BANKNIFTY24NOVFUT Valar>0 Uday>0;:NRML
14:22:05.907620700,xxxxxxx_003:BANKNIFTY24NOVFUT Valar>0 Uday>0;:NRML
14:22:25.909870800,xxxxxxx_001:BANKNIFTY24NOVFUT Valar>0 Uday>0;:NRML
14:22:25.909870800,xxxxxxx_003:BANKNIFTY24NOVFUT Valar>0 Uday>0;:NRML
14:22:45.907549100,xxxxxxx_001:BANKNIFTY24NOVFUT Valar>0 Uday>0;:NRML
14:22:45.907549100,xxxxxxx_003:BANKNIFTY24NOVFUT Valar>0 Uday>0;:NRML
14:23:05.906640300,xxxxxxx_001:BANKNIFTY24NOVFUT Valar>0 Uday>0;:NRML
14:23:05.906640300,xxxxxxx_003:BANKNIFTY24NOVFUT Valar>0 Uday>0;:NRML
14:23:25.909631200,xxxxxxx_001:BANKNIFTY24NOVFUT Valar>0 Uday>0;:NRML
14:23:25.909631200,xxxxxxx_003:BANKNIFTY24NOVFUT Valar>0 Uday>0;:NRML
14:23:45.907603200,xxxxxxx_001:BANKNIFTY24NOVFUT Valar>0 Uday>0;:NRML
14:23:45.907603200,xxxxxxx_003:BANKNIFTY24NOVFUT Valar>0 Uday>0;:NRML
14:24:05.913747400,xxxxxxx_001:BANKNIFTY24NOVFUT Valar>0 Uday>0;:NRML
14:24:05.913747400,xxxxxxx_003:BANKNIFTY24NOVFUT Valar>0 Uday>0;:NRML
14:24:25.908410600,xxxxxxx_001:BANKNIFTY24NOVFUT Valar>0 Uday>0;:NRML
14:24:25.908410600,xxxxxxx_003:BANKNIFTY24NOVFUT Valar>0 Uday>0;:NRML
14:24:45.946401300,xxxxxxx_001:BANKNIFTY24NOVFUT Valar>0 Uday>0;:NRML
14:24:45.946401300,xxxxxxx_003:BANKNIFTY24NOVFUT Valar>0 Uday>0;:NRML
14:25:05.907738400,xxxxxxx_001:BANKNIFTY24NOVFUT Valar>0 Uday>0;:NRML
14:25:05.907738400,xxxxxxx_003:BANKNIFTY24NOVFUT Valar>0 Uday>0;:NRML
14:25:25.911740700,xxxxxxx_001:BANKNIFTY24NOVFUT Valar>0 Uday>0;:NRML
14:25:25.911740700,xxxxxxx_003:BANKNIFTY24NOVFUT Valar>0 Uday>0;:NRML
14:25:45.907347100,xxxxxxx_001:BANKNIFTY24NOVFUT Valar>0 Uday>0;:NRML
14:25:45.907347100,xxxxxxx_003:BANKNIFTY24NOVFUT Valar>0 Uday>0;:NRML
14:26:05.912262600,xxxxxxx_001:BANKNIFTY24NOVFUT Valar>0 Uday>0;:NRML
14:26:05.912262600,xxxxxxx_003:BANKNIFTY24NOVFUT Valar>0 Uday>0;:NRML
14:26:25.910304700,xxxxxxx_001:BANKNIFTY24NOVFUT Valar>0 Uday>0;:NRML
14:26:25.910304700,xxxxxxx_003:BANKNIFTY24NOVFUT Valar>0 Uday>0;:NRML
14:26:45.908289400,xxxxxxx_001:BANKNIFTY24NOVFUT Valar>0 Uday>0;:NRML
14:26:45.908289400,xxxxxxx_003:BANKNIFTY24NOVFUT Valar>0 Uday>0;:NRML
14:27:05.911922500,xxxxxxx_001:BANKNIFTY24NOVFUT Valar>0 Uday>0;:NRML
14:27:05.911922500,xxxxxxx_003:BANKNIFTY24NOVFUT Valar>0 Uday>0;:NRML
14:27:25.910793600,xxxxxxx_001:BANKNIFTY24NOVFUT Valar>0 Uday>0;:NRML
14:27:25.910793600,xxxxxxx_003:BANKNIFTY24NOVFUT Valar>0 Uday>0;:NRML
14:27:45.911512800,xxxxxxx_001:BANKNIFTY24NOVFUT Valar>0 Uday>0;:NRML
14:27:45.911512800,xxxxxxx_003:BANKNIFTY24NOVFUT Valar>0 Uday>0;:NRML
14:28:05.907714,xxxxxxx_001:BANKNIFTY24NOVFUT Valar>0 Uday>0;:NRML
14:28:05.907714,xxxxxxx_003:BANKNIFTY24NOVFUT Valar>0 Uday>0;:NRML
14:28:26.005270400,xxxxxxx_001:BANKNIFTY24NOVFUT Valar>0 Uday>0;:NRML
14:28:26.005270400,xxxxxxx_003:BANKNIFTY24NOVFUT Valar>0 Uday>0;:NRML
14:28:45.910660600,xxxxxxx_001:BANKNIFTY24NOVFUT Valar>0 Uday>0;:NRML
14:28:45.910660600,xxxxxxx_003:BANKNIFTY24NOVFUT Valar>0 Uday>0;:NRML
14:29:05.941285300,xxxxxxx_001:BANKNIFTY24NOVFUT Valar>0 Uday>0;:NRML
14:29:05.941285300,xxxxxxx_003:BANKNIFTY24NOVFUT Valar>0 Uday>0;:NRML
14:29:25.906901,xxxxxxx_001:BANKNIFTY24NOVFUT Valar>0 Uday>0;:NRML
14:29:25.906901,xxxxxxx_003:BANKNIFTY24NOVFUT Valar>0 Uday>0;:NRML
14:29:45.907299300,xxxxxxx_001:BANKNIFTY24NOVFUT Valar>0 Uday>0;:NRML
14:29:45.907299300,xxxxxxx_003:BANKNIFTY24NOVFUT Valar>0 Uday>0;:NRML
14:30:05.909944700,xxxxxxx_001:BANKNIFTY24NOVFUT Valar>0 Uday>0;:NRML
14:30:05.909944700,xxxxxxx_003:BANKNIFTY24NOVFUT Valar>0 Uday>0;:NRML
14:30:26.640300500,xxxxxxx_001:BANKNIFTY24NOVFUT Valar>0 Uday>0;:NRML
14:30:26.640300500,xxxxxxx_003:BANKNIFTY24NOVFUT Valar>0 Uday>0;:NRML
14:30:45.908058,xxxxxxx_001:BANKNIFTY24NOVFUT Valar>0 Uday>0;:NRML
14:30:45.908058,xxxxxxx_003:BANKNIFTY24NOVFUT Valar>0 Uday>0;:NRML
14:31:05.910569500,xxxxxxx_001:BANKNIFTY24NOVFUT Valar>0 Uday>0;:NRML
14:31:05.910569500,xxxxxxx_003:BANKNIFTY24NOVFUT Valar>0 Uday>0;:NRML
14:31:25.909945100,xxxxxxx_001:BANKNIFTY24NOVFUT Valar>0 Uday>0;:NRML
14:31:25.909945100,xxxxxxx_003:BANKNIFTY24NOVFUT Valar>0 Uday>0;:NRML
14:31:45.935988500,xxxxxxx_001:BANKNIFTY24NOVFUT Valar>0 Uday>0;:NRML
14:31:45.935988500,xxxxxxx_003:BANKNIFTY24NOVFUT Valar>0 Uday>0;:NRML
14:32:06.053100900,xxxxxxx_001:BANKNIFTY24NOVFUT Valar>0 Uday>0;:NRML
14:32:06.053100900,xxxxxxx_003:BANKNIFTY24NOVFUT Valar>0 Uday>0;:NRML
14:32:25.907249100,xxxxxxx_001:BANKNIFTY24NOVFUT Valar>0 Uday>0;:NRML
14:32:25.907249100,xxxxxxx_003:BANKNIFTY24NOVFUT Valar>0 Uday>0;:NRML
14:32:45.917472900,xxxxxxx_001:BANKNIFTY24NOVFUT Valar>0 Uday>0;:NRML
14:32:45.917472900,xxxxxxx_003:BANKNIFTY24NOVFUT Valar>0 Uday>0;:NRML
14:33:05.907014800,xxxxxxx_001:BANKNIFTY24NOVFUT Valar>0 Uday>0;:NRML
14:33:05.907014800,xxxxxxx_003:BANKNIFTY24NOVFUT Valar>0 Uday>0;:NRML
14:33:25.908070300,xxxxxxx_001:BANKNIFTY24NOVFUT Valar>0 Uday>0;:NRML
14:33:25.908070300,xxxxxxx_003:BANKNIFTY24NOVFUT Valar>0 Uday>0;:NRML
14:33:45.913409900,xxxxxxx_001:BANKNIFTY24NOVFUT Valar>0 Uday>0;:NRML
14:33:45.913409900,xxxxxxx_003:BANKNIFTY24NOVFUT Valar>0 Uday>0;:NRML
14:34:05.906601400,xxxxxxx_001:BANKNIFTY24NOVFUT Valar>0 Uday>0;:NRML
14:34:05.906601400,xxxxxxx_003:BANKNIFTY24NOVFUT Valar>0 Uday>0;:NRML
14:34:25.980310800,xxxxxxx_001:BANKNIFTY24NOVFUT Valar>0 Uday>0;:NRML
14:34:25.980310800,xxxxxxx_003:BANKNIFTY24NOVFUT Valar>0 Uday>0;:NRML
14:34:45.908046900,xxxxxxx_001:BANKNIFTY24NOVFUT Valar>0 Uday>0;:NRML
14:34:45.908046900,xxxxxxx_003:BANKNIFTY24NOVFUT Valar>0 Uday>0;:NRML
14:35:05.906707,xxxxxxx_001:BANKNIFTY24NOVFUT Valar>0 Uday>0;:NRML
14:35:05.906707,xxxxxxx_003:BANKNIFTY24NOVFUT Valar>0 Uday>0;:NRML
14:35:26.048757600,xxxxxxx_001:BANKNIFTY24NOVFUT Valar>0 Uday>0;:NRML
14:35:26.048757600,xxxxxxx_003:BANKNIFTY24NOVFUT Valar>0 Uday>0;:NRML
14:35:45.908546200,xxxxxxx_001:BANKNIFTY24NOVFUT Valar>0 Uday>0;:NRML
14:35:45.908546200,xxxxxxx_003:BANKNIFTY24NOVFUT Valar>0 Uday>0;:NRML
14:36:05.930823100,xxxxxxx_001:BANKNIFTY24NOVFUT Valar>0 Uday>0;:NRML
14:36:05.930823100,xxxxxxx_003:BANKNIFTY24NOVFUT Valar>0 Uday>0;:NRML
14:36:26.056068600,xxxxxxx_001:BANKNIFTY24NOVFUT Valar>0 Uday>0;:NRML
14:36:26.056068600,xxxxxxx_003:BANKNIFTY24NOVFUT Valar>0 Uday>0;:NRML
14:36:45.908462800,xxxxxxx_001:BANKNIFTY24NOVFUT Valar>0 Uday>0;:NRML
14:36:45.908462800,xxxxxxx_003:BANKNIFTY24NOVFUT Valar>0 Uday>0;:NRML
14:37:05.907829,xxxxxxx_001:BANKNIFTY24NOVFUT Valar>0 Uday>0;:NRML
14:37:05.907829,xxxxxxx_003:BANKNIFTY24NOVFUT Valar>0 Uday>0;:NRML
14:37:25.906931900,xxxxxxx_001:BANKNIFTY24NOVFUT Valar>0 Uday>0;:NRML
14:37:25.906931900,xxxxxxx_003:BANKNIFTY24NOVFUT Valar>0 Uday>0;:NRML
14:37:45.908192300,xxxxxxx_001:BANKNIFTY24NOVFUT Valar>0 Uday>0;:NRML
14:37:45.908192300,xxxxxxx_003:BANKNIFTY24NOVFUT Valar>0 Uday>0;:NRML
14:38:05.909557600,xxxxxxx_001:BANKNIFTY24NOVFUT Valar>0 Uday>0;:NRML
14:38:05.909557600,xxxxxxx_003:BANKNIFTY24NOVFUT Valar>0 Uday>0;:NRML
14:38:25.906780600,xxxxxxx_001:BANKNIFTY24NOVFUT Valar>0 Uday>0;:NRML
14:38:25.906780600,xxxxxxx_003:BANKNIFTY24NOVFUT Valar>0 Uday>0;:NRML
14:38:45.907281300,xxxxxxx_001:BANKNIFTY24NOVFUT Valar>0 Uday>0;:NRML
14:38:45.907281300,xxxxxxx_003:BANKNIFTY24NOVFUT Valar>0 Uday>0;:NRML
14:39:05.906864700,xxxxxxx_001:BANKNIFTY24NOVFUT Valar>0 Uday>0;:NRML
14:39:05.906864700,xxxxxxx_003:BANKNIFTY24NOVFUT Valar>0 Uday>0;:NRML
14:39:25.907752900,xxxxxxx_001:BANKNIFTY24NOVFUT Valar>0 Uday>0;:NRML
14:39:25.907752900,xxxxxxx_003:BANKNIFTY24NOVFUT Valar>0 Uday>0;:NRML
14:39:45.908521600,xxxxxxx_001:BANKNIFTY24NOVFUT Valar>0 Uday>0;:NRML
14:39:45.908521600,xxxxxxx_003:BANKNIFTY24NOVFUT Valar>0 Uday>0;:NRML
14:40:05.907557800,xxxxxxx_001:BANKNIFTY24NOVFUT Valar>0 Uday>0;:NRML
14:40:05.907557800,xxxxxxx_003:BANKNIFTY24NOVFUT Valar>0 Uday>0;:NRML
14:40:25.909183800,xxxxxxx_001:BANKNIFTY24NOVFUT Valar>0 Uday>0;:NRML
14:40:25.909183800,xxxxxxx_003:BANKNIFTY24NOVFUT Valar>0 Uday>0;:NRML
14:40:45.906426500,xxxxxxx_001:BANKNIFTY24NOVFUT Valar>0 Uday>0;:NRML
14:40:45.906426500,xxxxxxx_003:BANKNIFTY24NOVFUT Valar>0 Uday>0;:NRML
14:41:05.913128300,xxxxxxx_001:BANKNIFTY24NOVFUT Valar>0 Uday>0;:NRML
14:41:05.913128300,xxxxxxx_003:BANKNIFTY24NOVFUT Valar>0 Uday>0;:NRML
14:41:25.907803500,xxxxxxx_001:BANKNIFTY24NOVFUT Valar>0 Uday>0;:NRML
14:41:25.907803500,xxxxxxx_003:BANKNIFTY24NOVFUT Valar>0 Uday>0;:NRML
14:41:45.909634500,xxxxxxx_001:BANKNIFTY24NOVFUT Valar>0 Uday>0;:NRML
14:41:45.909634500,xxxxxxx_003:BANKNIFTY24NOVFUT Valar>0 Uday>0;:NRML
14:42:05.906631500,xxxxxxx_001:BANKNIFTY24NOVFUT Valar>0 Uday>0;:NRML
14:42:05.906631500,xxxxxxx_003:BANKNIFTY24NOVFUT Valar>0 Uday>0;:NRML
14:42:25.908346300,xxxxxxx_001:BANKNIFTY24NOVFUT Valar>0 Uday>0;:NRML
14:42:25.908346300,xxxxxxx_003:BANKNIFTY24NOVFUT Valar>0 Uday>0;:NRML
14:42:45.908088100,xxxxxxx_001:BANKNIFTY24NOVFUT Valar>0 Uday>0;:NRML
14:42:45.908088100,xxxxxxx_003:BANKNIFTY24NOVFUT Valar>0 Uday>0;:NRML
14:43:05.908187400,xxxxxxx_001:BANKNIFTY24NOVFUT Valar>0 Uday>0;:NRML
14:43:05.908187400,xxxxxxx_003:BANKNIFTY24NOVFUT Valar>0 Uday>0;:NRML
14:43:25.906915100,xxxxxxx_001:BANKNIFTY24NOVFUT Valar>0 Uday>0;:NRML
14:43:25.906915100,xxxxxxx_003:BANKNIFTY24NOVFUT Valar>0 Uday>0;:NRML
14:43:45.907293200,xxxxxxx_001:BANKNIFTY24NOVFUT Valar>0 Uday>0;:NRML
14:43:45.907293200,xxxxxxx_003:BANKNIFTY24NOVFUT Valar>0 Uday>0;:NRML
14:44:05.907792100,xxxxxxx_001:BANKNIFTY24NOVFUT Valar>0 Uday>0;:NRML
14:44:05.907792100,xxxxxxx_003:BANKNIFTY24NOVFUT Valar>0 Uday>0;:NRML
14:44:25.929989600,xxxxxxx_001:BANKNIFTY24NOVFUT Valar>0 Uday>0;:NRML
14:44:25.929989600,xxxxxxx_003:BANKNIFTY24NOVFUT Valar>0 Uday>0;:NRML
14:44:45.907777600,xxxxxxx_001:BANKNIFTY24NOVFUT Valar>0 Uday>0;:NRML
14:44:45.907777600,xxxxxxx_003:BANKNIFTY24NOVFUT Valar>0 Uday>0;:NRML
14:45:05.906912900,xxxxxxx_001:BANKNIFTY24NOVFUT Valar>0 Uday>0;:NRML
14:45:05.906912900,xxxxxxx_003:BANKNIFTY24NOVFUT Valar>0 Uday>0;:NRML
14:45:25.907742600,xxxxxxx_001:BANKNIFTY24NOVFUT Valar>0 Uday>0;:NRML
14:45:25.907742600,xxxxxxx_003:BANKNIFTY24NOVFUT Valar>0 Uday>0;:NRML
14:45:45.907028400,xxxxxxx_001:BANKNIFTY24NOVFUT Valar>0 Uday>0;:NRML
14:45:45.907028400,xxxxxxx_003:BANKNIFTY24NOVFUT Valar>0 Uday>0;:NRML
14:46:05.907805100,xxxxxxx_001:BANKNIFTY24NOVFUT Valar>0 Uday>0;:NRML
14:46:05.907805100,xxxxxxx_003:BANKNIFTY24NOVFUT Valar>0 Uday>0;:NRML
14:46:25.907432300,xxxxxxx_001:BANKNIFTY24NOVFUT Valar>0 Uday>0;:NRML
14:46:25.907432300,xxxxxxx_003:BANKNIFTY24NOVFUT Valar>0 Uday>0;:NRML
14:46:45.907172200,xxxxxxx_001:BANKNIFTY24NOVFUT Valar>0 Uday>0;:NRML
14:46:45.907172200,xxxxxxx_003:BANKNIFTY24NOVFUT Valar>0 Uday>0;:NRML
14:47:05.907481500,xxxxxxx_001:BANKNIFTY24NOVFUT Valar>0 Uday>0;:NRML
14:47:05.907481500,xxxxxxx_003:BANKNIFTY24NOVFUT Valar>0 Uday>0;:NRML
14:47:25.907513200,xxxxxxx_001:BANKNIFTY24NOVFUT Valar>0 Uday>0;:NRML
14:47:25.907513200,xxxxxxx_003:BANKNIFTY24NOVFUT Valar>0 Uday>0;:NRML
14:47:45.907505800,xxxxxxx_001:BANKNIFTY24NOVFUT Valar>0 Uday>0;:NRML
14:47:45.907505800,xxxxxxx_003:BANKNIFTY24NOVFUT Valar>0 Uday>0;:NRML
14:48:05.907673800,xxxxxxx_001:BANKNIFTY24NOVFUT Valar>0 Uday>0;:NRML
14:48:05.907673800,xxxxxxx_003:BANKNIFTY24NOVFUT Valar>0 Uday>0;:NRML
14:48:25.907467500,xxxxxxx_001:BANKNIFTY24NOVFUT Valar>0 Uday>0;:NRML
14:48:25.907467500,xxxxxxx_003:BANKNIFTY24NOVFUT Valar>0 Uday>0;:NRML
14:48:45.907048100,xxxxxxx_001:BANKNIFTY24NOVFUT Valar>0 Uday>0;:NRML
14:48:45.907048100,xxxxxxx_003:BANKNIFTY24NOVFUT Valar>0 Uday>0;:NRML
14:49:05.907876400,xxxxxxx_001:BANKNIFTY24NOVFUT Valar>0 Uday>0;:NRML
14:49:05.907876400,xxxxxxx_003:BANKNIFTY24NOVFUT Valar>0 Uday>0;:NRML
14:49:25.907431600,xxxxxxx_001:BANKNIFTY24NOVFUT Valar>0 Uday>0;:NRML
14:49:25.907431600,xxxxxxx_003:BANKNIFTY24NOVFUT Valar>0 Uday>0;:NRML
14:49:45.998261500,xxxxxxx_001:BANKNIFTY24NOVFUT Valar>0 Uday>0;:NRML
14:49:45.998261500,xxxxxxx_003:BANKNIFTY24NOVFUT Valar>0 Uday>0;:NRML
14:50:05.908913300,xxxxxxx_001:BANKNIFTY24NOVFUT Valar>0 Uday>0;:NRML
14:50:05.908913300,xxxxxxx_003:BANKNIFTY24NOVFUT Valar>0 Uday>0;:NRML
14:50:25.966859400,xxxxxxx_001:BANKNIFTY24NOVFUT Valar>0 Uday>0;:NRML
14:50:25.966859400,xxxxxxx_003:BANKNIFTY24NOVFUT Valar>0 Uday>0;:NRML
14:50:45.907340600,xxxxxxx_001:BANKNIFTY24NOVFUT Valar>0 Uday>0;:NRML
14:50:45.907340600,xxxxxxx_003:BANKNIFTY24NOVFUT Valar>0 Uday>0;:NRML
14:51:05.907980700,xxxxxxx_001:BANKNIFTY24NOVFUT Valar>0 Uday>0;:NRML
14:51:05.907980700,xxxxxxx_003:BANKNIFTY24NOVFUT Valar>0 Uday>0;:NRML
14:51:25.906782200,xxxxxxx_001:BANKNIFTY24NOVFUT Valar>0 Uday>0;:NRML
14:51:25.906782200,xxxxxxx_003:BANKNIFTY24NOVFUT Valar>0 Uday>0;:NRML
14:51:45.906540500,xxxxxxx_001:BANKNIFTY24NOVFUT Valar>0 Uday>0;:NRML
14:51:45.906540500,xxxxxxx_003:BANKNIFTY24NOVFUT Valar>0 Uday>0;:NRML
14:52:05.907881700,xxxxxxx_001:BANKNIFTY24NOVFUT Valar>0 Uday>0;:NRML
14:52:05.907881700,xxxxxxx_003:BANKNIFTY24NOVFUT Valar>0 Uday>0;:NRML
14:52:25.907466800,xxxxxxx_001:BANKNIFTY24NOVFUT Valar>0 Uday>0;:NRML
14:52:25.907466800,xxxxxxx_003:BANKNIFTY24NOVFUT Valar>0 Uday>0;:NRML
14:52:45.907279,xxxxxxx_001:BANKNIFTY24NOVFUT Valar>0 Uday>0;:NRML
14:52:45.907279,xxxxxxx_003:BANKNIFTY24NOVFUT Valar>0 Uday>0;:NRML
14:53:05.907393,xxxxxxx_001:BANKNIFTY24NOVFUT Valar>0 Uday>0;:NRML
14:53:05.907393,xxxxxxx_003:BANKNIFTY24NOVFUT Valar>0 Uday>0;:NRML
14:53:25.906528900,xxxxxxx_001:BANKNIFTY24NOVFUT Valar>0 Uday>0;:NRML
14:53:25.906528900,xxxxxxx_003:BANKNIFTY24NOVFUT Valar>0 Uday>0;:NRML
14:53:45.907242,xxxxxxx_001:BANKNIFTY24NOVFUT Valar>0 Uday>0;:NRML
14:53:45.907242,xxxxxxx_003:BANKNIFTY24NOVFUT Valar>0 Uday>0;:NRML
14:54:05.907823100,xxxxxxx_001:BANKNIFTY24NOVFUT Valar>0 Uday>0;:NRML
14:54:05.907823100,xxxxxxx_003:BANKNIFTY24NOVFUT Valar>0 Uday>0;:NRML
14:54:25.928650200,xxxxxxx_001:BANKNIFTY24NOVFUT Valar>0 Uday>0;:NRML
14:54:25.928650200,xxxxxxx_003:BANKNIFTY24NOVFUT Valar>0 Uday>0;:NRML
14:54:45.907702500,xxxxxxx_001:BANKNIFTY24NOVFUT Valar>0 Uday>0;:NRML
14:54:45.907702500,xxxxxxx_003:BANKNIFTY24NOVFUT Valar>0 Uday>0;:NRML
14:55:05.907007100,xxxxxxx_001:BANKNIFTY24NOVFUT Valar>0 Uday>0;:NRML
14:55:05.907007100,xxxxxxx_003:BANKNIFTY24NOVFUT Valar>0 Uday>0;:NRML
14:55:25.907103800,xxxxxxx_001:BANKNIFTY24NOVFUT Valar>0 Uday>0;:NRML
14:55:25.907103800,xxxxxxx_003:BANKNIFTY24NOVFUT Valar>0 Uday>0;:NRML
14:55:46.092463500,xxxxxxx_001:BANKNIFTY24NOVFUT Valar>0 Uday>0;:NRML
14:55:46.092463500,xxxxxxx_003:BANKNIFTY24NOVFUT Valar>0 Uday>0;:NRML
14:56:05.907920800,xxxxxxx_001:BANKNIFTY24NOVFUT Valar>0 Uday>0;:NRML
14:56:05.907920800,xxxxxxx_002:BANKNIFTY24NOVFUT Valar>0 Uday>0;:NRML
14:56:05.907920800,xxxxxxx_003:BANKNIFTY24NOVFUT Valar>0 Uday>0;:NRML
14:56:25.906696500,xxxxxxx_001:BANKNIFTY24NOVFUT Valar>0 Uday>0;:NRML
14:56:25.906696500,xxxxxxx_002:BANKNIFTY24NOVFUT Valar>0 Uday>0;:NRML
14:56:25.906696500,xxxxxxx_003:BANKNIFTY24NOVFUT Valar>0 Uday>0;:NRML
14:56:45.906938700,xxxxxxx_001:BANKNIFTY24NOVFUT Valar>0 Uday>0;:NRML
14:56:45.906938700,xxxxxxx_002:BANKNIFTY24NOVFUT Valar>0 Uday>0;:NRML
14:56:45.906938700,xxxxxxx_003:BANKNIFTY24NOVFUT Valar>0 Uday>0;:NRML
14:57:05.907355,xxxxxxx_001:BANKNIFTY24NOVFUT Valar>0 Uday>0;:NRML
14:57:05.907355,xxxxxxx_002:BANKNIFTY24NOVFUT Valar>0 Uday>0;:NRML
14:57:05.907355,xxxxxxx_003:BANKNIFTY24NOVFUT Valar>0 Uday>0;:NRML
14:57:25.909920300,xxxxxxx_001:BANKNIFTY24NOVFUT Valar>0 Uday>0;:NRML
14:57:25.909920300,xxxxxxx_002:BANKNIFTY24NOVFUT Valar>0 Uday>0;:NRML
14:57:25.909920300,xxxxxxx_003:BANKNIFTY24NOVFUT Valar>0 Uday>0;:NRML
14:57:45.907682,xxxxxxx_001:BANKNIFTY24NOVFUT Valar>0 Uday>0;:NRML
14:57:45.907682,xxxxxxx_002:BANKNIFTY24NOVFUT Valar>0 Uday>0;:NRML
14:57:45.907682,xxxxxxx_003:BANKNIFTY24NOVFUT Valar>0 Uday>0;:NRML
14:58:05.907049300,xxxxxxx_001:BANKNIFTY24NOVFUT Valar>0 Uday>0;:NRML
14:58:05.907049300,xxxxxxx_002:BANKNIFTY24NOVFUT Valar>0 Uday>0;:NRML
14:58:05.907049300,xxxxxxx_003:BANKNIFTY24NOVFUT Valar>0 Uday>0;:NRML
14:58:25.906995400,xxxxxxx_001:BANKNIFTY24NOVFUT Valar>0 Uday>0;:NRML
14:58:25.906995400,xxxxxxx_002:BANKNIFTY24NOVFUT Valar>0 Uday>0;:NRML
14:58:25.906995400,xxxxxxx_003:BANKNIFTY24NOVFUT Valar>0 Uday>0;:NRML
14:58:45.907235500,xxxxxxx_001:BANKNIFTY24NOVFUT Valar>0 Uday>0;:NRML
14:58:45.907235500,xxxxxxx_002:BANKNIFTY24NOVFUT Valar>0 Uday>0;:NRML
14:58:45.907235500,xxxxxxx_003:BANKNIFTY24NOVFUT Valar>0 Uday>0;:NRML
14:59:05.907245100,xxxxxxx_001:BANKNIFTY24NOVFUT Valar>0 Uday>0;:NRML
14:59:05.907245100,xxxxxxx_002:BANKNIFTY24NOVFUT Valar>0 Uday>0;:NRML
14:59:05.907245100,xxxxxxx_003:BANKNIFTY24NOVFUT Valar>0 Uday>0;:NRML
14:59:25.907209,xxxxxxx_001:BANKNIFTY24NOVFUT Valar>0 Uday>0;:NRML
14:59:25.907209,xxxxxxx_002:BANKNIFTY24NOVFUT Valar>0 Uday>0;:NRML
14:59:25.907209,xxxxxxx_003:BANKNIFTY24NOVFUT Valar>0 Uday>0;:NRML
14:59:45.907202600,xxxxxxx_001:BANKNIFTY24NOVFUT Valar>0 Uday>0;:NRML
14:59:45.907202600,xxxxxxx_002:BANKNIFTY24NOVFUT Valar>0 Uday>0;:NRML
14:59:45.907202600,xxxxxxx_003:BANKNIFTY24NOVFUT Valar>0 Uday>0;:NRML
15:00:05.906110300,xxxxxxx_001:BANKNIFTY24NOVFUT Valar>0 Uday>0;:NRML
15:00:05.906110300,xxxxxxx_002:BANKNIFTY24NOVFUT Valar>0 Uday>0;:NRML
15:00:05.906110300,xxxxxxx_003:BANKNIFTY24NOVFUT Valar>0 Uday>0;:NRML
15:00:26.028361400,xxxxxxx_001:BANKNIFTY24NOVFUT Valar>0 Uday>0;:NRML
15:00:26.028361400,xxxxxxx_002:BANKNIFTY24NOVFUT Valar>0 Uday>0;:NRML
15:00:26.028361400,xxxxxxx_003:BANKNIFTY24NOVFUT Valar>0 Uday>0;:NRML
15:00:45.907201100,xxxxxxx_001:BANKNIFTY24NOVFUT Valar>0 Uday>0;:NRML
15:00:45.907201100,xxxxxxx_002:BANKNIFTY24NOVFUT Valar>0 Uday>0;:NRML
15:00:45.907201100,xxxxxxx_003:BANKNIFTY24NOVFUT Valar>0 Uday>0;:NRML
15:01:05.906712500,xxxxxxx_001:BANKNIFTY24NOVFUT Valar>0 Uday>0;:NRML
15:01:05.906712500,xxxxxxx_002:BANKNIFTY24NOVFUT Valar>0 Uday>0;:NRML
15:01:05.906712500,xxxxxxx_003:BANKNIFTY24NOVFUT Valar>0 Uday>0;:NRML
15:01:25.908015500,xxxxxxx_001:BANKNIFTY24NOVFUT Valar>0 Uday>0;:NRML
15:01:25.908015500,xxxxxxx_002:BANKNIFTY24NOVFUT Valar>0 Uday>0;:NRML
15:01:25.908015500,xxxxxxx_003:BANKNIFTY24NOVFUT Valar>0 Uday>0;:NRML
15:01:45.907715,xxxxxxx_001:BANKNIFTY24NOVFUT Valar>0 Uday>0;:NRML
15:01:45.907715,xxxxxxx_002:BANKNIFTY24NOVFUT Valar>0 Uday>0;:NRML
15:01:45.907715,xxxxxxx_003:BANKNIFTY24NOVFUT Valar>0 Uday>0;:NRML
15:02:05.907895100,xxxxxxx_001:BANKNIFTY24NOVFUT Valar>0 Uday>0;:NRML
15:02:05.907895100,xxxxxxx_002:BANKNIFTY24NOVFUT Valar>0 Uday>0;:NRML
15:02:05.907895100,xxxxxxx_003:BANKNIFTY24NOVFUT Valar>0 Uday>0;:NRML
15:02:25.912533400,xxxxxxx_001:BANKNIFTY24NOVFUT Valar>0 Uday>0;:NRML
15:02:25.912533400,xxxxxxx_002:BANKNIFTY24NOVFUT Valar>0 Uday>0;:NRML
15:02:25.912533400,xxxxxxx_003:BANKNIFTY24NOVFUT Valar>0 Uday>0;:NRML
15:02:46.022908300,xxxxxxx_001:BANKNIFTY24NOVFUT Valar>0 Uday>0;:NRML
15:02:46.022908300,xxxxxxx_002:BANKNIFTY24NOVFUT Valar>0 Uday>0;:NRML
15:02:46.022908300,xxxxxxx_003:BANKNIFTY24NOVFUT Valar>0 Uday>0;:NRML
15:03:05.907813,xxxxxxx_001:BANKNIFTY24NOVFUT Valar>0 Uday>0;:NRML
15:03:05.907813,xxxxxxx_002:BANKNIFTY24NOVFUT Valar>0 Uday>0;:NRML
15:03:05.907813,xxxxxxx_003:BANKNIFTY24NOVFUT Valar>0 Uday>0;:NRML
15:03:25.908009700,xxxxxxx_001:BANKNIFTY24NOVFUT Valar>0 Uday>0;:NRML
15:03:25.908009700,xxxxxxx_002:BANKNIFTY24NOVFUT Valar>0 Uday>0;:NRML
15:03:25.908009700,xxxxxxx_003:BANKNIFTY24NOVFUT Valar>0 Uday>0;:NRML
15:03:45.907580200,xxxxxxx_001:BANKNIFTY24NOVFUT Valar>0 Uday>0;:NRML
15:03:45.907580200,xxxxxxx_002:BANKNIFTY24NOVFUT Valar>0 Uday>0;:NRML
15:03:45.907580200,xxxxxxx_003:BANKNIFTY24NOVFUT Valar>0 Uday>0;:NRML
15:04:05.907369,xxxxxxx_001:BANKNIFTY24NOVFUT Valar>0 Uday>0;:NRML
15:04:05.907369,xxxxxxx_002:BANKNIFTY24NOVFUT Valar>0 Uday>0;:NRML
15:04:05.907369,xxxxxxx_003:BANKNIFTY24NOVFUT Valar>0 Uday>0;:NRML
15:04:25.907598300,xxxxxxx_001:BANKNIFTY24NOVFUT Valar>0 Uday>0;:NRML
15:04:25.907598300,xxxxxxx_002:BANKNIFTY24NOVFUT Valar>0 Uday>0;:NRML
15:04:25.907598300,xxxxxxx_003:BANKNIFTY24NOVFUT Valar>0 Uday>0;:NRML
15:04:45.909407100,xxxxxxx_001:BANKNIFTY24NOVFUT Valar>0 Uday>0;:NRML
15:04:45.909407100,xxxxxxx_002:BANKNIFTY24NOVFUT Valar>0 Uday>0;:NRML
15:04:45.909407100,xxxxxxx_003:BANKNIFTY24NOVFUT Valar>0 Uday>0;:NRML
15:05:05.908243,xxxxxxx_001:BANKNIFTY24NOVFUT Valar>0 Uday>0;:NRML
15:05:05.908243,xxxxxxx_002:BANKNIFTY24NOVFUT Valar>0 Uday>0;:NRML
15:05:05.908243,xxxxxxx_003:BANKNIFTY24NOVFUT Valar>0 Uday>0;:NRML
15:05:25.906830600,xxxxxxx_001:BANKNIFTY24NOVFUT Valar>0 Uday>0;:NRML
15:05:25.906830600,xxxxxxx_002:BANKNIFTY24NOVFUT Valar>0 Uday>0;:NRML
15:05:25.906830600,xxxxxxx_003:BANKNIFTY24NOVFUT Valar>0 Uday>0;:NRML
15:05:45.907116900,xxxxxxx_001:BANKNIFTY24NOVFUT Valar>0 Uday>0;:NRML
15:05:45.907116900,xxxxxxx_002:BANKNIFTY24NOVFUT Valar>0 Uday>0;:NRML
15:05:45.907116900,xxxxxxx_003:BANKNIFTY24NOVFUT Valar>0 Uday>0;:NRML
15:06:05.907564200,xxxxxxx_001:BANKNIFTY24NOVFUT Valar>0 Uday>0;:NRML
15:06:05.907564200,xxxxxxx_002:BANKNIFTY24NOVFUT Valar>0 Uday>0;:NRML
15:06:05.907564200,xxxxxxx_003:BANKNIFTY24NOVFUT Valar>0 Uday>0;:NRML
15:06:25.907783100,xxxxxxx_001:BANKNIFTY24NOVFUT Valar>0 Uday>0;:NRML
15:06:25.907783100,xxxxxxx_002:BANKNIFTY24NOVFUT Valar>0 Uday>0;:NRML
15:06:25.907783100,xxxxxxx_003:BANKNIFTY24NOVFUT Valar>0 Uday>0;:NRML
15:06:45.908612700,xxxxxxx_001:BANKNIFTY24NOVFUT Valar>0 Uday>0;:NRML
15:06:45.908612700,xxxxxxx_002:BANKNIFTY24NOVFUT Valar>0 Uday>0;:NRML
15:06:45.908612700,xxxxxxx_003:BANKNIFTY24NOVFUT Valar>0 Uday>0;:NRML
15:07:05.936474700,xxxxxxx_001:BANKNIFTY24NOVFUT Valar>0 Uday>0;:NRML
15:07:05.936474700,xxxxxxx_002:BANKNIFTY24NOVFUT Valar>0 Uday>0;:NRML
15:07:25.906736600,xxxxxxx_001:BANKNIFTY24NOVFUT Valar>0 Uday>0;:NRML
15:07:25.906736600,xxxxxxx_002:BANKNIFTY24NOVFUT Valar>0 Uday>0;:NRML
15:07:45.907180200,xxxxxxx_001:BANKNIFTY24NOVFUT Valar>0 Uday>0;:NRML
15:07:45.907180200,xxxxxxx_002:BANKNIFTY24NOVFUT Valar>0 Uday>0;:NRML
15:08:05.914244800,xxxxxxx_001:BANKNIFTY24NOVFUT Valar>0 Uday>0;:NRML
15:08:05.914244800,xxxxxxx_002:BANKNIFTY24NOVFUT Valar>0 Uday>0;:NRML
15:08:25.906709300,xxxxxxx_001:BANKNIFTY24NOVFUT Valar>0 Uday>0;:NRML
15:08:25.906709300,xxxxxxx_002:BANKNIFTY24NOVFUT Valar>0 Uday>0;:NRML
15:08:45.906927700,xxxxxxx_001:BANKNIFTY24NOVFUT Valar>0 Uday>0;:NRML
15:08:45.906927700,xxxxxxx_002:BANKNIFTY24NOVFUT Valar>0 Uday>0;:NRML
15:09:05.907303700,xxxxxxx_002:BANKNIFTY24NOVFUT Valar>0 Uday>0;:NRML
15:09:25.910597200,xxxxxxx_002:BANKNIFTY24NOVFUT Valar>0 Uday>0;:NRML
15:09:45.907575200,xxxxxxx_002:BANKNIFTY24NOVFUT Valar>0 Uday>0;:NRML
15:10:05.906833400,xxxxxxx_002:BANKNIFTY24NOVFUT Valar>0 Uday>0;:NRML
15:10:25.907646400,xxxxxxx_002:BANKNIFTY24NOVFUT Valar>0 Uday>0;:NRML
15:10:45.907521100,xxxxxxx_002:BANKNIFTY24NOVFUT Valar>0 Uday>0;:NRML
15:11:05.907859200,xxxxxxx_002:BANKNIFTY24NOVFUT Valar>0 Uday>0;:NRML
15:11:25.907768500,xxxxxxx_002:BANKNIFTY24NOVFUT Valar>0 Uday>0;:NRML
15:11:45.907804700,xxxxxxx_002:BANKNIFTY24NOVFUT Valar>0 Uday>0;:NRML
15:12:05.914337400,xxxxxxx_002:BANKNIFTY24NOVFUT Valar>0 Uday>0;:NRML
15:12:25.906441500,xxxxxxx_002:BANKNIFTY24NOVFUT Valar>0 Uday>0;:NRML
15:12:45.922319100,xxxxxxx_002:BANKNIFTY24NOVFUT Valar>0 Uday>0;:NRML
15:13:05.910832300,xxxxxxx_002:BANKNIFTY24NOVFUT Valar>0 Uday>0;:NRML
15:13:25.906862600,xxxxxxx_002:BANKNIFTY24NOVFUT Valar>0 Uday>0;:NRML
15:13:45.907547,xxxxxxx_002:BANKNIFTY24NOVFUT Valar>0 Uday>0;:NRML
15:14:05.909088,xxxxxxx_002:BANKNIFTY24NOVFUT Valar>0 Uday>0;:NRML
15:14:25.906968700,xxxxxxx_002:BANKNIFTY24NOVFUT Valar>0 Uday>0;:NRML
15:14:45.909458900,xxxxxxx_002:BANKNIFTY24NOVFUT Valar>0 Uday>0;:NRML
15:15:05.918111700,xxxxxxx_002:BANKNIFTY24NOVFUT Valar>0 Uday>0;:NRML
15:15:25.911830500,xxxxxxx_002:BANKNIFTY24NOVFUT Valar>0 Uday>0;:NRML
15:15:45.908019300,xxxxxxx_002:BANKNIFTY24NOVFUT Valar>0 Uday>0;:NRML
15:16:05.906695400,xxxxxxx_002:BANKNIFTY24NOVFUT Valar>0 Uday>0;:NRML
15:16:25.908907,xxxxxxx_002:BANKNIFTY24NOVFUT Valar>0 Uday>0;:NRML
15:16:45.908945800,xxxxxxx_002:BANKNIFTY24NOVFUT Valar>0 Uday>0;:NRML
15:17:05.907055100,xxxxxxx_002:BANKNIFTY24NOVFUT Valar>0 Uday>0;:NRML
15:17:25.907476800,xxxxxxx_002:BANKNIFTY24NOVFUT Valar>0 Uday>0;:NRML
15:17:45.908099300,xxxxxxx_002:BANKNIFTY24NOVFUT Valar>0 Uday>0;:NRML
15:18:05.907019900,xxxxxxx_002:BANKNIFTY24NOVFUT Valar>0 Uday>0;:NRML
15:18:25.907514900,xxxxxxx_002:BANKNIFTY24NOVFUT Valar>0 Uday>0;:NRML
15:18:45.907617800,xxxxxxx_002:BANKNIFTY24NOVFUT Valar>0 Uday>0;:NRML
15:19:05.906972,xxxxxxx_002:BANKNIFTY24NOVFUT Valar>0 Uday>0;:NRML
15:19:25.907647700,xxxxxxx_002:BANKNIFTY24NOVFUT Valar>0 Uday>0;:NRML
15:19:45.928626900,xxxxxxx_002:BANKNIFTY24NOVFUT Valar>0 Uday>0;:NRML
15:20:05.907729400,xxxxxxx_002:BANKNIFTY24NOVFUT Valar>0 Uday>0;:NRML
15:20:25.906817600,xxxxxxx_002:BANKNIFTY24NOVFUT Valar>0 Uday>0;:NRML
15:20:45.906426400,xxxxxxx_002:BANKNIFTY24NOVFUT Valar>0 Uday>0;:NRML
15:21:05.907191800,xxxxxxx_002:BANKNIFTY24NOVFUT Valar>0 Uday>0;:NRML
15:21:25.978818700,xxxxxxx_002:BANKNIFTY24NOVFUT Valar>0 Uday>0;:NRML
15:21:45.911266500,xxxxxxx_002:BANKNIFTY24NOVFUT Valar>0 Uday>0;:NRML
15:22:05.906748100,xxxxxxx_002:BANKNIFTY24NOVFUT Valar>0 Uday>0;:NRML
15:22:25.907806200,xxxxxxx_002:BANKNIFTY24NOVFUT Valar>0 Uday>0;:NRML
15:22:45.907315400,xxxxxxx_002:BANKNIFTY24NOVFUT Valar>0 Uday>0;:NRML
15:23:05.907672300,xxxxxxx_002:BANKNIFTY24NOVFUT Valar>0 Uday>0;:NRML
15:23:25.908850500,xxxxxxx_002:BANKNIFTY24NOVFUT Valar>0 Uday>0;:NRML
15:23:45.907403300,xxxxxxx_002:BANKNIFTY24NOVFUT Valar>0 Uday>0;:NRML
15:24:05.907135,xxxxxxx_002:BANKNIFTY24NOVFUT Valar>0 Uday>0;:NRML
15:24:25.909201500,xxxxxxx_002:BANKNIFTY24NOVFUT Valar>0 Uday>0;:NRML
15:24:45.906873900,xxxxxxx_002:BANKNIFTY24NOVFUT Valar>0 Uday>0;:NRML
15:25:05.906622900,xxxxxxx_002:BANKNIFTY24NOVFUT Valar>0 Uday>0;:NRML
15:25:25.907310900,xxxxxxx_002:BANKNIFTY24NOVFUT Valar>0 Uday>0;:NRML
15:25:45.909080200,xxxxxxx_002:BANKNIFTY24NOVFUT Valar>0 Uday>0;:NRML
15:26:05.907366400,xxxxxxx_002:BANKNIFTY24NOVFUT Valar>0 Uday>0;:NRML
15:26:25.908583400,xxxxxxx_002:BANKNIFTY24NOVFUT Valar>0 Uday>0;:NRML
15:26:45.907430600,xxxxxxx_002:BANKNIFTY24NOVFUT Valar>0 Uday>0;:NRML
15:27:05.908267,xxxxxxx_002:BANKNIFTY24NOVFUT Valar>0 Uday>0;:NRML
15:27:25.907255600,xxxxxxx_002:BANKNIFTY24NOVFUT Valar>0 Uday>0;:NRML
15:27:45.907870500,xxxxxxx_002:BANKNIFTY24NOVFUT Valar>0 Uday>0;:NRML
15:28:05.907555300,xxxxxxx_002:BANKNIFTY24NOVFUT Valar>0 Uday>0;:NRML
15:28:25.906776200,xxxxxxx_002:BANKNIFTY24NOVFUT Valar>0 Uday>0;:NRML
15:28:45.907772300,xxxxxxx_002:BANKNIFTY24NOVFUT Valar>0 Uday>0;:NRML
15:29:05.921829600,xxxxxxx_002:BANKNIFTY24NOVFUT Valar>0 Uday>0;:NRML
15:29:25.908028900,xxxxxxx_002:BANKNIFTY24NOVFUT Valar>0 Uday>0;:NRML
15:29:46.011220500,xxxxxxx_002:BANKNIFTY24NOVFUT Valar>0 Uday>0;:NRML
15:30:05.906775300,xxxxxxx_002:BANKNIFTY24NOVFUT Valar>0 Uday>0;:NRML
15:30:25.911348500,xxxxxxx_002:BANKNIFTY24NOVFUT Valar>0 Uday>0;:NRML
15:30:45.907089600,xxxxxxx_002:BANKNIFTY24NOVFUT Valar>0 Uday>0;:NRML
15:31:05.907569900,xxxxxxx_002:BANKNIFTY24NOVFUT Valar>0 Uday>0;:NRML
