14:01:00.982444200|DeltaHedging|:xxxxxxx_001:xxxxxxx_:2:0:0:DeltaHedging_20240223_Keystore.csv:1:0:0::::::;:xxxxxxx_002:xxxxxxx_:2:0:0:DeltaHedging_20240223_Keystore.csv:2:0:0::::::;:xxxxxxx_003:xxxxxxx_:2:0:0:DeltaHedging_20240223_Keystore.csv:3:0:0::::::;:xxxxxxx_004:xxxxxxx_:2:0:0:DeltaHedging_20240223_Keystore.csv:4:0:0::::::;
14:02:00.912768|DeltaHedging|:xxxxxxx_001:xxxxxxx_:2:0:0:DeltaHedging_20240223_Keystore.csv:1:0:0::::::;:xxxxxxx_002:xxxxxxx_:2:0:0:DeltaHedging_20240223_Keystore.csv:2:0:0::::::;:xxxxxxx_003:xxxxxxx_:2:0:0:DeltaHedging_20240223_Keystore.csv:3:0:0::::::;:xxxxxxx_004:xxxxxxx_:2:0:0:DeltaHedging_20240223_Keystore.csv:4:0:0::::::;
14:03:01.029590700|DeltaHedging|:xxxxxxx_001:xxxxxxx_:2:0:0:DeltaHedging_20240223_Keystore.csv:1:0:0::::::;:xxxxxxx_002:xxxxxxx_:2:0:0:DeltaHedging_20240223_Keystore.csv:2:0:0::::::;:xxxxxxx_003:xxxxxxx:2:0:0:DeltaHedging_20240223_Keystore.csv:3:0:0:-9.05000000000291:;:xxxxxxx_004:xxxxxxx_:2:0:0:DeltaHedging_20240223_Keystore.csv:4:0:0::::::;
14:04:00.912272900|DeltaHedging|:xxxxxxx_001:xxxxxxx_:2:0:0:DeltaHedging_20240223_Keystore.csv:1:0:0::::::;:xxxxxxx_002:xxxxxxx_:2:0:0:DeltaHedging_20240223_Keystore.csv:2:0:0::::::;:xxxxxxx_003:xxxxxxx:2:0:0:DeltaHedging_20240223_Keystore.csv:3:0:0:-30.700000000004366:;:xxxxxxx_004:xxxxxxx_:2:0:0:DeltaHedging_20240223_Keystore.csv:4:0:0::::::;
14:05:00.918420300|DeltaHedging|:xxxxxxx_001:xxxxxxx_:2:0:0:DeltaHedging_20240223_Keystore.csv:1:0:0::::::;:xxxxxxx_002:xxxxxxx_:2:0:0:DeltaHedging_20240223_Keystore.csv:2:0:0::::::;:xxxxxxx_003:xxxxxxx:2:0:0:DeltaHedging_20240223_Keystore.csv:3:0:0:-22.75:;:xxxxxxx_004:xxxxxxx_:2:0:0:DeltaHedging_20240223_Keystore.csv:4:0:0::::::;
14:06:00.912764400|DeltaHedging|:xxxxxxx_001:xxxxxxx_:2:0:0:DeltaHedging_20240223_Keystore.csv:1:0:0::::::;:xxxxxxx_002:xxxxxxx_:2:0:0:DeltaHedging_20240223_Keystore.csv:2:0:0::::::;:xxxxxxx_003:xxxxxxx:2:0:0:DeltaHedging_20240223_Keystore.csv:3:0:0:3.9499999999970896:;:xxxxxxx_004:xxxxxxx_:2:0:0:DeltaHedging_20240223_Keystore.csv:4:0:0::::::;
14:07:01.162663600|DeltaHedging|:xxxxxxx_001:xxxxxxx_:2:0:0:DeltaHedging_20240223_Keystore.csv:1:0:0::::::;:xxxxxxx_002:xxxxxxx_:2:0:0:DeltaHedging_20240223_Keystore.csv:2:0:0::::::;:xxxxxxx_003:xxxxxxx:2:0:0:DeltaHedging_20240223_Keystore.csv:3:0:0:30.25:;:xxxxxxx_004:xxxxxxx_:2:0:0:DeltaHedging_20240223_Keystore.csv:4:0:0::::::;
14:08:00.918589900|DeltaHedging|:xxxxxxx_001:xxxxxxx_:2:0:0:DeltaHedging_20240223_Keystore.csv:1:0:0::::::;:xxxxxxx_002:xxxxxxx_:2:0:0:DeltaHedging_20240223_Keystore.csv:2:0:0::::::;:xxxxxxx_003:xxxxxxx:2:0:0:DeltaHedging_20240223_Keystore.csv:3:0:0:41.349999999998545:;:xxxxxxx_003:xxxxxxx:2:0:0:DeltaHedging_20240223_Keystore.csv:3:0:0:-7.549999999995634:;:xxxxxxx_004:xxxxxxx_:2:0:0:DeltaHedging_20240223_Keystore.csv:4:0:0::::::;
14:09:00.913408800|DeltaHedging|:xxxxxxx_001:xxxxxxx_:2:0:0:DeltaHedging_20240223_Keystore.csv:1:0:0::::::;:xxxxxxx_002:xxxxxxx_:2:0:0:DeltaHedging_20240223_Keystore.csv:2:0:0::::::;:xxxxxxx_003:xxxxxxx:2:0:0:DeltaHedging_20240223_Keystore.csv:3:0:0:27.94999999999709:;:xxxxxxx_003:xxxxxxx:2:0:0:DeltaHedging_20240223_Keystore.csv:3:0:0:-20.94999999999709:;:xxxxxxx_004:xxxxxxx_:2:0:0:DeltaHedging_20240223_Keystore.csv:4:0:0::::::;
14:10:01.351348700|DeltaHedging|:xxxxxxx_001:xxxxxxx_:2:0:0:DeltaHedging_20240223_Keystore.csv:1:0:0::::::;:xxxxxxx_002:xxxxxxx_:2:0:0:DeltaHedging_20240223_Keystore.csv:2:0:0::::::;:xxxxxxx_003:xxxxxxx:2:0:0:DeltaHedging_20240223_Keystore.csv:3:0:0:7.94999999999709:;:xxxxxxx_003:xxxxxxx:2:0:0:DeltaHedging_20240223_Keystore.csv:3:0:0:-35.94999999999709:;:xxxxxxx_004:xxxxxxx_:2:0:0:DeltaHedging_20240223_Keystore.csv:4:0:0::::::;
14:11:00.916108700|DeltaHedging|:xxxxxxx_001:xxxxxxx_:2:0:0:DeltaHedging_20240223_Keystore.csv:1:0:0::::::;:xxxxxxx_002:xxxxxxx_:2:0:0:DeltaHedging_20240223_Keystore.csv:2:0:0::::::;:xxxxxxx_003:xxxxxxx:2:0:0:DeltaHedging_20240223_Keystore.csv:3:0:0:42.94999999999709:;:xxxxxxx_003:xxxxxxx:2:0:0:DeltaHedging_20240223_Keystore.csv:3:0:0:-5.94999999999709:;:xxxxxxx_004:xxxxxxx_:2:0:0:DeltaHedging_20240223_Keystore.csv:4:0:0::::::;
14:12:00.914087200|DeltaHedging|:xxxxxxx_001:xxxxxxx_:2:0:0:DeltaHedging_20240223_Keystore.csv:1:0:0::::::;:xxxxxxx_002:xxxxxxx_:2:0:0:DeltaHedging_20240223_Keystore.csv:2:0:0::::::;:xxxxxxx_003:xxxxxxx:2:0:0:DeltaHedging_20240223_Keystore.csv:3:0:0:62.94999999999709:Trade Target;:xxxxxxx_003:xxxxxxx:2:0:0:DeltaHedging_20240223_Keystore.csv:3:0:0:14.05000000000291:;:xxxxxxx_004:xxxxxxx_:2:0:0:DeltaHedging_20240223_Keystore.csv:4:0:0::::::;
14:13:00.921789400|DeltaHedging|:xxxxxxx_001:xxxxxxx_:2:0:0:DeltaHedging_20240223_Keystore.csv:1:0:0::::::;:xxxxxxx_002:xxxxxxx_:2:0:0:DeltaHedging_20240223_Keystore.csv:2:0:0::::::;:xxxxxxx_003:xxxxxxx:2:0:0:DeltaHedging_20240223_Keystore.csv:3:0:0:63.299999999995634:Trade Target;:xxxxxxx_003:xxxxxxx:2:0:0:DeltaHedging_20240223_Keystore.csv:3:0:0:14.400000000001455:;:xxxxxxx_003:xxxxxxx:2:0:0:DeltaHedging_20240223_Keystore.csv:3:0:0:6.44999999999709:;:xxxxxxx_004:xxxxxxx_:2:0:0:DeltaHedging_20240223_Keystore.csv:4:0:0::::::;
14:14:00.952087|DeltaHedging|:xxxxxxx_001:xxxxxxx_:2:0:0:DeltaHedging_20240223_Keystore.csv:1:0:0::::::;:xxxxxxx_002:xxxxxxx_:2:0:0:DeltaHedging_20240223_Keystore.csv:2:0:0::::::;:xxxxxxx_003:xxxxxxx:2:0:0:DeltaHedging_20240223_Keystore.csv:3:0:0:32.849999999998545:Trade Target;:xxxxxxx_003:xxxxxxx:2:0:0:DeltaHedging_20240223_Keystore.csv:3:0:0:-16.049999999995634:;:xxxxxxx_003:xxxxxxx:2:0:0:DeltaHedging_20240223_Keystore.csv:3:0:0:-24.0:;:xxxxxxx_004:xxxxxxx_:2:0:0:DeltaHedging_20240223_Keystore.csv:4:0:0::::::;
14:15:00.911204900|DeltaHedging|:xxxxxxx_001:xxxxxxx_:2:0:0:DeltaHedging_20240223_Keystore.csv:1:0:0::::::;:xxxxxxx_002:xxxxxxx_:2:0:0:DeltaHedging_20240223_Keystore.csv:2:0:0::::::;:xxxxxxx_003:xxxxxxx:2:0:0:DeltaHedging_20240223_Keystore.csv:3:0:0:33.799999999995634:Trade Target;:xxxxxxx_003:xxxxxxx:2:0:0:DeltaHedging_20240223_Keystore.csv:3:0:0:-15.099999999998545:;:xxxxxxx_003:xxxxxxx:2:0:0:DeltaHedging_20240223_Keystore.csv:3:0:0:-23.05000000000291:;:xxxxxxx_004:xxxxxxx_:2:0:0:DeltaHedging_20240223_Keystore.csv:4:0:0::::::;
14:16:00.913112800|DeltaHedging|:xxxxxxx_001:xxxxxxx_:2:0:0:DeltaHedging_20240223_Keystore.csv:1:0:0::::::;:xxxxxxx_002:xxxxxxx_:2:0:0:DeltaHedging_20240223_Keystore.csv:2:0:0::::::;:xxxxxxx_003:xxxxxxx:2:0:0:DeltaHedging_20240223_Keystore.csv:3:0:0:32.849999999998545:Trade Target;:xxxxxxx_003:xxxxxxx:2:0:0:DeltaHedging_20240223_Keystore.csv:3:0:0:-16.049999999995634:;:xxxxxxx_003:xxxxxxx:2:0:0:DeltaHedging_20240223_Keystore.csv:3:0:0:-24.0:;:xxxxxxx_004:xxxxxxx_:2:0:0:DeltaHedging_20240223_Keystore.csv:4:0:0::::::;
14:17:00.916890500|DeltaHedging|:xxxxxxx_001:xxxxxxx_:2:0:0:DeltaHedging_20240223_Keystore.csv:1:0:0::::::;:xxxxxxx_002:xxxxxxx_:2:0:0:DeltaHedging_20240223_Keystore.csv:2:0:0::::::;:xxxxxxx_003:xxxxxxx:2:0:0:DeltaHedging_20240223_Keystore.csv:3:0:0:55.349999999998545:Trade Target;:xxxxxxx_003:xxxxxxx:2:0:0:DeltaHedging_20240223_Keystore.csv:3:0:0:6.450000000004366:;:xxxxxxx_003:xxxxxxx:2:0:0:DeltaHedging_20240223_Keystore.csv:3:0:0:-1.5:;:xxxxxxx_004:xxxxxxx_:2:0:0:DeltaHedging_20240223_Keystore.csv:4:0:0::::::;
14:18:01.036199900|DeltaHedging|:xxxxxxx_001:xxxxxxx_:2:0:0:DeltaHedging_20240223_Keystore.csv:1:0:0::::::;:xxxxxxx_002:xxxxxxx_:2:0:0:DeltaHedging_20240223_Keystore.csv:2:0:0::::::;:xxxxxxx_003:xxxxxxx:2:0:0:DeltaHedging_20240223_Keystore.csv:3:0:0:57.14999999999418:Trade Target;:xxxxxxx_003:xxxxxxx:2:0:0:DeltaHedging_20240223_Keystore.csv:3:0:0:8.25:;:xxxxxxx_003:xxxxxxx:2:0:0:DeltaHedging_20240223_Keystore.csv:3:0:0:0.2999999999956344:;:xxxxxxx_004:xxxxxxx_:2:0:0:DeltaHedging_20240223_Keystore.csv:4:0:0::::::;
14:19:00.909778600|DeltaHedging|:xxxxxxx_001:xxxxxxx_:2:0:0:DeltaHedging_20240223_Keystore.csv:1:0:0::::::;:xxxxxxx_002:xxxxxxx_:2:0:0:DeltaHedging_20240223_Keystore.csv:2:0:0::::::;:xxxxxxx_003:xxxxxxx:2:0:0:DeltaHedging_20240223_Keystore.csv:3:0:0:56.64999999999418:Trade Target;:xxxxxxx_003:xxxxxxx:2:0:0:DeltaHedging_20240223_Keystore.csv:3:0:0:7.75:;:xxxxxxx_003:xxxxxxx:2:0:0:DeltaHedging_20240223_Keystore.csv:3:0:0:-0.20000000000436557:;:xxxxxxx_004:xxxxxxx_:2:0:0:DeltaHedging_20240223_Keystore.csv:4:0:0::::::;
14:20:00.923914600|DeltaHedging|:xxxxxxx_001:xxxxxxx_:2:0:0:DeltaHedging_20240223_Keystore.csv:1:0:0::::::;:xxxxxxx_002:xxxxxxx_:2:0:0:DeltaHedging_20240223_Keystore.csv:2:0:0::::::;:xxxxxxx_003:xxxxxxx:2:0:0:DeltaHedging_20240223_Keystore.csv:3:0:0:78.5:Trade Target;:xxxxxxx_003:xxxxxxx:2:0:0:DeltaHedging_20240223_Keystore.csv:3:0:0:29.60000000000582:;:xxxxxxx_003:xxxxxxx:2:0:0:DeltaHedging_20240223_Keystore.csv:3:0:0:21.650000000001455:;:xxxxxxx_004:xxxxxxx_:2:0:0:DeltaHedging_20240223_Keystore.csv:4:0:0::::::;
14:21:00.909479300|DeltaHedging|:xxxxxxx_001:xxxxxxx_:2:0:0:DeltaHedging_20240223_Keystore.csv:1:0:0::::::;:xxxxxxx_002:xxxxxxx_:2:0:0:DeltaHedging_20240223_Keystore.csv:2:0:0::::::;:xxxxxxx_003:xxxxxxx:2:0:0:DeltaHedging_20240223_Keystore.csv:3:0:0:75.94999999999709:Trade Target;:xxxxxxx_003:xxxxxxx:2:0:0:DeltaHedging_20240223_Keystore.csv:3:0:0:27.05000000000291:;:xxxxxxx_003:xxxxxxx:2:0:0:DeltaHedging_20240223_Keystore.csv:3:0:0:19.099999999998545:;:xxxxxxx_004:xxxxxxx_:2:0:0:DeltaHedging_20240223_Keystore.csv:4:0:0::::::;
14:22:00.996480600|DeltaHedging|:xxxxxxx_001:xxxxxxx:2:0:0:DeltaHedging_20240223_Keystore.csv:1:0:0:0.05000000000291038:;:xxxxxxx_002:xxxxxxx_:2:0:0:DeltaHedging_20240223_Keystore.csv:2:0:0::::::;:xxxxxxx_003:xxxxxxx:2:0:0:DeltaHedging_20240223_Keystore.csv:3:0:0:93.0:Trade Target;:xxxxxxx_003:xxxxxxx:2:0:0:DeltaHedging_20240223_Keystore.csv:3:0:0:44.10000000000582:;:xxxxxxx_003:xxxxxxx:2:0:0:DeltaHedging_20240223_Keystore.csv:3:0:0:36.150000000001455:;:xxxxxxx_003:xxxxxxx:2:0:0:DeltaHedging_20240223_Keystore.csv:3:0:0:0.05000000000291038:;:xxxxxxx_004:xxxxxxx_:2:0:0:DeltaHedging_20240223_Keystore.csv:4:0:0::::::;
14:23:00.911158400|DeltaHedging|:xxxxxxx_001:xxxxxxx:2:0:0:DeltaHedging_20240223_Keystore.csv:1:0:0:10.55000000000291:;:xxxxxxx_002:xxxxxxx_:2:0:0:DeltaHedging_20240223_Keystore.csv:2:0:0::::::;:xxxxxxx_003:xxxxxxx:2:0:0:DeltaHedging_20240223_Keystore.csv:3:0:0:103.5:Trade Target;:xxxxxxx_003:xxxxxxx:2:0:0:DeltaHedging_20240223_Keystore.csv:3:0:0:54.60000000000582:Trade Target;:xxxxxxx_003:xxxxxxx:2:0:0:DeltaHedging_20240223_Keystore.csv:3:0:0:46.650000000001455:;:xxxxxxx_003:xxxxxxx:2:0:0:DeltaHedging_20240223_Keystore.csv:3:0:0:10.55000000000291:;:xxxxxxx_004:xxxxxxx_:2:0:0:DeltaHedging_20240223_Keystore.csv:4:0:0::::::;
14:24:00.909328500|DeltaHedging|:xxxxxxx_001:xxxxxxx:2:0:0:DeltaHedging_20240223_Keystore.csv:1:0:0:24.94999999999709:;:xxxxxxx_002:xxxxxxx_:2:0:0:DeltaHedging_20240223_Keystore.csv:2:0:0::::::;:xxxxxxx_003:xxxxxxx:2:0:0:DeltaHedging_20240223_Keystore.csv:3:0:0:117.89999999999418:Trade Target;:xxxxxxx_003:xxxxxxx:2:0:0:DeltaHedging_20240223_Keystore.csv:3:0:0:69.0:Trade Target;:xxxxxxx_003:xxxxxxx:2:0:0:DeltaHedging_20240223_Keystore.csv:3:0:0:61.049999999995634:Trade Target;:xxxxxxx_003:xxxxxxx:2:0:0:DeltaHedging_20240223_Keystore.csv:3:0:0:24.94999999999709:;:xxxxxxx_004:xxxxxxx_:2:0:0:DeltaHedging_20240223_Keystore.csv:4:0:0::::::;
14:25:00.985064200|DeltaHedging|:xxxxxxx_001:xxxxxxx:2:0:0:DeltaHedging_20240223_Keystore.csv:1:0:0:-18.849999999998545:;:xxxxxxx_002:xxxxxxx_:2:0:0:DeltaHedging_20240223_Keystore.csv:2:0:0::::::;:xxxxxxx_003:xxxxxxx:2:0:0:DeltaHedging_20240223_Keystore.csv:3:0:0:74.09999999999854:Trade Target;:xxxxxxx_003:xxxxxxx:2:0:0:DeltaHedging_20240223_Keystore.csv:3:0:0:25.200000000004366:Trade Target;:xxxxxxx_003:xxxxxxx:2:0:0:DeltaHedging_20240223_Keystore.csv:3:0:0:17.25:Trade Target;:xxxxxxx_003:xxxxxxx:2:0:0:DeltaHedging_20240223_Keystore.csv:3:0:0:-18.849999999998545:;:xxxxxxx_004:xxxxxxx_:2:0:0:DeltaHedging_20240223_Keystore.csv:4:0:0::::::;
14:26:00.994916600|DeltaHedging|:xxxxxxx_001:xxxxxxx:2:0:0:DeltaHedging_20240223_Keystore.csv:1:0:0:-29.650000000001455:;:xxxxxxx_002:xxxxxxx_:2:0:0:DeltaHedging_20240223_Keystore.csv:2:0:0::::::;:xxxxxxx_003:xxxxxxx:2:0:0:DeltaHedging_20240223_Keystore.csv:3:0:0:63.299999999995634:Trade Target;:xxxxxxx_003:xxxxxxx:2:0:0:DeltaHedging_20240223_Keystore.csv:3:0:0:14.400000000001455:Trade Target;:xxxxxxx_003:xxxxxxx:2:0:0:DeltaHedging_20240223_Keystore.csv:3:0:0:6.44999999999709:Trade Target;:xxxxxxx_003:xxxxxxx:2:0:0:DeltaHedging_20240223_Keystore.csv:3:0:0:-29.650000000001455:;:xxxxxxx_004:xxxxxxx_:2:0:0:DeltaHedging_20240223_Keystore.csv:4:0:0::::::;
14:27:00.911112300|DeltaHedging|:xxxxxxx_001:xxxxxxx:2:0:0:DeltaHedging_20240223_Keystore.csv:1:0:0:2.8000000000029104:;:xxxxxxx_002:xxxxxxx_:2:0:0:DeltaHedging_20240223_Keystore.csv:2:0:0::::::;:xxxxxxx_003:xxxxxxx:2:0:0:DeltaHedging_20240223_Keystore.csv:3:0:0:95.75:Trade Target;:xxxxxxx_003:xxxxxxx:2:0:0:DeltaHedging_20240223_Keystore.csv:3:0:0:46.85000000000582:Trade Target;:xxxxxxx_003:xxxxxxx:2:0:0:DeltaHedging_20240223_Keystore.csv:3:0:0:38.900000000001455:Trade Target;:xxxxxxx_003:xxxxxxx:2:0:0:DeltaHedging_20240223_Keystore.csv:3:0:0:2.8000000000029104:;:xxxxxxx_004:xxxxxxx_:2:0:0:DeltaHedging_20240223_Keystore.csv:4:0:0::::::;
14:28:00.912358100|DeltaHedging|:xxxxxxx_001:xxxxxxx:2:0:0:DeltaHedging_20240223_Keystore.csv:1:0:0:4.099999999998545:;:xxxxxxx_002:xxxxxxx_:2:0:0:DeltaHedging_20240223_Keystore.csv:2:0:0::::::;:xxxxxxx_003:xxxxxxx:2:0:0:DeltaHedging_20240223_Keystore.csv:3:0:0:97.04999999999563:Trade Target;:xxxxxxx_003:xxxxxxx:2:0:0:DeltaHedging_20240223_Keystore.csv:3:0:0:48.150000000001455:Trade Target;:xxxxxxx_003:xxxxxxx:2:0:0:DeltaHedging_20240223_Keystore.csv:3:0:0:40.19999999999709:Trade Target;:xxxxxxx_003:xxxxxxx:2:0:0:DeltaHedging_20240223_Keystore.csv:3:0:0:4.099999999998545:;:xxxxxxx_004:xxxxxxx_:2:0:0:DeltaHedging_20240223_Keystore.csv:4:0:0::::::;
14:29:01.061892900|DeltaHedging|:xxxxxxx_001:xxxxxxx:2:0:0:DeltaHedging_20240223_Keystore.csv:1:0:0:-35.69999999999709:;:xxxxxxx_002:xxxxxxx_:2:0:0:DeltaHedging_20240223_Keystore.csv:2:0:0::::::;:xxxxxxx_003:xxxxxxx:2:0:0:DeltaHedging_20240223_Keystore.csv:3:0:0:57.25:Trade Target;:xxxxxxx_003:xxxxxxx:2:0:0:DeltaHedging_20240223_Keystore.csv:3:0:0:8.35000000000582:Trade Target;:xxxxxxx_003:xxxxxxx:2:0:0:DeltaHedging_20240223_Keystore.csv:3:0:0:0.4000000000014552:Trade Target;:xxxxxxx_003:xxxxxxx:2:0:0:DeltaHedging_20240223_Keystore.csv:3:0:0:-35.69999999999709:;:xxxxxxx_004:xxxxxxx_:2:0:0:DeltaHedging_20240223_Keystore.csv:4:0:0::::::;
14:30:01.129373300|DeltaHedging|:xxxxxxx_001:xxxxxxx:2:0:0:DeltaHedging_20240223_Keystore.csv:1:0:0:-18.75:;:xxxxxxx_002:xxxxxxx_:2:0:0:DeltaHedging_20240223_Keystore.csv:2:0:0::::::;:xxxxxxx_003:xxxxxxx:2:0:0:DeltaHedging_20240223_Keystore.csv:3:0:0:74.19999999999709:Trade Target;:xxxxxxx_003:xxxxxxx:2:0:0:DeltaHedging_20240223_Keystore.csv:3:0:0:25.30000000000291:Trade Target;:xxxxxxx_003:xxxxxxx:2:0:0:DeltaHedging_20240223_Keystore.csv:3:0:0:17.349999999998545:Trade Target;:xxxxxxx_003:xxxxxxx:2:0:0:DeltaHedging_20240223_Keystore.csv:3:0:0:-18.75:;:xxxxxxx_004:xxxxxxx_:2:0:0:DeltaHedging_20240223_Keystore.csv:4:0:0::::::;
14:31:01.127147700|DeltaHedging|:xxxxxxx_001:xxxxxxx:2:0:0:DeltaHedging_20240223_Keystore.csv:1:0:0:-36.55000000000291:;:xxxxxxx_002:xxxxxxx_:2:0:0:DeltaHedging_20240223_Keystore.csv:2:0:0::::::;:xxxxxxx_003:xxxxxxx:2:0:0:DeltaHedging_20240223_Keystore.csv:3:0:0:56.39999999999418:Trade Target;:xxxxxxx_003:xxxxxxx:2:0:0:DeltaHedging_20240223_Keystore.csv:3:0:0:7.5:Trade Target;:xxxxxxx_003:xxxxxxx:2:0:0:DeltaHedging_20240223_Keystore.csv:3:0:0:-0.4500000000043656:Trade Target;:xxxxxxx_003:xxxxxxx:2:0:0:DeltaHedging_20240223_Keystore.csv:3:0:0:-36.55000000000291:;:xxxxxxx_004:xxxxxxx_:2:0:0:DeltaHedging_20240223_Keystore.csv:4:0:0::::::;
14:32:00.981993300|DeltaHedging|:xxxxxxx_001:xxxxxxx:2:0:0:DeltaHedging_20240223_Keystore.csv:1:0:0:-48.80000000000291:;:xxxxxxx_002:xxxxxxx_:2:0:0:DeltaHedging_20240223_Keystore.csv:2:0:0::::::;:xxxxxxx_003:xxxxxxx:2:0:0:DeltaHedging_20240223_Keystore.csv:3:0:0:44.14999999999418:Trade Target;:xxxxxxx_003:xxxxxxx:2:0:0:DeltaHedging_20240223_Keystore.csv:3:0:0:-4.75:Trade Target;:xxxxxxx_003:xxxxxxx:2:0:0:DeltaHedging_20240223_Keystore.csv:3:0:0:-12.700000000004366:Trade Target;:xxxxxxx_003:xxxxxxx:2:0:0:DeltaHedging_20240223_Keystore.csv:3:0:0:-48.80000000000291:;:xxxxxxx_004:xxxxxxx_:2:0:0:DeltaHedging_20240223_Keystore.csv:4:0:0::::::;
14:33:01.011301800|DeltaHedging|:xxxxxxx_001:xxxxxxx:2:0:0:DeltaHedging_20240223_Keystore.csv:1:0:0:-22.400000000001455:;:xxxxxxx_002:xxxxxxx_:2:0:0:DeltaHedging_20240223_Keystore.csv:2:0:0::::::;:xxxxxxx_003:xxxxxxx:2:0:0:DeltaHedging_20240223_Keystore.csv:3:0:0:70.54999999999563:Trade Target;:xxxxxxx_003:xxxxxxx:2:0:0:DeltaHedging_20240223_Keystore.csv:3:0:0:21.650000000001455:Trade Target;:xxxxxxx_003:xxxxxxx:2:0:0:DeltaHedging_20240223_Keystore.csv:3:0:0:13.69999999999709:Trade Target;:xxxxxxx_003:xxxxxxx:2:0:0:DeltaHedging_20240223_Keystore.csv:3:0:0:-22.400000000001455:;:xxxxxxx_004:xxxxxxx_:2:0:0:DeltaHedging_20240223_Keystore.csv:4:0:0::::::;
14:34:00.910401700|DeltaHedging|:xxxxxxx_001:xxxxxxx:2:0:0:DeltaHedging_20240223_Keystore.csv:1:0:0:-32.400000000001455:;:xxxxxxx_002:xxxxxxx_:2:0:0:DeltaHedging_20240223_Keystore.csv:2:0:0::::::;:xxxxxxx_003:xxxxxxx:2:0:0:DeltaHedging_20240223_Keystore.csv:3:0:0:60.549999999995634:Trade Target;:xxxxxxx_003:xxxxxxx:2:0:0:DeltaHedging_20240223_Keystore.csv:3:0:0:11.650000000001455:Trade Target;:xxxxxxx_003:xxxxxxx:2:0:0:DeltaHedging_20240223_Keystore.csv:3:0:0:3.6999999999970896:Trade Target;:xxxxxxx_003:xxxxxxx:2:0:0:DeltaHedging_20240223_Keystore.csv:3:0:0:-32.400000000001455:;:xxxxxxx_004:xxxxxxx_:2:0:0:DeltaHedging_20240223_Keystore.csv:4:0:0::::::;
14:35:00.922365300|DeltaHedging|:xxxxxxx_001:xxxxxxx:2:0:0:DeltaHedging_20240223_Keystore.csv:1:0:0:-42.150000000001455:;:xxxxxxx_002:xxxxxxx_:2:0:0:DeltaHedging_20240223_Keystore.csv:2:0:0::::::;:xxxxxxx_003:xxxxxxx:2:0:0:DeltaHedging_20240223_Keystore.csv:3:0:0:50.799999999995634:Trade Target;:xxxxxxx_003:xxxxxxx:2:0:0:DeltaHedging_20240223_Keystore.csv:3:0:0:1.9000000000014552:Trade Target;:xxxxxxx_003:xxxxxxx:2:0:0:DeltaHedging_20240223_Keystore.csv:3:0:0:-6.05000000000291:Trade Target;:xxxxxxx_003:xxxxxxx:2:0:0:DeltaHedging_20240223_Keystore.csv:3:0:0:-42.150000000001455:;:xxxxxxx_004:xxxxxxx_:2:0:0:DeltaHedging_20240223_Keystore.csv:4:0:0::::::;
14:36:00.910661700|DeltaHedging|:xxxxxxx_001:xxxxxxx:2:0:0:DeltaHedging_20240223_Keystore.csv:1:0:0:-13.099999999998545:;:xxxxxxx_002:xxxxxxx_:2:0:0:DeltaHedging_20240223_Keystore.csv:2:0:0::::::;:xxxxxxx_003:xxxxxxx:2:0:0:DeltaHedging_20240223_Keystore.csv:3:0:0:79.84999999999854:Trade Target;:xxxxxxx_003:xxxxxxx:2:0:0:DeltaHedging_20240223_Keystore.csv:3:0:0:30.950000000004366:Trade Target;:xxxxxxx_003:xxxxxxx:2:0:0:DeltaHedging_20240223_Keystore.csv:3:0:0:23.0:Trade Target;:xxxxxxx_003:xxxxxxx:2:0:0:DeltaHedging_20240223_Keystore.csv:3:0:0:-13.099999999998545:;:xxxxxxx_004:xxxxxxx_:2:0:0:DeltaHedging_20240223_Keystore.csv:4:0:0::::::;
14:37:00.932172200|DeltaHedging|:xxxxxxx_001:xxxxxxx:2:0:0:DeltaHedging_20240223_Keystore.csv:1:0:0:-4.099999999998545:;:xxxxxxx_002:xxxxxxx_:2:0:0:DeltaHedging_20240223_Keystore.csv:2:0:0::::::;:xxxxxxx_003:xxxxxxx:2:0:0:DeltaHedging_20240223_Keystore.csv:3:0:0:88.84999999999854:Trade Target;:xxxxxxx_003:xxxxxxx:2:0:0:DeltaHedging_20240223_Keystore.csv:3:0:0:39.950000000004366:Trade Target;:xxxxxxx_003:xxxxxxx:2:0:0:DeltaHedging_20240223_Keystore.csv:3:0:0:32.0:Trade Target;:xxxxxxx_003:xxxxxxx:2:0:0:DeltaHedging_20240223_Keystore.csv:3:0:0:-4.099999999998545:;:xxxxxxx_004:xxxxxxx_:2:0:0:DeltaHedging_20240223_Keystore.csv:4:0:0::::::;
14:38:00.910023|DeltaHedging|:xxxxxxx_001:xxxxxxx:2:0:0:DeltaHedging_20240223_Keystore.csv:1:0:0:26.099999999998545:;:xxxxxxx_002:xxxxxxx_:2:0:0:DeltaHedging_20240223_Keystore.csv:2:0:0::::::;:xxxxxxx_003:xxxxxxx:2:0:0:DeltaHedging_20240223_Keystore.csv:3:0:0:119.04999999999563:Trade Target;:xxxxxxx_003:xxxxxxx:2:0:0:DeltaHedging_20240223_Keystore.csv:3:0:0:70.15000000000146:Trade Target;:xxxxxxx_003:xxxxxxx:2:0:0:DeltaHedging_20240223_Keystore.csv:3:0:0:62.19999999999709:Trade Target;:xxxxxxx_003:xxxxxxx:2:0:0:DeltaHedging_20240223_Keystore.csv:3:0:0:26.099999999998545:;:xxxxxxx_004:xxxxxxx_:2:0:0:DeltaHedging_20240223_Keystore.csv:4:0:0::::::;
14:39:00.910080400|DeltaHedging|:xxxxxxx_001:xxxxxxx:2:0:0:DeltaHedging_20240223_Keystore.csv:1:0:0:26.55000000000291:;:xxxxxxx_002:xxxxxxx_:2:0:0:DeltaHedging_20240223_Keystore.csv:2:0:0::::::;:xxxxxxx_003:xxxxxxx:2:0:0:DeltaHedging_20240223_Keystore.csv:3:0:0:119.5:Trade Target;:xxxxxxx_003:xxxxxxx:2:0:0:DeltaHedging_20240223_Keystore.csv:3:0:0:70.60000000000582:Trade Target;:xxxxxxx_003:xxxxxxx:2:0:0:DeltaHedging_20240223_Keystore.csv:3:0:0:62.650000000001455:Trade Target;:xxxxxxx_003:xxxxxxx:2:0:0:DeltaHedging_20240223_Keystore.csv:3:0:0:26.55000000000291:;:xxxxxxx_004:xxxxxxx_:2:0:0:DeltaHedging_20240223_Keystore.csv:4:0:0::::::;
14:40:00.989869700|DeltaHedging|:xxxxxxx_001:xxxxxxx:2:0:0:DeltaHedging_20240223_Keystore.csv:1:0:0:6.05000000000291:;:xxxxxxx_002:xxxxxxx_:2:0:0:DeltaHedging_20240223_Keystore.csv:2:0:0::::::;:xxxxxxx_003:xxxxxxx:2:0:0:DeltaHedging_20240223_Keystore.csv:3:0:0:99.0:Trade Target;:xxxxxxx_003:xxxxxxx:2:0:0:DeltaHedging_20240223_Keystore.csv:3:0:0:50.10000000000582:Trade Target;:xxxxxxx_003:xxxxxxx:2:0:0:DeltaHedging_20240223_Keystore.csv:3:0:0:42.150000000001455:Trade Target;:xxxxxxx_003:xxxxxxx:2:0:0:DeltaHedging_20240223_Keystore.csv:3:0:0:6.05000000000291:;:xxxxxxx_004:xxxxxxx_:2:0:0:DeltaHedging_20240223_Keystore.csv:4:0:0::::::;
14:41:00.912385300|DeltaHedging|:xxxxxxx_001:xxxxxxx:2:0:0:DeltaHedging_20240223_Keystore.csv:1:0:0:24.5:;:xxxxxxx_002:xxxxxxx_:2:0:0:DeltaHedging_20240223_Keystore.csv:2:0:0::::::;:xxxxxxx_003:xxxxxxx:2:0:0:DeltaHedging_20240223_Keystore.csv:3:0:0:117.44999999999709:Trade Target;:xxxxxxx_003:xxxxxxx:2:0:0:DeltaHedging_20240223_Keystore.csv:3:0:0:68.55000000000291:Trade Target;:xxxxxxx_003:xxxxxxx:2:0:0:DeltaHedging_20240223_Keystore.csv:3:0:0:60.599999999998545:Trade Target;:xxxxxxx_003:xxxxxxx:2:0:0:DeltaHedging_20240223_Keystore.csv:3:0:0:24.5:;:xxxxxxx_004:xxxxxxx_:2:0:0:DeltaHedging_20240223_Keystore.csv:4:0:0::::::;
14:42:00.908702|DeltaHedging|:xxxxxxx_001:xxxxxxx:2:0:0:DeltaHedging_20240223_Keystore.csv:1:0:0:39.0:;:xxxxxxx_002:xxxxxxx_:2:0:0:DeltaHedging_20240223_Keystore.csv:2:0:0::::::;:xxxxxxx_003:xxxxxxx:2:0:0:DeltaHedging_20240223_Keystore.csv:3:0:0:131.9499999999971:Trade Target;:xxxxxxx_003:xxxxxxx:2:0:0:DeltaHedging_20240223_Keystore.csv:3:0:0:83.05000000000291:Trade Target;:xxxxxxx_003:xxxxxxx:2:0:0:DeltaHedging_20240223_Keystore.csv:3:0:0:75.09999999999854:Trade Target;:xxxxxxx_003:xxxxxxx:2:0:0:DeltaHedging_20240223_Keystore.csv:3:0:0:39.0:;:xxxxxxx_004:xxxxxxx_:2:0:0:DeltaHedging_20240223_Keystore.csv:4:0:0::::::;
14:43:00.908892|DeltaHedging|:xxxxxxx_001:xxxxxxx:2:0:0:DeltaHedging_20240223_Keystore.csv:1:0:0:3.599999999998545:;:xxxxxxx_002:xxxxxxx_:2:0:0:DeltaHedging_20240223_Keystore.csv:2:0:0::::::;:xxxxxxx_003:xxxxxxx:2:0:0:DeltaHedging_20240223_Keystore.csv:3:0:0:96.54999999999563:Trade Target;:xxxxxxx_003:xxxxxxx:2:0:0:DeltaHedging_20240223_Keystore.csv:3:0:0:47.650000000001455:Trade Target;:xxxxxxx_003:xxxxxxx:2:0:0:DeltaHedging_20240223_Keystore.csv:3:0:0:39.69999999999709:Trade Target;:xxxxxxx_003:xxxxxxx:2:0:0:DeltaHedging_20240223_Keystore.csv:3:0:0:3.599999999998545:;:xxxxxxx_004:xxxxxxx_:2:0:0:DeltaHedging_20240223_Keystore.csv:4:0:0::::::;
14:44:00.910681400|DeltaHedging|:xxxxxxx_001:xxxxxxx:2:0:0:DeltaHedging_20240223_Keystore.csv:1:0:0:9.900000000001455:;:xxxxxxx_002:xxxxxxx_:2:0:0:DeltaHedging_20240223_Keystore.csv:2:0:0::::::;:xxxxxxx_003:xxxxxxx:2:0:0:DeltaHedging_20240223_Keystore.csv:3:0:0:102.84999999999854:Trade Target;:xxxxxxx_003:xxxxxxx:2:0:0:DeltaHedging_20240223_Keystore.csv:3:0:0:53.950000000004366:Trade Target;:xxxxxxx_003:xxxxxxx:2:0:0:DeltaHedging_20240223_Keystore.csv:3:0:0:46.0:Trade Target;:xxxxxxx_003:xxxxxxx:2:0:0:DeltaHedging_20240223_Keystore.csv:3:0:0:9.900000000001455:;:xxxxxxx_004:xxxxxxx_:2:0:0:DeltaHedging_20240223_Keystore.csv:4:0:0::::::;
14:45:00.910016500|DeltaHedging|:xxxxxxx_001:xxxxxxx:2:0:0:DeltaHedging_20240223_Keystore.csv:1:0:0:19.94999999999709:;:xxxxxxx_002:xxxxxxx_:2:0:0:DeltaHedging_20240223_Keystore.csv:2:0:0::::::;:xxxxxxx_003:xxxxxxx:2:0:0:DeltaHedging_20240223_Keystore.csv:3:0:0:112.89999999999418:Trade Target;:xxxxxxx_003:xxxxxxx:2:0:0:DeltaHedging_20240223_Keystore.csv:3:0:0:64.0:Trade Target;:xxxxxxx_003:xxxxxxx:2:0:0:DeltaHedging_20240223_Keystore.csv:3:0:0:56.049999999995634:Trade Target;:xxxxxxx_003:xxxxxxx:2:0:0:DeltaHedging_20240223_Keystore.csv:3:0:0:19.94999999999709:;:xxxxxxx_004:xxxxxxx_:2:0:0:DeltaHedging_20240223_Keystore.csv:4:0:0::::::;
14:46:00.909805700|DeltaHedging|:xxxxxxx_001:xxxxxxx:2:0:0:DeltaHedging_20240223_Keystore.csv:1:0:0:31.94999999999709:;:xxxxxxx_002:xxxxxxx_:2:0:0:DeltaHedging_20240223_Keystore.csv:2:0:0::::::;:xxxxxxx_003:xxxxxxx:2:0:0:DeltaHedging_20240223_Keystore.csv:3:0:0:124.89999999999418:Trade Target;:xxxxxxx_003:xxxxxxx:2:0:0:DeltaHedging_20240223_Keystore.csv:3:0:0:76.0:Trade Target;:xxxxxxx_003:xxxxxxx:2:0:0:DeltaHedging_20240223_Keystore.csv:3:0:0:68.04999999999563:Trade Target;:xxxxxxx_003:xxxxxxx:2:0:0:DeltaHedging_20240223_Keystore.csv:3:0:0:31.94999999999709:;:xxxxxxx_004:xxxxxxx_:2:0:0:DeltaHedging_20240223_Keystore.csv:4:0:0::::::;
14:47:00.910328|DeltaHedging|:xxxxxxx_001:xxxxxxx:2:0:0:DeltaHedging_20240223_Keystore.csv:1:0:0:35.0:;:xxxxxxx_002:xxxxxxx_:2:0:0:DeltaHedging_20240223_Keystore.csv:2:0:0::::::;:xxxxxxx_003:xxxxxxx:2:0:0:DeltaHedging_20240223_Keystore.csv:3:0:0:127.94999999999709:Trade Target;:xxxxxxx_003:xxxxxxx:2:0:0:DeltaHedging_20240223_Keystore.csv:3:0:0:79.05000000000291:Trade Target;:xxxxxxx_003:xxxxxxx:2:0:0:DeltaHedging_20240223_Keystore.csv:3:0:0:71.09999999999854:Trade Target;:xxxxxxx_003:xxxxxxx:2:0:0:DeltaHedging_20240223_Keystore.csv:3:0:0:35.0:;:xxxxxxx_004:xxxxxxx_:2:0:0:DeltaHedging_20240223_Keystore.csv:4:0:0::::::;
14:48:00.929012100|DeltaHedging|:xxxxxxx_001:xxxxxxx:2:0:0:DeltaHedging_20240223_Keystore.csv:1:0:0:10.0:;:xxxxxxx_002:xxxxxxx_:2:0:0:DeltaHedging_20240223_Keystore.csv:2:0:0::::::;:xxxxxxx_003:xxxxxxx:2:0:0:DeltaHedging_20240223_Keystore.csv:3:0:0:102.94999999999709:Trade Target;:xxxxxxx_003:xxxxxxx:2:0:0:DeltaHedging_20240223_Keystore.csv:3:0:0:54.05000000000291:Trade Target;:xxxxxxx_003:xxxxxxx:2:0:0:DeltaHedging_20240223_Keystore.csv:3:0:0:46.099999999998545:Trade Target;:xxxxxxx_003:xxxxxxx:2:0:0:DeltaHedging_20240223_Keystore.csv:3:0:0:10.0:;:xxxxxxx_004:xxxxxxx_:2:0:0:DeltaHedging_20240223_Keystore.csv:4:0:0::::::;
14:49:01.046166|DeltaHedging|:xxxxxxx_001:xxxxxxx:2:0:0:DeltaHedging_20240223_Keystore.csv:1:0:0:0.4499999999970896:;:xxxxxxx_002:xxxxxxx_:2:0:0:DeltaHedging_20240223_Keystore.csv:2:0:0::::::;:xxxxxxx_003:xxxxxxx:2:0:0:DeltaHedging_20240223_Keystore.csv:3:0:0:93.39999999999418:Trade Target;:xxxxxxx_003:xxxxxxx:2:0:0:DeltaHedging_20240223_Keystore.csv:3:0:0:44.5:Trade Target;:xxxxxxx_003:xxxxxxx:2:0:0:DeltaHedging_20240223_Keystore.csv:3:0:0:36.549999999995634:Trade Target;:xxxxxxx_003:xxxxxxx:2:0:0:DeltaHedging_20240223_Keystore.csv:3:0:0:0.4499999999970896:;:xxxxxxx_004:xxxxxxx_:2:0:0:DeltaHedging_20240223_Keystore.csv:4:0:0::::::;
14:50:00.909467100|DeltaHedging|:xxxxxxx_001:xxxxxxx:2:0:0:DeltaHedging_20240223_Keystore.csv:1:0:0:5.849999999998545:;:xxxxxxx_002:xxxxxxx_:2:0:0:DeltaHedging_20240223_Keystore.csv:2:0:0::::::;:xxxxxxx_003:xxxxxxx:2:0:0:DeltaHedging_20240223_Keystore.csv:3:0:0:98.79999999999563:Trade Target;:xxxxxxx_003:xxxxxxx:2:0:0:DeltaHedging_20240223_Keystore.csv:3:0:0:49.900000000001455:Trade Target;:xxxxxxx_003:xxxxxxx:2:0:0:DeltaHedging_20240223_Keystore.csv:3:0:0:41.94999999999709:Trade Target;:xxxxxxx_003:xxxxxxx:2:0:0:DeltaHedging_20240223_Keystore.csv:3:0:0:5.849999999998545:;:xxxxxxx_004:xxxxxxx_:2:0:0:DeltaHedging_20240223_Keystore.csv:4:0:0::::::;
14:51:00.918010300|DeltaHedging|:xxxxxxx_001:xxxxxxx:2:0:0:DeltaHedging_20240223_Keystore.csv:1:0:0:5.0:;:xxxxxxx_002:xxxxxxx_:2:0:0:DeltaHedging_20240223_Keystore.csv:2:0:0::::::;:xxxxxxx_003:xxxxxxx:2:0:0:DeltaHedging_20240223_Keystore.csv:3:0:0:97.94999999999709:Trade Target;:xxxxxxx_003:xxxxxxx:2:0:0:DeltaHedging_20240223_Keystore.csv:3:0:0:49.05000000000291:Trade Target;:xxxxxxx_003:xxxxxxx:2:0:0:DeltaHedging_20240223_Keystore.csv:3:0:0:41.099999999998545:Trade Target;:xxxxxxx_003:xxxxxxx:2:0:0:DeltaHedging_20240223_Keystore.csv:3:0:0:5.0:;:xxxxxxx_004:xxxxxxx_:2:0:0:DeltaHedging_20240223_Keystore.csv:4:0:0::::::;
14:52:00.908816300|DeltaHedging|:xxxxxxx_001:xxxxxxx:2:0:0:DeltaHedging_20240223_Keystore.csv:1:0:0:-18.94999999999709:;:xxxxxxx_002:xxxxxxx_:2:0:0:DeltaHedging_20240223_Keystore.csv:2:0:0::::::;:xxxxxxx_003:xxxxxxx:2:0:0:DeltaHedging_20240223_Keystore.csv:3:0:0:74.0:Trade Target;:xxxxxxx_003:xxxxxxx:2:0:0:DeltaHedging_20240223_Keystore.csv:3:0:0:25.10000000000582:Trade Target;:xxxxxxx_003:xxxxxxx:2:0:0:DeltaHedging_20240223_Keystore.csv:3:0:0:17.150000000001455:Trade Target;:xxxxxxx_003:xxxxxxx:2:0:0:DeltaHedging_20240223_Keystore.csv:3:0:0:-18.94999999999709:;:xxxxxxx_004:xxxxxxx_:2:0:0:DeltaHedging_20240223_Keystore.csv:4:0:0::::::;
14:53:00.952965200|DeltaHedging|:xxxxxxx_001:xxxxxxx:2:0:0:DeltaHedging_20240223_Keystore.csv:1:0:0:-39.44999999999709:;:xxxxxxx_002:xxxxxxx_:2:0:0:DeltaHedging_20240223_Keystore.csv:2:0:0::::::;:xxxxxxx_003:xxxxxxx:2:0:0:DeltaHedging_20240223_Keystore.csv:3:0:0:53.5:Trade Target;:xxxxxxx_003:xxxxxxx:2:0:0:DeltaHedging_20240223_Keystore.csv:3:0:0:4.600000000005821:Trade Target;:xxxxxxx_003:xxxxxxx:2:0:0:DeltaHedging_20240223_Keystore.csv:3:0:0:-3.349999999998545:Trade Target;:xxxxxxx_003:xxxxxxx:2:0:0:DeltaHedging_20240223_Keystore.csv:3:0:0:-39.44999999999709:;:xxxxxxx_004:xxxxxxx_:2:0:0:DeltaHedging_20240223_Keystore.csv:4:0:0::::::;
14:54:00.909359500|DeltaHedging|:xxxxxxx_001:xxxxxxx:2:0:0:DeltaHedging_20240223_Keystore.csv:1:0:0:-5.650000000001455:;:xxxxxxx_002:xxxxxxx_:2:0:0:DeltaHedging_20240223_Keystore.csv:2:0:0::::::;:xxxxxxx_003:xxxxxxx:2:0:0:DeltaHedging_20240223_Keystore.csv:3:0:0:87.29999999999563:Trade Target;:xxxxxxx_003:xxxxxxx:2:0:0:DeltaHedging_20240223_Keystore.csv:3:0:0:38.400000000001455:Trade Target;:xxxxxxx_003:xxxxxxx:2:0:0:DeltaHedging_20240223_Keystore.csv:3:0:0:30.44999999999709:Trade Target;:xxxxxxx_003:xxxxxxx:2:0:0:DeltaHedging_20240223_Keystore.csv:3:0:0:-5.650000000001455:;:xxxxxxx_004:xxxxxxx_:2:0:0:DeltaHedging_20240223_Keystore.csv:4:0:0::::::;
14:55:01.007517|DeltaHedging|:xxxxxxx_001:xxxxxxx:2:0:0:DeltaHedging_20240223_Keystore.csv:1:0:0:-19.0:;:xxxxxxx_002:xxxxxxx_:2:0:0:DeltaHedging_20240223_Keystore.csv:2:0:0::::::;:xxxxxxx_003:xxxxxxx:2:0:0:DeltaHedging_20240223_Keystore.csv:3:0:0:73.94999999999709:Trade Target;:xxxxxxx_003:xxxxxxx:2:0:0:DeltaHedging_20240223_Keystore.csv:3:0:0:25.05000000000291:Trade Target;:xxxxxxx_003:xxxxxxx:2:0:0:DeltaHedging_20240223_Keystore.csv:3:0:0:17.099999999998545:Trade Target;:xxxxxxx_003:xxxxxxx:2:0:0:DeltaHedging_20240223_Keystore.csv:3:0:0:-19.0:;:xxxxxxx_004:xxxxxxx_:2:0:0:DeltaHedging_20240223_Keystore.csv:4:0:0::::::;
14:56:01.758019600|DeltaHedging|:xxxxxxx_001:xxxxxxx:2:0:0:DeltaHedging_20240223_Keystore.csv:1:0:0:-25.19999999999709:;:xxxxxxx_002:xxxxxxx:2:0:0:DeltaHedging_20240223_Keystore.csv:2:0:0:-14.150000000001455:;:xxxxxxx_003:xxxxxxx:2:0:0:DeltaHedging_20240223_Keystore.csv:3:0:0:67.75:Trade Target;:xxxxxxx_003:xxxxxxx:2:0:0:DeltaHedging_20240223_Keystore.csv:3:0:0:18.85000000000582:Trade Target;:xxxxxxx_003:xxxxxxx:2:0:0:DeltaHedging_20240223_Keystore.csv:3:0:0:10.900000000001455:Trade Target;:xxxxxxx_003:xxxxxxx:2:0:0:DeltaHedging_20240223_Keystore.csv:3:0:0:-25.19999999999709:;:xxxxxxx_004:xxxxxxx_:2:0:0:DeltaHedging_20240223_Keystore.csv:4:0:0::::::;
14:57:00.910646800|DeltaHedging|:xxxxxxx_001:xxxxxxx:2:0:0:DeltaHedging_20240223_Keystore.csv:1:0:0:0.05000000000291038:;:xxxxxxx_002:xxxxxxx:2:0:0:DeltaHedging_20240223_Keystore.csv:2:0:0:-39.400000000001455:;:xxxxxxx_003:xxxxxxx:2:0:0:DeltaHedging_20240223_Keystore.csv:3:0:0:93.0:Trade Target;:xxxxxxx_003:xxxxxxx:2:0:0:DeltaHedging_20240223_Keystore.csv:3:0:0:44.10000000000582:Trade Target;:xxxxxxx_003:xxxxxxx:2:0:0:DeltaHedging_20240223_Keystore.csv:3:0:0:36.150000000001455:Trade Target;:xxxxxxx_003:xxxxxxx:2:0:0:DeltaHedging_20240223_Keystore.csv:3:0:0:0.05000000000291038:;:xxxxxxx_004:xxxxxxx_:2:0:0:DeltaHedging_20240223_Keystore.csv:4:0:0::::::;
14:58:00.944223600|DeltaHedging|:xxxxxxx_001:xxxxxxx:2:0:0:DeltaHedging_20240223_Keystore.csv:1:0:0:-27.94999999999709:;:xxxxxxx_002:xxxxxxx:2:0:0:DeltaHedging_20240223_Keystore.csv:2:0:0:-11.400000000001455:;:xxxxxxx_003:xxxxxxx:2:0:0:DeltaHedging_20240223_Keystore.csv:3:0:0:65.0:Trade Target;:xxxxxxx_003:xxxxxxx:2:0:0:DeltaHedging_20240223_Keystore.csv:3:0:0:16.10000000000582:Trade Target;:xxxxxxx_003:xxxxxxx:2:0:0:DeltaHedging_20240223_Keystore.csv:3:0:0:8.150000000001455:Trade Target;:xxxxxxx_003:xxxxxxx:2:0:0:DeltaHedging_20240223_Keystore.csv:3:0:0:-27.94999999999709:;:xxxxxxx_004:xxxxxxx_:2:0:0:DeltaHedging_20240223_Keystore.csv:4:0:0::::::;
14:59:00.908859200|DeltaHedging|:xxxxxxx_001:xxxxxxx:2:0:0:DeltaHedging_20240223_Keystore.csv:1:0:0:-20.599999999998545:;:xxxxxxx_002:xxxxxxx:2:0:0:DeltaHedging_20240223_Keystore.csv:2:0:0:-18.75:;:xxxxxxx_003:xxxxxxx:2:0:0:DeltaHedging_20240223_Keystore.csv:3:0:0:72.34999999999854:Trade Target;:xxxxxxx_003:xxxxxxx:2:0:0:DeltaHedging_20240223_Keystore.csv:3:0:0:23.450000000004366:Trade Target;:xxxxxxx_003:xxxxxxx:2:0:0:DeltaHedging_20240223_Keystore.csv:3:0:0:15.5:Trade Target;:xxxxxxx_003:xxxxxxx:2:0:0:DeltaHedging_20240223_Keystore.csv:3:0:0:-20.599999999998545:;:xxxxxxx_004:xxxxxxx_:2:0:0:DeltaHedging_20240223_Keystore.csv:4:0:0::::::;
15:00:00.909025500|DeltaHedging|:xxxxxxx_001:xxxxxxx:2:0:0:DeltaHedging_20240223_Keystore.csv:1:0:0:-30.30000000000291:;:xxxxxxx_002:xxxxxxx:2:0:0:DeltaHedging_20240223_Keystore.csv:2:0:0:-9.049999999995634:;:xxxxxxx_003:xxxxxxx:2:0:0:DeltaHedging_20240223_Keystore.csv:3:0:0:62.64999999999418:Trade Target;:xxxxxxx_003:xxxxxxx:2:0:0:DeltaHedging_20240223_Keystore.csv:3:0:0:13.75:Trade Target;:xxxxxxx_003:xxxxxxx:2:0:0:DeltaHedging_20240223_Keystore.csv:3:0:0:5.799999999995634:Trade Target;:xxxxxxx_003:xxxxxxx:2:0:0:DeltaHedging_20240223_Keystore.csv:3:0:0:-30.30000000000291:;:xxxxxxx_004:xxxxxxx_:2:0:0:DeltaHedging_20240223_Keystore.csv:4:0:0::::::;
15:01:00.913049100|DeltaHedging|:xxxxxxx_001:xxxxxxx:2:0:0:DeltaHedging_20240223_Keystore.csv:1:0:0:4.44999999999709:;:xxxxxxx_002:xxxxxxx:2:0:0:DeltaHedging_20240223_Keystore.csv:2:0:0:-43.799999999995634:;:xxxxxxx_003:xxxxxxx:2:0:0:DeltaHedging_20240223_Keystore.csv:3:0:0:97.39999999999418:Trade Target;:xxxxxxx_003:xxxxxxx:2:0:0:DeltaHedging_20240223_Keystore.csv:3:0:0:48.5:Trade Target;:xxxxxxx_003:xxxxxxx:2:0:0:DeltaHedging_20240223_Keystore.csv:3:0:0:40.549999999995634:Trade Target;:xxxxxxx_003:xxxxxxx:2:0:0:DeltaHedging_20240223_Keystore.csv:3:0:0:4.44999999999709:;:xxxxxxx_004:xxxxxxx_:2:0:0:DeltaHedging_20240223_Keystore.csv:4:0:0::::::;
15:02:00.910210400|DeltaHedging|:xxxxxxx_001:xxxxxxx:2:0:0:DeltaHedging_20240223_Keystore.csv:1:0:0:4.0:;:xxxxxxx_002:xxxxxxx:2:0:0:DeltaHedging_20240223_Keystore.csv:2:0:0:-43.349999999998545:;:xxxxxxx_003:xxxxxxx:2:0:0:DeltaHedging_20240223_Keystore.csv:3:0:0:96.94999999999709:Trade Target;:xxxxxxx_003:xxxxxxx:2:0:0:DeltaHedging_20240223_Keystore.csv:3:0:0:48.05000000000291:Trade Target;:xxxxxxx_003:xxxxxxx:2:0:0:DeltaHedging_20240223_Keystore.csv:3:0:0:40.099999999998545:Trade Target;:xxxxxxx_003:xxxxxxx:2:0:0:DeltaHedging_20240223_Keystore.csv:3:0:0:4.0:;:xxxxxxx_004:xxxxxxx_:2:0:0:DeltaHedging_20240223_Keystore.csv:4:0:0::::::;
15:03:00.913747600|DeltaHedging|:xxxxxxx_001:xxxxxxx:2:0:0:DeltaHedging_20240223_Keystore.csv:1:0:0:17.75:;:xxxxxxx_002:xxxxxxx:2:0:0:DeltaHedging_20240223_Keystore.csv:2:0:0:-57.099999999998545:;:xxxxxxx_003:xxxxxxx:2:0:0:DeltaHedging_20240223_Keystore.csv:3:0:0:110.69999999999709:Trade Target;:xxxxxxx_003:xxxxxxx:2:0:0:DeltaHedging_20240223_Keystore.csv:3:0:0:61.80000000000291:Trade Target;:xxxxxxx_003:xxxxxxx:2:0:0:DeltaHedging_20240223_Keystore.csv:3:0:0:53.849999999998545:Trade Target;:xxxxxxx_003:xxxxxxx:2:0:0:DeltaHedging_20240223_Keystore.csv:3:0:0:17.75:;:xxxxxxx_004:xxxxxxx_:2:0:0:DeltaHedging_20240223_Keystore.csv:4:0:0::::::;
15:04:00.912633900|DeltaHedging|:xxxxxxx_001:xxxxxxx:2:0:0:DeltaHedging_20240223_Keystore.csv:1:0:0:-11.5:;:xxxxxxx_002:xxxxxxx:2:0:0:DeltaHedging_20240223_Keystore.csv:2:0:0:-27.849999999998545:;:xxxxxxx_003:xxxxxxx:2:0:0:DeltaHedging_20240223_Keystore.csv:3:0:0:81.44999999999709:Trade Target;:xxxxxxx_003:xxxxxxx:2:0:0:DeltaHedging_20240223_Keystore.csv:3:0:0:32.55000000000291:Trade Target;:xxxxxxx_003:xxxxxxx:2:0:0:DeltaHedging_20240223_Keystore.csv:3:0:0:24.599999999998545:Trade Target;:xxxxxxx_003:xxxxxxx:2:0:0:DeltaHedging_20240223_Keystore.csv:3:0:0:-11.5:;:xxxxxxx_004:xxxxxxx_:2:0:0:DeltaHedging_20240223_Keystore.csv:4:0:0::::::;
15:05:00.908273500|DeltaHedging|:xxxxxxx_001:xxxxxxx:2:0:0:DeltaHedging_20240223_Keystore.csv:1:0:0:10.0:;:xxxxxxx_002:xxxxxxx:2:0:0:DeltaHedging_20240223_Keystore.csv:2:0:0:-49.349999999998545:;:xxxxxxx_003:xxxxxxx:2:0:0:DeltaHedging_20240223_Keystore.csv:3:0:0:102.94999999999709:Trade Target;:xxxxxxx_003:xxxxxxx:2:0:0:DeltaHedging_20240223_Keystore.csv:3:0:0:54.05000000000291:Trade Target;:xxxxxxx_003:xxxxxxx:2:0:0:DeltaHedging_20240223_Keystore.csv:3:0:0:46.099999999998545:Trade Target;:xxxxxxx_003:xxxxxxx:2:0:0:DeltaHedging_20240223_Keystore.csv:3:0:0:10.0:;:xxxxxxx_004:xxxxxxx_:2:0:0:DeltaHedging_20240223_Keystore.csv:4:0:0::::::;
15:06:00.910490200|DeltaHedging|:xxxxxxx_001:xxxxxxx:2:0:0:DeltaHedging_20240223_Keystore.csv:1:0:0:10.0:;:xxxxxxx_002:xxxxxxx:2:0:0:DeltaHedging_20240223_Keystore.csv:2:0:0:-49.349999999998545:;:xxxxxxx_003:xxxxxxx:2:0:0:DeltaHedging_20240223_Keystore.csv:3:0:0:102.94999999999709:Trade Target;:xxxxxxx_003:xxxxxxx:2:0:0:DeltaHedging_20240223_Keystore.csv:3:0:0:54.05000000000291:Trade Target;:xxxxxxx_003:xxxxxxx:2:0:0:DeltaHedging_20240223_Keystore.csv:3:0:0:46.099999999998545:Trade Target;:xxxxxxx_003:xxxxxxx:2:0:0:DeltaHedging_20240223_Keystore.csv:3:0:0:10.0:;:xxxxxxx_004:xxxxxxx_:2:0:0:DeltaHedging_20240223_Keystore.csv:4:0:0::::::;
15:07:00.911645800|DeltaHedging|:xxxxxxx_001:xxxxxxx:2:0:0:DeltaHedging_20240223_Keystore.csv:1:0:0:62.94999999999709:Trade Target;:xxxxxxx_001:xxxxxxx:2:0:0:DeltaHedging_20240223_Keystore.csv:1:0:0:11.19999999999709:;:xxxxxxx_002:xxxxxxx:2:0:0:DeltaHedging_20240223_Keystore.csv:2:0:0:-102.29999999999563:;:xxxxxxx_003:xxxxxxx:2:0:0:DeltaHedging_20240223_Keystore.csv:3:0:0:155.89999999999418:Trade Target;:xxxxxxx_003:xxxxxxx:2:0:0:DeltaHedging_20240223_Keystore.csv:3:0:0:107.0:Trade Target;:xxxxxxx_003:xxxxxxx:2:0:0:DeltaHedging_20240223_Keystore.csv:3:0:0:99.04999999999563:Trade Target;:xxxxxxx_003:xxxxxxx:2:0:0:DeltaHedging_20240223_Keystore.csv:3:0:0:62.94999999999709:Trade Target;:xxxxxxx_004:xxxxxxx_:2:0:0:DeltaHedging_20240223_Keystore.csv:4:0:0::::::;
15:08:00.909399300|DeltaHedging|:xxxxxxx_001:xxxxxxx:2:0:0:DeltaHedging_20240223_Keystore.csv:1:0:0:-29.44999999999709:Trade Target;:xxxxxxx_001:xxxxxxx:2:0:0:DeltaHedging_20240223_Keystore.csv:1:0:0:-81.19999999999709:;:xxxxxxx_002:xxxxxxx:2:0:0:DeltaHedging_20240223_Keystore.csv:2:0:0:-9.900000000001455:;:xxxxxxx_003:xxxxxxx:2:0:0:DeltaHedging_20240223_Keystore.csv:3:0:0:63.5:Trade Target;:xxxxxxx_003:xxxxxxx:2:0:0:DeltaHedging_20240223_Keystore.csv:3:0:0:14.60000000000582:Trade Target;:xxxxxxx_003:xxxxxxx:2:0:0:DeltaHedging_20240223_Keystore.csv:3:0:0:6.650000000001455:Trade Target;:xxxxxxx_003:xxxxxxx:2:0:0:DeltaHedging_20240223_Keystore.csv:3:0:0:-29.44999999999709:Trade Target;:xxxxxxx_004:xxxxxxx_:2:0:0:DeltaHedging_20240223_Keystore.csv:4:0:0::::::;
15:09:00.933001600|DeltaHedging|:xxxxxxx_001:xxxxxxx:2:0:0:DeltaHedging_20240223_Keystore.csv:1:0:0:-104.09999999999854:Trade Target;:xxxxxxx_001:xxxxxxx:2:0:0:DeltaHedging_20240223_Keystore.csv:1:0:0:-155.84999999999854:Trade SL;:xxxxxxx_002:xxxxxxx:2:0:0:DeltaHedging_20240223_Keystore.csv:2:0:0:64.75:Trade Target;:xxxxxxx_002:xxxxxxx:2:0:0:DeltaHedging_20240223_Keystore.csv:2:0:0:1.6500000000014552:;:xxxxxxx_003:xxxxxxx:2:0:0:DeltaHedging_20240223_Keystore.csv:3:0:0:-11.150000000001455:Trade Target;:xxxxxxx_003:xxxxxxx:2:0:0:DeltaHedging_20240223_Keystore.csv:3:0:0:-60.049999999995634:Trade Target;:xxxxxxx_003:xxxxxxx:2:0:0:DeltaHedging_20240223_Keystore.csv:3:0:0:-68.0:Trade Target;:xxxxxxx_003:xxxxxxx:2:0:0:DeltaHedging_20240223_Keystore.csv:3:0:0:-104.09999999999854:Trade Target;:xxxxxxx_004:xxxxxxx_:2:0:0:DeltaHedging_20240223_Keystore.csv:4:0:0::::::;
15:10:00.909021400|DeltaHedging|:xxxxxxx_001:xxxxxxx:2:0:0:DeltaHedging_20240223_Keystore.csv:1:0:0:-80.0:Trade Target;:xxxxxxx_001:xxxxxxx:2:0:0:DeltaHedging_20240223_Keystore.csv:1:0:0:-131.75:Trade SL;:xxxxxxx_002:xxxxxxx:2:0:0:DeltaHedging_20240223_Keystore.csv:2:0:0:40.650000000001455:Trade Target;:xxxxxxx_002:xxxxxxx:2:0:0:DeltaHedging_20240223_Keystore.csv:2:0:0:-22.44999999999709:;:xxxxxxx_003:xxxxxxx:2:0:0:DeltaHedging_20240223_Keystore.csv:3:0:0:12.94999999999709:Trade Target;:xxxxxxx_003:xxxxxxx:2:0:0:DeltaHedging_20240223_Keystore.csv:3:0:0:-35.94999999999709:Trade Target;:xxxxxxx_003:xxxxxxx:2:0:0:DeltaHedging_20240223_Keystore.csv:3:0:0:-43.900000000001455:Trade Target;:xxxxxxx_003:xxxxxxx:2:0:0:DeltaHedging_20240223_Keystore.csv:3:0:0:-80.0:Trade Target;:xxxxxxx_004:xxxxxxx_:2:0:0:DeltaHedging_20240223_Keystore.csv:4:0:0::::::;
15:11:00.908116900|DeltaHedging|:xxxxxxx_001:xxxxxxx:2:0:0:DeltaHedging_20240223_Keystore.csv:1:0:0:-49.19999999999709:Trade Target;:xxxxxxx_001:xxxxxxx:2:0:0:DeltaHedging_20240223_Keystore.csv:1:0:0:-100.94999999999709:Trade SL;:xxxxxxx_002:xxxxxxx:2:0:0:DeltaHedging_20240223_Keystore.csv:2:0:0:9.849999999998545:Trade Target;:xxxxxxx_002:xxxxxxx:2:0:0:DeltaHedging_20240223_Keystore.csv:2:0:0:-53.25:;:xxxxxxx_003:xxxxxxx:2:0:0:DeltaHedging_20240223_Keystore.csv:3:0:0:43.75:Trade Target;:xxxxxxx_003:xxxxxxx:2:0:0:DeltaHedging_20240223_Keystore.csv:3:0:0:-5.149999999994179:Trade Target;:xxxxxxx_003:xxxxxxx:2:0:0:DeltaHedging_20240223_Keystore.csv:3:0:0:-13.099999999998545:Trade Target;:xxxxxxx_003:xxxxxxx:2:0:0:DeltaHedging_20240223_Keystore.csv:3:0:0:-49.19999999999709:Trade Target;:xxxxxxx_004:xxxxxxx_:2:0:0:DeltaHedging_20240223_Keystore.csv:4:0:0::::::;
15:12:00.908638800|DeltaHedging|:xxxxxxx_001:xxxxxxx:2:0:0:DeltaHedging_20240223_Keystore.csv:1:0:0:-30.30000000000291:Trade Target;:xxxxxxx_001:xxxxxxx:2:0:0:DeltaHedging_20240223_Keystore.csv:1:0:0:-82.05000000000291:Trade SL;:xxxxxxx_002:xxxxxxx:2:0:0:DeltaHedging_20240223_Keystore.csv:2:0:0:-9.049999999995634:Trade Target;:xxxxxxx_002:xxxxxxx:2:0:0:DeltaHedging_20240223_Keystore.csv:2:0:0:-72.14999999999418:;:xxxxxxx_003:xxxxxxx:2:0:0:DeltaHedging_20240223_Keystore.csv:3:0:0:62.64999999999418:Trade Target;:xxxxxxx_003:xxxxxxx:2:0:0:DeltaHedging_20240223_Keystore.csv:3:0:0:13.75:Trade Target;:xxxxxxx_003:xxxxxxx:2:0:0:DeltaHedging_20240223_Keystore.csv:3:0:0:5.799999999995634:Trade Target;:xxxxxxx_003:xxxxxxx:2:0:0:DeltaHedging_20240223_Keystore.csv:3:0:0:-30.30000000000291:Trade Target;:xxxxxxx_004:xxxxxxx_:2:0:0:DeltaHedging_20240223_Keystore.csv:4:0:0::::::;
15:13:00.910024200|DeltaHedging|:xxxxxxx_001:xxxxxxx:2:0:0:DeltaHedging_20240223_Keystore.csv:1:0:0:-52.69999999999709:Trade Target;:xxxxxxx_001:xxxxxxx:2:0:0:DeltaHedging_20240223_Keystore.csv:1:0:0:-104.44999999999709:Trade SL;:xxxxxxx_002:xxxxxxx:2:0:0:DeltaHedging_20240223_Keystore.csv:2:0:0:13.349999999998545:Trade Target;:xxxxxxx_002:xxxxxxx:2:0:0:DeltaHedging_20240223_Keystore.csv:2:0:0:-49.75:;:xxxxxxx_003:xxxxxxx:2:0:0:DeltaHedging_20240223_Keystore.csv:3:0:0:40.25:Trade Target;:xxxxxxx_003:xxxxxxx:2:0:0:DeltaHedging_20240223_Keystore.csv:3:0:0:-8.64999999999418:Trade Target;:xxxxxxx_003:xxxxxxx:2:0:0:DeltaHedging_20240223_Keystore.csv:3:0:0:-16.599999999998545:Trade Target;:xxxxxxx_003:xxxxxxx:2:0:0:DeltaHedging_20240223_Keystore.csv:3:0:0:-52.69999999999709:Trade Target;:xxxxxxx_004:xxxxxxx_:2:0:0:DeltaHedging_20240223_Keystore.csv:4:0:0::::::;
15:14:01.098582|DeltaHedging|:xxxxxxx_001:xxxxxxx:2:0:0:DeltaHedging_20240223_Keystore.csv:1:0:0:-50.0:Trade Target;:xxxxxxx_001:xxxxxxx:2:0:0:DeltaHedging_20240223_Keystore.csv:1:0:0:-101.75:Trade SL;:xxxxxxx_002:xxxxxxx:2:0:0:DeltaHedging_20240223_Keystore.csv:2:0:0:10.650000000001455:Trade Target;:xxxxxxx_002:xxxxxxx:2:0:0:DeltaHedging_20240223_Keystore.csv:2:0:0:-52.44999999999709:;:xxxxxxx_003:xxxxxxx:2:0:0:DeltaHedging_20240223_Keystore.csv:3:0:0:42.94999999999709:Trade Target;:xxxxxxx_003:xxxxxxx:2:0:0:DeltaHedging_20240223_Keystore.csv:3:0:0:-5.94999999999709:Trade Target;:xxxxxxx_003:xxxxxxx:2:0:0:DeltaHedging_20240223_Keystore.csv:3:0:0:-13.900000000001455:Trade Target;:xxxxxxx_003:xxxxxxx:2:0:0:DeltaHedging_20240223_Keystore.csv:3:0:0:-50.0:Trade Target;:xxxxxxx_004:xxxxxxx_:2:0:0:DeltaHedging_20240223_Keystore.csv:4:0:0::::::;
15:15:00.910166100|DeltaHedging|:xxxxxxx_001:xxxxxxx:2:0:0:DeltaHedging_20240223_Keystore.csv:1:0:0:-39.80000000000291:Trade Target;:xxxxxxx_001:xxxxxxx:2:0:0:DeltaHedging_20240223_Keystore.csv:1:0:0:-91.55000000000291:Trade SL;:xxxxxxx_002:xxxxxxx:2:0:0:DeltaHedging_20240223_Keystore.csv:2:0:0:0.4500000000043656:Trade Target;:xxxxxxx_002:xxxxxxx:2:0:0:DeltaHedging_20240223_Keystore.csv:2:0:0:-62.64999999999418:;:xxxxxxx_003:xxxxxxx:2:0:0:DeltaHedging_20240223_Keystore.csv:3:0:0:53.14999999999418:Trade Target;:xxxxxxx_003:xxxxxxx:2:0:0:DeltaHedging_20240223_Keystore.csv:3:0:0:4.25:Trade Target;:xxxxxxx_003:xxxxxxx:2:0:0:DeltaHedging_20240223_Keystore.csv:3:0:0:-3.7000000000043656:Trade Target;:xxxxxxx_003:xxxxxxx:2:0:0:DeltaHedging_20240223_Keystore.csv:3:0:0:-39.80000000000291:Trade Target;:xxxxxxx_004:xxxxxxx_:2:0:0:DeltaHedging_20240223_Keystore.csv:4:0:0::::::;
15:16:00.909604300|DeltaHedging|:xxxxxxx_001:xxxxxxx:2:0:0:DeltaHedging_20240223_Keystore.csv:1:0:0:-52.0:Trade Target;:xxxxxxx_001:xxxxxxx:2:0:0:DeltaHedging_20240223_Keystore.csv:1:0:0:-103.75:Trade SL;:xxxxxxx_002:xxxxxxx:2:0:0:DeltaHedging_20240223_Keystore.csv:2:0:0:12.650000000001455:Trade Target;:xxxxxxx_002:xxxxxxx:2:0:0:DeltaHedging_20240223_Keystore.csv:2:0:0:-50.44999999999709:;:xxxxxxx_003:xxxxxxx:2:0:0:DeltaHedging_20240223_Keystore.csv:3:0:0:40.94999999999709:Trade Target;:xxxxxxx_003:xxxxxxx:2:0:0:DeltaHedging_20240223_Keystore.csv:3:0:0:-7.94999999999709:Trade Target;:xxxxxxx_003:xxxxxxx:2:0:0:DeltaHedging_20240223_Keystore.csv:3:0:0:-15.900000000001455:Trade Target;:xxxxxxx_003:xxxxxxx:2:0:0:DeltaHedging_20240223_Keystore.csv:3:0:0:-52.0:Trade Target;:xxxxxxx_004:xxxxxxx_:2:0:0:DeltaHedging_20240223_Keystore.csv:4:0:0::::::;
15:17:00.909779|DeltaHedging|:xxxxxxx_001:xxxxxxx:2:0:0:DeltaHedging_20240223_Keystore.csv:1:0:0:-70.0:Trade Target;:xxxxxxx_001:xxxxxxx:2:0:0:DeltaHedging_20240223_Keystore.csv:1:0:0:-121.75:Trade SL;:xxxxxxx_002:xxxxxxx:2:0:0:DeltaHedging_20240223_Keystore.csv:2:0:0:30.650000000001455:Trade Target;:xxxxxxx_002:xxxxxxx:2:0:0:DeltaHedging_20240223_Keystore.csv:2:0:0:-32.44999999999709:;:xxxxxxx_003:xxxxxxx:2:0:0:DeltaHedging_20240223_Keystore.csv:3:0:0:22.94999999999709:Trade Target;:xxxxxxx_003:xxxxxxx:2:0:0:DeltaHedging_20240223_Keystore.csv:3:0:0:-25.94999999999709:Trade Target;:xxxxxxx_003:xxxxxxx:2:0:0:DeltaHedging_20240223_Keystore.csv:3:0:0:-33.900000000001455:Trade Target;:xxxxxxx_003:xxxxxxx:2:0:0:DeltaHedging_20240223_Keystore.csv:3:0:0:-70.0:Trade Target;:xxxxxxx_004:xxxxxxx_:2:0:0:DeltaHedging_20240223_Keystore.csv:4:0:0::::::;
15:18:00.907817600|DeltaHedging|:xxxxxxx_001:xxxxxxx:2:0:0:DeltaHedging_20240223_Keystore.csv:1:0:0:-69.19999999999709:Trade Target;:xxxxxxx_001:xxxxxxx:2:0:0:DeltaHedging_20240223_Keystore.csv:1:0:0:-120.94999999999709:Trade SL;:xxxxxxx_002:xxxxxxx:2:0:0:DeltaHedging_20240223_Keystore.csv:2:0:0:29.849999999998545:Trade Target;:xxxxxxx_002:xxxxxxx:2:0:0:DeltaHedging_20240223_Keystore.csv:2:0:0:-33.25:;:xxxxxxx_003:xxxxxxx:2:0:0:DeltaHedging_20240223_Keystore.csv:3:0:0:23.75:Trade Target;:xxxxxxx_003:xxxxxxx:2:0:0:DeltaHedging_20240223_Keystore.csv:3:0:0:-25.14999999999418:Trade Target;:xxxxxxx_003:xxxxxxx:2:0:0:DeltaHedging_20240223_Keystore.csv:3:0:0:-33.099999999998545:Trade Target;:xxxxxxx_003:xxxxxxx:2:0:0:DeltaHedging_20240223_Keystore.csv:3:0:0:-69.19999999999709:Trade Target;:xxxxxxx_004:xxxxxxx_:2:0:0:DeltaHedging_20240223_Keystore.csv:4:0:0::::::;
15:19:00.908721400|DeltaHedging|:xxxxxxx_001:xxxxxxx:2:0:0:DeltaHedging_20240223_Keystore.csv:1:0:0:-57.400000000001455:Trade Target;:xxxxxxx_001:xxxxxxx:2:0:0:DeltaHedging_20240223_Keystore.csv:1:0:0:-109.15000000000146:Trade SL;:xxxxxxx_002:xxxxxxx:2:0:0:DeltaHedging_20240223_Keystore.csv:2:0:0:18.05000000000291:Trade Target;:xxxxxxx_002:xxxxxxx:2:0:0:DeltaHedging_20240223_Keystore.csv:2:0:0:-45.049999999995634:;:xxxxxxx_003:xxxxxxx:2:0:0:DeltaHedging_20240223_Keystore.csv:3:0:0:35.549999999995634:Trade Target;:xxxxxxx_003:xxxxxxx:2:0:0:DeltaHedging_20240223_Keystore.csv:3:0:0:-13.349999999998545:Trade Target;:xxxxxxx_003:xxxxxxx:2:0:0:DeltaHedging_20240223_Keystore.csv:3:0:0:-21.30000000000291:Trade Target;:xxxxxxx_003:xxxxxxx:2:0:0:DeltaHedging_20240223_Keystore.csv:3:0:0:-57.400000000001455:Trade Target;:xxxxxxx_004:xxxxxxx_:2:0:0:DeltaHedging_20240223_Keystore.csv:4:0:0::::::;
15:20:00.910051400|DeltaHedging|:xxxxxxx_001:xxxxxxx:2:0:0:DeltaHedging_20240223_Keystore.csv:1:0:0:-44.900000000001455:Trade Target;:xxxxxxx_001:xxxxxxx:2:0:0:DeltaHedging_20240223_Keystore.csv:1:0:0:-96.65000000000146:Trade SL;:xxxxxxx_002:xxxxxxx:2:0:0:DeltaHedging_20240223_Keystore.csv:2:0:0:5.55000000000291:Trade Target;:xxxxxxx_002:xxxxxxx:2:0:0:DeltaHedging_20240223_Keystore.csv:2:0:0:-57.549999999995634:;:xxxxxxx_003:xxxxxxx:2:0:0:DeltaHedging_20240223_Keystore.csv:3:0:0:48.049999999995634:Trade Target;:xxxxxxx_003:xxxxxxx:2:0:0:DeltaHedging_20240223_Keystore.csv:3:0:0:-0.8499999999985448:Trade Target;:xxxxxxx_003:xxxxxxx:2:0:0:DeltaHedging_20240223_Keystore.csv:3:0:0:-8.80000000000291:Trade Target;:xxxxxxx_003:xxxxxxx:2:0:0:DeltaHedging_20240223_Keystore.csv:3:0:0:-44.900000000001455:Trade Target;:xxxxxxx_004:xxxxxxx_:2:0:0:DeltaHedging_20240223_Keystore.csv:4:0:0::::::;
15:21:00.909076300|DeltaHedging|:xxxxxxx_001:xxxxxxx:2:0:0:DeltaHedging_20240223_Keystore.csv:1:0:0:-54.44999999999709:Trade Target;:xxxxxxx_001:xxxxxxx:2:0:0:DeltaHedging_20240223_Keystore.csv:1:0:0:-106.19999999999709:Trade SL;:xxxxxxx_002:xxxxxxx:2:0:0:DeltaHedging_20240223_Keystore.csv:2:0:0:15.099999999998545:Trade Target;:xxxxxxx_002:xxxxxxx:2:0:0:DeltaHedging_20240223_Keystore.csv:2:0:0:-48.0:;:xxxxxxx_003:xxxxxxx:2:0:0:DeltaHedging_20240223_Keystore.csv:3:0:0:38.5:Trade Target;:xxxxxxx_003:xxxxxxx:2:0:0:DeltaHedging_20240223_Keystore.csv:3:0:0:-10.39999999999418:Trade Target;:xxxxxxx_003:xxxxxxx:2:0:0:DeltaHedging_20240223_Keystore.csv:3:0:0:-18.349999999998545:Trade Target;:xxxxxxx_003:xxxxxxx:2:0:0:DeltaHedging_20240223_Keystore.csv:3:0:0:-54.44999999999709:Trade Target;:xxxxxxx_004:xxxxxxx_:2:0:0:DeltaHedging_20240223_Keystore.csv:4:0:0::::::;
15:22:00.909271600|DeltaHedging|:xxxxxxx_001:xxxxxxx:2:0:0:DeltaHedging_20240223_Keystore.csv:1:0:0:-59.900000000001455:Trade Target;:xxxxxxx_001:xxxxxxx:2:0:0:DeltaHedging_20240223_Keystore.csv:1:0:0:-111.65000000000146:Trade SL;:xxxxxxx_002:xxxxxxx:2:0:0:DeltaHedging_20240223_Keystore.csv:2:0:0:20.55000000000291:Trade Target;:xxxxxxx_002:xxxxxxx:2:0:0:DeltaHedging_20240223_Keystore.csv:2:0:0:-42.549999999995634:;:xxxxxxx_003:xxxxxxx:2:0:0:DeltaHedging_20240223_Keystore.csv:3:0:0:33.049999999995634:Trade Target;:xxxxxxx_003:xxxxxxx:2:0:0:DeltaHedging_20240223_Keystore.csv:3:0:0:-15.849999999998545:Trade Target;:xxxxxxx_003:xxxxxxx:2:0:0:DeltaHedging_20240223_Keystore.csv:3:0:0:-23.80000000000291:Trade Target;:xxxxxxx_003:xxxxxxx:2:0:0:DeltaHedging_20240223_Keystore.csv:3:0:0:-59.900000000001455:Trade Target;:xxxxxxx_004:xxxxxxx_:2:0:0:DeltaHedging_20240223_Keystore.csv:4:0:0::::::;
15:23:00.911574400|DeltaHedging|:xxxxxxx_001:xxxxxxx:2:0:0:DeltaHedging_20240223_Keystore.csv:1:0:0:-50.0:Trade Target;:xxxxxxx_001:xxxxxxx:2:0:0:DeltaHedging_20240223_Keystore.csv:1:0:0:-101.75:Trade SL;:xxxxxxx_002:xxxxxxx:2:0:0:DeltaHedging_20240223_Keystore.csv:2:0:0:10.650000000001455:Trade Target;:xxxxxxx_002:xxxxxxx:2:0:0:DeltaHedging_20240223_Keystore.csv:2:0:0:-52.44999999999709:;:xxxxxxx_003:xxxxxxx:2:0:0:DeltaHedging_20240223_Keystore.csv:3:0:0:42.94999999999709:Trade Target;:xxxxxxx_003:xxxxxxx:2:0:0:DeltaHedging_20240223_Keystore.csv:3:0:0:-5.94999999999709:Trade Target;:xxxxxxx_003:xxxxxxx:2:0:0:DeltaHedging_20240223_Keystore.csv:3:0:0:-13.900000000001455:Trade Target;:xxxxxxx_003:xxxxxxx:2:0:0:DeltaHedging_20240223_Keystore.csv:3:0:0:-50.0:Trade Target;:xxxxxxx_004:xxxxxxx_:2:0:0:DeltaHedging_20240223_Keystore.csv:4:0:0::::::;
15:24:00.909163100|DeltaHedging|:xxxxxxx_001:xxxxxxx:2:0:0:DeltaHedging_20240223_Keystore.csv:1:0:0:-58.69999999999709:Trade Target;:xxxxxxx_001:xxxxxxx:2:0:0:DeltaHedging_20240223_Keystore.csv:1:0:0:-110.44999999999709:Trade SL;:xxxxxxx_002:xxxxxxx:2:0:0:DeltaHedging_20240223_Keystore.csv:2:0:0:19.349999999998545:Trade Target;:xxxxxxx_002:xxxxxxx:2:0:0:DeltaHedging_20240223_Keystore.csv:2:0:0:-43.75:;:xxxxxxx_003:xxxxxxx:2:0:0:DeltaHedging_20240223_Keystore.csv:3:0:0:34.25:Trade Target;:xxxxxxx_003:xxxxxxx:2:0:0:DeltaHedging_20240223_Keystore.csv:3:0:0:-14.64999999999418:Trade Target;:xxxxxxx_003:xxxxxxx:2:0:0:DeltaHedging_20240223_Keystore.csv:3:0:0:-22.599999999998545:Trade Target;:xxxxxxx_003:xxxxxxx:2:0:0:DeltaHedging_20240223_Keystore.csv:3:0:0:-58.69999999999709:Trade Target;:xxxxxxx_004:xxxxxxx_:2:0:0:DeltaHedging_20240223_Keystore.csv:4:0:0::::::;
15:25:00.930999400|DeltaHedging|:xxxxxxx_001:xxxxxxx:2:0:0:DeltaHedging_20240223_Keystore.csv:1:0:0:-51.0:Trade Target;:xxxxxxx_001:xxxxxxx:2:0:0:DeltaHedging_20240223_Keystore.csv:1:0:0:-102.75:Trade SL;:xxxxxxx_002:xxxxxxx:2:0:0:DeltaHedging_20240223_Keystore.csv:2:0:0:11.650000000001455:Trade Target;:xxxxxxx_002:xxxxxxx:2:0:0:DeltaHedging_20240223_Keystore.csv:2:0:0:-51.44999999999709:;:xxxxxxx_003:xxxxxxx:2:0:0:DeltaHedging_20240223_Keystore.csv:3:0:0:41.94999999999709:Trade Target;:xxxxxxx_003:xxxxxxx:2:0:0:DeltaHedging_20240223_Keystore.csv:3:0:0:-6.94999999999709:Trade Target;:xxxxxxx_003:xxxxxxx:2:0:0:DeltaHedging_20240223_Keystore.csv:3:0:0:-14.900000000001455:Trade Target;:xxxxxxx_003:xxxxxxx:2:0:0:DeltaHedging_20240223_Keystore.csv:3:0:0:-51.0:Trade Target;:xxxxxxx_004:xxxxxxx_:2:0:0:DeltaHedging_20240223_Keystore.csv:4:0:0::::::;
15:26:01.008548700|DeltaHedging|:xxxxxxx_001:xxxxxxx:2:0:0:DeltaHedging_20240223_Keystore.csv:1:0:0:-64.84999999999854:Trade Target;:xxxxxxx_001:xxxxxxx:2:0:0:DeltaHedging_20240223_Keystore.csv:1:0:0:-116.59999999999854:Trade SL;:xxxxxxx_002:xxxxxxx:2:0:0:DeltaHedging_20240223_Keystore.csv:2:0:0:25.5:Trade Target;:xxxxxxx_002:xxxxxxx:2:0:0:DeltaHedging_20240223_Keystore.csv:2:0:0:-37.599999999998545:;:xxxxxxx_003:xxxxxxx:2:0:0:DeltaHedging_20240223_Keystore.csv:3:0:0:28.099999999998545:Trade Target;:xxxxxxx_003:xxxxxxx:2:0:0:DeltaHedging_20240223_Keystore.csv:3:0:0:-20.799999999995634:Trade Target;:xxxxxxx_003:xxxxxxx:2:0:0:DeltaHedging_20240223_Keystore.csv:3:0:0:-28.75:Trade Target;:xxxxxxx_003:xxxxxxx:2:0:0:DeltaHedging_20240223_Keystore.csv:3:0:0:-64.84999999999854:Trade Target;:xxxxxxx_004:xxxxxxx_:2:0:0:DeltaHedging_20240223_Keystore.csv:4:0:0::::::;
15:27:00.909461800|DeltaHedging|:xxxxxxx_001:xxxxxxx:2:0:0:DeltaHedging_20240223_Keystore.csv:1:0:0:-60.099999999998545:Trade Target;:xxxxxxx_001:xxxxxxx:2:0:0:DeltaHedging_20240223_Keystore.csv:1:0:0:-111.84999999999854:Trade SL;:xxxxxxx_002:xxxxxxx:2:0:0:DeltaHedging_20240223_Keystore.csv:2:0:0:20.75:Trade Target;:xxxxxxx_002:xxxxxxx:2:0:0:DeltaHedging_20240223_Keystore.csv:2:0:0:-42.349999999998545:;:xxxxxxx_003:xxxxxxx:2:0:0:DeltaHedging_20240223_Keystore.csv:3:0:0:32.849999999998545:Trade Target;:xxxxxxx_003:xxxxxxx:2:0:0:DeltaHedging_20240223_Keystore.csv:3:0:0:-16.049999999995634:Trade Target;:xxxxxxx_003:xxxxxxx:2:0:0:DeltaHedging_20240223_Keystore.csv:3:0:0:-24.0:Trade Target;:xxxxxxx_003:xxxxxxx:2:0:0:DeltaHedging_20240223_Keystore.csv:3:0:0:-60.099999999998545:Trade Target;:xxxxxxx_004:xxxxxxx_:2:0:0:DeltaHedging_20240223_Keystore.csv:4:0:0::::::;
15:28:00.909592300|DeltaHedging|:xxxxxxx_001:xxxxxxx:2:0:0:DeltaHedging_20240223_Keystore.csv:1:0:0:-60.0:Trade Target;:xxxxxxx_001:xxxxxxx:2:0:0:DeltaHedging_20240223_Keystore.csv:1:0:0:-111.75:Trade SL;:xxxxxxx_002:xxxxxxx:2:0:0:DeltaHedging_20240223_Keystore.csv:2:0:0:20.650000000001455:Trade Target;:xxxxxxx_002:xxxxxxx:2:0:0:DeltaHedging_20240223_Keystore.csv:2:0:0:-42.44999999999709:;:xxxxxxx_003:xxxxxxx:2:0:0:DeltaHedging_20240223_Keystore.csv:3:0:0:32.94999999999709:Trade Target;:xxxxxxx_003:xxxxxxx:2:0:0:DeltaHedging_20240223_Keystore.csv:3:0:0:-15.94999999999709:Trade Target;:xxxxxxx_003:xxxxxxx:2:0:0:DeltaHedging_20240223_Keystore.csv:3:0:0:-23.900000000001455:Trade Target;:xxxxxxx_003:xxxxxxx:2:0:0:DeltaHedging_20240223_Keystore.csv:3:0:0:-60.0:Trade Target;:xxxxxxx_004:xxxxxxx_:2:0:0:DeltaHedging_20240223_Keystore.csv:4:0:0::::::;
15:29:00.909475200|DeltaHedging|:xxxxxxx_001:xxxxxxx:2:0:0:DeltaHedging_20240223_Keystore.csv:1:0:0:-65.0:Trade Target;:xxxxxxx_001:xxxxxxx:2:0:0:DeltaHedging_20240223_Keystore.csv:1:0:0:-116.75:Trade SL;:xxxxxxx_002:xxxxxxx:2:0:0:DeltaHedging_20240223_Keystore.csv:2:0:0:25.650000000001455:Trade Target;:xxxxxxx_002:xxxxxxx:2:0:0:DeltaHedging_20240223_Keystore.csv:2:0:0:-37.44999999999709:;:xxxxxxx_003:xxxxxxx:2:0:0:DeltaHedging_20240223_Keystore.csv:3:0:0:27.94999999999709:Trade Target;:xxxxxxx_003:xxxxxxx:2:0:0:DeltaHedging_20240223_Keystore.csv:3:0:0:-20.94999999999709:Trade Target;:xxxxxxx_003:xxxxxxx:2:0:0:DeltaHedging_20240223_Keystore.csv:3:0:0:-28.900000000001455:Trade Target;:xxxxxxx_003:xxxxxxx:2:0:0:DeltaHedging_20240223_Keystore.csv:3:0:0:-65.0:Trade Target;:xxxxxxx_004:xxxxxxx_:2:0:0:DeltaHedging_20240223_Keystore.csv:4:0:0::::::;
15:30:00.909387100|DeltaHedging|:xxxxxxx_001:xxxxxxx:2:0:0:DeltaHedging_20240223_Keystore.csv:1:0:0:-83.0:Trade Target;:xxxxxxx_001:xxxxxxx:2:0:0:DeltaHedging_20240223_Keystore.csv:1:0:0:-134.75:Trade SL;:xxxxxxx_002:xxxxxxx:2:0:0:DeltaHedging_20240223_Keystore.csv:2:0:0:43.650000000001455:Trade Target;:xxxxxxx_002:xxxxxxx:2:0:0:DeltaHedging_20240223_Keystore.csv:2:0:0:-19.44999999999709:;:xxxxxxx_003:xxxxxxx:2:0:0:DeltaHedging_20240223_Keystore.csv:3:0:0:9.94999999999709:Trade Target;:xxxxxxx_003:xxxxxxx:2:0:0:DeltaHedging_20240223_Keystore.csv:3:0:0:-38.94999999999709:Trade Target;:xxxxxxx_003:xxxxxxx:2:0:0:DeltaHedging_20240223_Keystore.csv:3:0:0:-46.900000000001455:Trade Target;:xxxxxxx_003:xxxxxxx:2:0:0:DeltaHedging_20240223_Keystore.csv:3:0:0:-83.0:Trade Target;:xxxxxxx_004:xxxxxxx_:2:0:0:DeltaHedging_20240223_Keystore.csv:4:0:0::::::;
15:31:00.908965800|DeltaHedging|:xxxxxxx_001:xxxxxxx:2:0:0:DeltaHedging_20240223_Keystore.csv:1:0:0:-83.0:Trade Target;:xxxxxxx_001:xxxxxxx:2:0:0:DeltaHedging_20240223_Keystore.csv:1:0:0:-134.75:Trade SL;:xxxxxxx_002:xxxxxxx:2:0:0:DeltaHedging_20240223_Keystore.csv:2:0:0:43.650000000001455:Trade Target;:xxxxxxx_002:xxxxxxx:2:0:0:DeltaHedging_20240223_Keystore.csv:2:0:0:-19.44999999999709:;:xxxxxxx_003:xxxxxxx:2:0:0:DeltaHedging_20240223_Keystore.csv:3:0:0:9.94999999999709:Trade Target;:xxxxxxx_003:xxxxxxx:2:0:0:DeltaHedging_20240223_Keystore.csv:3:0:0:-38.94999999999709:Trade Target;:xxxxxxx_003:xxxxxxx:2:0:0:DeltaHedging_20240223_Keystore.csv:3:0:0:-46.900000000001455:Trade Target;:xxxxxxx_003:xxxxxxx:2:0:0:DeltaHedging_20240223_Keystore.csv:3:0:0:-83.0:Trade Target;:xxxxxxx_004:xxxxxxx_:2:0:0:DeltaHedging_20240223_Keystore.csv:4:0:0::::::;
16:23:00.283273200|DeltaHedging|:xxxxxxx_001:xxxxxxx_:2:0:0:DeltaHedging_20240223_Keystore.csv:1:0:0::::::;:xxxxxxx_002:xxxxxxx_:2:0:0:DeltaHedging_20240223_Keystore.csv:2:0:0::::::;:xxxxxxx_003:xxxxxxx_:2:0:0:DeltaHedging_20240223_Keystore.csv:3:0:0::::::;:xxxxxxx_004:xxxxxxx_:2:0:0:DeltaHedging_20240223_Keystore.csv:4:0:0::::::;
16:24:00.297120|DeltaHedging|:xxxxxxx_001:xxxxxxx_:2:0:0:DeltaHedging_20240223_Keystore.csv:1:0:0::::::;:xxxxxxx_002:xxxxxxx_:2:0:0:DeltaHedging_20240223_Keystore.csv:2:0:0::::::;:xxxxxxx_003:xxxxxxx_:2:0:0:DeltaHedging_20240223_Keystore.csv:3:0:0::::::;:xxxxxxx_004:xxxxxxx_:2:0:0:DeltaHedging_20240223_Keystore.csv:4:0:0::::::;
16:25:00.378637900|DeltaHedging|:xxxxxxx_001:xxxxxxx_:2:0:0:DeltaHedging_20240223_Keystore.csv:1:0:0::::::;:xxxxxxx_002:xxxxxxx_:2:0:0:DeltaHedging_20240223_Keystore.csv:2:0:0::::::;:xxxxxxx_003:xxxxxxx_:2:0:0:DeltaHedging_20240223_Keystore.csv:3:0:0::::::;:xxxxxxx_004:xxxxxxx_:2:0:0:DeltaHedging_20240223_Keystore.csv:4:0:0::::::;
16:26:00.467952|DeltaHedging|:xxxxxxx_001:xxxxxxx_:2:0:0:DeltaHedging_20240223_Keystore.csv:1:0:0::::::;:xxxxxxx_002:xxxxxxx_:2:0:0:DeltaHedging_20240223_Keystore.csv:2:0:0::::::;:xxxxxxx_003:xxxxxxx_:2:0:0:DeltaHedging_20240223_Keystore.csv:3:0:0::::::;:xxxxxxx_004:xxxxxxx_:2:0:0:DeltaHedging_20240223_Keystore.csv:4:0:0::::::;
