S.no,Date,TradeType,TradeId,HoldingPeriod,EntryTime,EntryPrice,ExitTime,ExitPrice,Reason,Profit,Profit%,ProfitCost,ProfitCost%,DayATR,UpperBand,LowerBand,SMA,BandRangePercent,BandChangePercent,
3,29-01-16,s,2,9,29-01-16 11:00,15295.15,29-01-16 13:15,15428.3,Trade SL,-133.14941,-0.8705336,-163.87305,-1.0714052,2.0688403732311063,15689.047162578307,15318.720837421697,15503.884000000002,2.388603559963487,2.438220989723322
3,28-01-16,s,1,23,28-01-16 15:00,15363.2,29-01-16 14:30,15504.4,Trade SL,-141.2002,-0.9190806,-172.06836,-1.1200035,2.095970255400198,15657.015906547475,15373.61009345254,15515.313000000007,1.8266200178812646,-55.0306256574399
3,02-02-16,s,3,3,02-02-16 11:00,15221.1,02-02-16 11:45,15397.95,Trade SL,-176.85059,-1.1618779,-207.46973,-1.3630403,2.105623275531804,15631.702955751782,15235.009044248214,15433.355999999998,2.5703671418165146,6.236180825599997
3,02-02-16,s,4,29,02-02-16 14:00,15172.0,03-02-16 15:00,14817.85,Trade Target,354.1504,2.3342366,324.16113,2.136575,2.105623275531804,15599.946009895162,15207.15299010484,15403.549500000001,2.550016278977273,-2.0144397006203283
3,03-02-16,s,5,48,03-02-16 11:15,14926.85,05-02-16 10:45,15105.95,Trade SL,-179.10059,-1.1998552,-209.13281,-1.4010513,2.1976169599691993,15678.861318758114,14977.366681241903,15328.114000000009,4.576522835857108,69.80841217790439
3,03-02-16,s,6,41,03-02-16 13:00,14881.2,05-02-16 10:45,15105.95,Trade SL,-224.75,-1.5102948,-254.73633,-1.7117996,2.1976169599691993,15688.572671572374,14884.276328427635,15286.424500000005,5.261507314184154,30.946243434568228
3,10-02-16,s,7,36,10-02-16 10:45,14634.45,11-02-16 13:30,14291.3,Trade Target,343.1504,2.3448122,314.2246,2.147157,2.1850724681485345,15390.487727089168,14634.947272910837,15012.717500000002,5.0326694962343215,13.352228577840739
3,11-02-16,s,8,15,11-02-16 15:00,14062.5,12-02-16 12:30,13922.05,Trigger Fallback,140.4502,0.99875695,112.46582,0.79975694,2.2574248331712115,15475.216142174098,14110.501857825906,14792.859000000002,9.225493762552542,17.358924801911595
3,23-02-16,s,9,20,23-02-16 13:00,14019.15,24-02-16 11:45,13872.15,Trigger Fallback,147.0,1.0485656,119.1084,0.84961206,2.3160810241956575,14490.80758500251,14044.585414997478,14267.696499999995,3.127499733436525,-12.36545926679273
3,23-02-16,s,10,15,23-02-16 14:15,14035.9,24-02-16 11:45,13872.15,Trigger Fallback,163.75,1.1666512,135.8418,0.9678167,2.3160810241956575,14487.373653257057,14049.470346742934,14268.421999999995,3.0690380934494588,-9.576583183338055
3,24-02-16,s,11,6,24-02-16 11:30,13818.1,24-02-16 13:00,13946.85,Trade SL,-128.75,-0.9317489,-156.51562,-1.1326855,2.424220506290838,14566.451217782538,13866.859782217463,14216.6555,4.920928382664085,53.890700327071684
3,28-03-16,s,12,37,28-03-16 14:00,15657.3,30-03-16 10:45,15810.95,Trade SL,-153.65039,-0.981334,-185.11816,-1.1823121,1.7892418868318345,15963.64985867993,15699.710141320074,15831.680000000002,1.6671617753760521,-39.124386058662694
3,28-03-16,s,13,32,28-03-16 15:15,15669.65,30-03-16 10:45,15810.95,Trade SL,-141.2998,-0.9017419,-172.78027,-1.1026428,1.7892418868318345,15970.957822504104,15689.864177495896,15830.411,1.775656014289257,-20.91915006241624
3,29-03-16,s,14,25,29-03-16 10:45,15636.3,30-03-16 10:45,15810.95,Trade SL,-174.65039,-1.1169547,-206.09766,-1.3180718,1.8604713520107767,15980.492849845012,15665.485150154987,15822.989,1.9908229708686793,21.821645837765587
3,05-04-16,s,15,35,05-04-16 11:15,15923.0,06-04-16 13:45,15590.6,Trade Target,332.4004,2.0875487,300.88672,1.8896358,1.7530203082235203,16297.626139917971,15952.732860082018,16125.179499999995,2.138849244040682,-37.0936891434444
3,05-04-16,s,16,24,05-04-16 14:30,15819.15,06-04-16 14:15,15660.75,Trigger Fallback,158.40039,1.0013205,126.91992,0.8023182,1.7530203082235203,16337.744311014889,15877.611688985107,16107.677999999998,2.8566042978372272,43.33121865246608
3,06-04-16,s,17,85,06-04-16 10:45,15655.25,11-04-16 13:15,15611.15,Trigger Fallback,44.09961,0.28169215,12.833008,0.081972554,1.920907356918997,16395.019212157764,15729.702787842236,16062.361,4.142083622174398,49.39819127796584
3,06-04-16,s,18,78,06-04-16 12:30,15647.5,11-04-16 13:15,15611.15,Trigger Fallback,36.34961,0.23230298,5.0908203,0.032534402,1.920907356918997,16396.693976868748,15650.377023131261,16023.535500000004,4.657629733072872,26.72633524309
3,06-04-16,s,19,78,06-04-16 13:45,15590.6,11-04-16 14:30,15746.5,Trade SL,-155.90039,-0.999964,-187.2373,-1.2009628,1.920907356918997,16390.8228207232,15599.817179276819,15995.320000000009,4.945231739323623,15.994015057556457
3,03-05-16,s,20,45,03-05-16 13:00,16456.05,05-05-16 11:45,16338.6,Trigger Fallback,117.45117,0.71372634,84.65723,0.5144444,1.7609265166584442,16973.012138552545,16470.653861447452,16721.833,3.0042058015116724,-7.5856655971026505
3,03-05-16,s,21,47,03-05-16 14:30,16413.1,05-05-16 13:45,16302.05,Trigger Fallback,111.049805,0.6765925,78.333984,0.477265,1.7609265166584442,16960.822041275576,16427.364958724414,16694.093499999995,3.195483974922999,2.7907754073640474
3,04-05-16,s,22,58,04-05-16 15:00,16262.4,09-05-16 10:45,16563.5,Trade SL,-301.0996,-1.8515078,-333.92676,-2.053367,1.8078462720903756,16850.42244119798,16273.826558802,16562.12449999999,3.4814125590951885,5.529592637211978
3,16-05-16,s,23,15,16-05-16 10:45,16517.0,16-05-16 14:30,16659.5,Trade SL,-142.5,-0.86274743,-175.67773,-1.0636177,1.6867812429641553,16962.845912995715,16569.486087004294,16766.166000000005,2.346152519254679,6.5231654086615976
3,16-05-16,s,24,10,16-05-16 12:00,16492.25,16-05-16 14:30,16659.5,Trade SL,-167.25,-1.0141127,-200.40234,-1.2151303,1.6867812429641553,16984.293782437737,16531.39721756227,16757.845500000003,2.7025942259431104,21.779714228795076
3,20-05-16,s,25,60,20-05-16 14:30,16464.25,25-05-16 10:45,16808.55,Trade SL,-344.30078,-2.0912023,-377.57422,-2.2932975,1.6127691464979732,16886.806544135343,16464.83745586465,16675.821999999996,2.5304245168285724,-4.660540468513378
3,23-05-16,s,26,33,23-05-16 15:00,16414.7,25-05-16 10:45,16808.55,Trade SL,-393.85156,-2.3993833,-427.07422,-2.601779,1.5780152550235595,16745.999063745807,16434.4059362542,16590.202500000003,1.8781755526589106,-22.317384679070294
3,21-11-16,s,28,47,21-11-16 14:30,18445.9,23-11-16 13:45,18612.85,Trade SL,-166.94922,-0.90507495,-204.00781,-1.1059792,2.183342213218258,19564.22517293513,18462.431827064862,19013.328499999996,5.7948472613318,28.48637015375105
3,21-11-16,s,27,80,21-11-16 13:00,18516.55,24-11-16 14:15,18367.95,Trigger Fallback,148.60156,0.8025337,111.71875,0.60334533,2.183342213218258,19561.28838968999,18575.58461031,19068.436499999996,5.16929523498159,37.591254335247534
3,24-11-16,s,29,8,24-11-16 15:00,18232.5,25-11-16 10:45,18443.45,Trade SL,-210.94922,-1.1569955,-247.625,-1.3581517,2.2300487684812165,18705.494275201803,18248.505724798182,18476.999999999993,2.4732832732782444,-41.086522038023126
3,29-11-16,s,30,10,29-11-16 14:30,18225.6,30-11-16 10:45,18411.4,Trade SL,-185.80078,-1.0194495,-222.43945,-1.220478,2.1482877370179327,18496.753942767704,18246.266057232293,18371.51,1.363458341396058,-23.386933297279057
3,16-12-16,s,31,55,16-12-16 13:00,18286.8,20-12-16 14:15,18104.4,Trigger Fallback,182.40039,0.99744284,146.00977,0.79844344,1.860363809011953,18483.55660984633,18290.978390153658,18387.267499999994,1.0473455052126368,-16.754989616731848
3,20-12-16,s,32,85,20-12-16 10:45,18159.35,23-12-16 13:15,17950.2,Trigger Fallback,209.15039,1.1517504,173.03906,0.95289236,1.7143834408460865,18469.677873436587,18198.54712656342,18334.112500000003,1.47883213257892,10.451691549724309
3,20-12-16,s,33,79,20-12-16 12:15,18072.0,23-12-16 13:15,17950.2,Trigger Fallback,121.80078,0.6739751,85.77734,0.47464222,1.7143834408460865,18490.65226354666,18135.587736453344,18313.120000000003,1.9388532761938784,45.56564410751203
3,20-12-16,s,34,74,20-12-16 13:30,18046.55,23-12-16 13:15,17950.2,Trigger Fallback,96.35156,0.53390574,60.353516,0.33443242,1.7143834408460865,18502.898585601004,18091.466414398994,18297.1825,2.2486094304519844,51.74677750379707
3,22-12-16,s,35,89,22-12-16 10:45,17893.15,27-12-16 14:15,17739.7,Trigger Fallback,153.45117,0.8575973,117.81836,0.6584551,1.6380457485457172,18412.011268392056,17935.66773160794,18173.8395,2.6210396365837596,9.643594106260215
3,22-12-16,s,36,81,22-12-16 12:45,17872.25,27-12-16 14:15,17739.7,Trigger Fallback,132.55078,0.7416569,96.9375,0.5423911,1.6380457485457172,18405.951519978546,17873.192480021455,18139.572,2.936998954314307,17.636052249720052
3,26-12-16,s,37,41,26-12-16 10:45,17659.15,27-12-16 14:45,17817.5,Trade SL,-158.34961,-0.8967,-193.82617,-1.0975963,1.5758486933520364,18220.594061542044,17703.276938457955,17961.9355,2.8800744946672867,3.6836219280496003
3,14-02-18,s,38,7,14-02-18 15:15,25253.2,15-02-18 10:45,25501.95,Trade SL,-248.75,-0.98502374,-299.50586,-1.1860116,1.6290246839401001,26031.149338225434,25255.95966177457,25643.554500000002,3.022941599031693,4.7351904877297315
3,16-02-18,s,39,38,16-02-18 11:15,25323.65,19-02-18 14:30,24992.5,Trigger Fallback,331.1504,1.3076725,280.83398,1.1089791,1.6658880729963108,25698.97016588476,25345.953834115247,25522.462000000003,1.3831593980608587,-13.109602158656998
3,16-02-18,s,40,33,16-02-18 12:30,25291.8,19-02-18 14:30,24992.5,Trigger Fallback,299.30078,1.1833905,249.01758,0.9845783,1.6658880729963108,25712.858545003688,25314.624454996312,25513.7415,1.560861193202008,17.735941590281808
3,16-02-18,s,41,28,16-02-18 13:45,25225.5,19-02-18 14:30,24992.5,Trigger Fallback,233.0,0.9236685,182.7832,0.724597,1.6658880729963108,25724.94321720182,25280.23678279818,25502.59,1.743769689288973,28.359779528357066
3,16-02-18,s,42,23,16-02-18 15:00,25157.75,19-02-18 14:30,24992.5,Trigger Fallback,165.25,0.6568552,115.09961,0.45751157,1.6658880729963108,25750.707718745434,25226.382281254555,25488.544999999995,2.057102268846179,35.030529495388464
3,19-02-18,s,45,8,19-02-18 13:15,24878.9,19-02-18 15:15,25096.9,Trade SL,-218.0,-0.87624454,-267.97656,-1.0771239,1.7048050468417373,25829.02402783166,24923.723972168347,25376.374000000003,3.5674917766553738,34.494293045912464
3,19-02-18,s,43,100,19-02-18 10:45,24977.25,23-02-18 10:45,25190.75,Trade SL,-213.5,-0.8547778,-263.66797,-1.0556326,1.7048050468417373,25794.730670510915,25098.546329489087,25446.6385,2.7358597522491155,47.91539998028104
3,19-02-18,s,44,95,19-02-18 12:00,24943.35,23-02-18 10:45,25190.75,Trade SL,-247.40039,-0.9918491,-297.53516,-1.1928437,1.7048050468417373,25815.747082716818,25011.21891728319,25413.483000000004,3.1657532555991184,46.918982665634076
3,06-03-18,s,46,27,06-03-18 14:30,24628.4,07-03-18 15:00,24125.6,Trade Target,502.80078,2.0415487,454.04688,1.8435906,1.5409686112471257,25273.33567527025,24630.157324729746,24951.746499999997,2.5776887022337447,-25.015694489325956
3,07-03-18,s,47,35,07-03-18 12:00,24180.25,08-03-18 14:30,24393.35,Trade SL,-213.09961,-0.8812961,-261.67188,-1.0821719,1.6507014874516506,25358.721102938383,24292.405897061624,24825.563500000004,4.295230623372392,53.92744246492629
3,16-03-18,s,48,24,16-03-18 15:00,24468.25,19-03-18 14:45,24326.85,Trigger Fallback,141.40039,0.5778933,92.60547,0.37847197,1.5638360772418047,25008.01953028347,24499.68946971652,24753.854499999994,2.053539017800037,-13.960681657239594
3,19-03-18,s,49,43,19-03-18 10:45,24398.45,20-03-18 15:15,24227.3,Trigger Fallback,171.14844,0.70147264,122.52344,0.5021771,1.5729980527058411,25008.011224256756,24432.265775743268,24720.138500000012,2.329054299244672,15.089229721490623
3,19-03-18,s,50,38,19-03-18 12:00,24367.4,20-03-18 15:15,24227.3,Trigger Fallback,140.09961,0.5749469,91.50586,0.3755257,1.5729980527058411,25003.162976445084,24383.33502355493,24693.249000000007,2.5101109736112677,18.14708215111812
3,19-03-18,s,51,90,19-03-18 13:15,24283.35,23-03-18 10:45,23717.2,Trade Target,566.1504,2.3314345,518.1504,2.1337683,1.5729980527058411,24993.201922150212,24326.723077849812,24659.962500000012,2.7026758223999714,17.6691043266166
3,19-03-18,s,52,85,19-03-18 14:30,24246.1,23-03-18 10:45,23717.2,Trade Target,528.9004,2.1813834,480.9375,1.9835664,1.5729980527058411,25014.388192902577,24257.96080709744,24636.17450000001,3.0703930344588932,23.549114512606643
3,22-03-18,s,53,33,22-03-18 15:15,24097.0,26-03-18 11:00,23744.9,Trigger Fallback,352.0996,1.4611762,304.2578,1.2626377,1.5340366165414066,24453.733482081603,24101.34451791842,24277.53900000001,1.4515020001128736,-37.63223912999851
3,24-09-18,s,54,31,24-09-18 12:30,25112.9,25-09-18 14:00,25124.35,Trigger Fallback,-11.449219,-0.045590986,-61.6875,-0.24564068,1.6699723628737426,27325.03770530409,25237.037294695892,26281.03749999999,7.944893387896876,37.795726312912834
3,24-09-18,s,55,30,24-09-18 13:45,25039.6,25-09-18 15:00,25307.45,Trade SL,-267.8496,-1.069704,-318.1953,-1.2707684,1.6699723628737426,27323.81746744606,25065.257532553915,26194.537499999988,8.622255441204667,26.046118234534205
3,01-10-18,s,56,11,01-10-18 11:00,24818.6,01-10-18 13:45,25027.25,Trade SL,-208.65039,-0.8407017,-258.4961,-1.0415418,1.8200149366218548,25496.88115297305,24851.21984702697,25174.05050000001,2.5647891106998433,-0.7444152128996234
3,04-10-18,s,59,3,04-10-18 13:30,24561.5,04-10-18 14:15,24783.0,Trade SL,-221.5,-0.9018179,-270.84375,-1.1027167,1.945987871350828,25492.806134072674,24610.51586592732,25051.660999999996,3.5218833120301136,23.555512982788258
3,04-10-18,s,58,10,04-10-18 12:00,24649.25,04-10-18 14:30,24850.4,Trade SL,-201.15039,-0.8160507,-250.64844,-1.0168602,1.945987871350828,25473.881636355432,24684.217363644555,25079.049499999994,3.1487009613776533,19.241838072231097
3,04-10-18,s,57,50,04-10-18 10:45,24738.25,08-10-18 10:45,24578.85,Trigger Fallback,159.40039,0.64434785,110.083984,0.44499505,1.945987871350828,25462.291548082565,24748.207451917417,25105.24949999999,2.844361678879744,6.753160902068695
3,19-10-18,s,60,25,19-10-18 10:45,25014.95,22-10-18 10:45,25316.5,Trade SL,-301.55078,-1.2054822,-351.8828,-1.4066901,2.250833821538356,25807.367165617336,25075.67583438264,25441.521499999988,2.8759731654991447,-11.761665550511816
3,19-10-18,s,61,13,19-10-18 13:45,24935.0,22-10-18 10:45,25316.5,Trade SL,-381.5,-1.5299779,-431.75195,-1.7315097,2.250833821538356,25842.46436734611,24957.650632653887,25400.0575,3.483510754620233,17.894749200823846
3,25-10-18,s,62,43,25-10-18 12:30,24724.3,29-10-18 10:45,24549.95,Trigger Fallback,174.35156,0.70518297,125.07617,0.5058836,2.118867158384311,25400.454451722813,24736.657548277188,25068.556,2.647926364189567,18.003925452647117
3,26-10-18,s,63,19,26-10-18 14:15,24497.25,29-10-18 12:45,24743.75,Trade SL,-246.5,-1.0062354,-295.7422,-1.2072464,2.0928109426612798,25258.781115172453,24549.99388482755,24904.3875,2.8460335767940643,-10.50904092703874
3,13-11-18,s,65,12,13-11-18 10:45,25437.45,13-11-18 13:45,25713.75,Trade SL,-276.30078,-1.0861969,-327.45117,-1.28728,1.649396831161382,25895.13877746744,25499.727222532583,25697.43300000001,1.5387200540025026,43.42262668655243
3,12-11-18,s,64,25,12-11-18 15:00,25556.4,13-11-18 15:00,25785.05,Trade SL,-228.65039,-0.8946894,-279.9922,-1.0955853,1.6373280582561636,25858.783163966244,25568.942836033773,25713.86300000001,1.1271753603590022,10.429417729104836
3,06-06-19,s,66,23,06-06-19 12:00,31247.2,07-06-19 11:30,30988.4,Trigger Fallback,258.79883,0.8282305,196.5625,0.6290564,1.67743450484891,31774.828810396833,31262.70018960319,31518.764500000012,1.6248372324163995,3.8046398861724278
3,06-06-19,s,68,60,06-06-19 15:15,30895.8,11-06-19 11:30,31186.3,Trade SL,-290.5,-0.9402572,-352.58203,-1.1411972,1.67743450484891,31892.663062897882,31005.78093710213,31449.222000000005,2.820044724145333,62.90769332465204
3,06-06-19,s,67,78,06-06-19 13:15,31075.15,11-06-19 14:00,31366.4,Trade SL,-291.25,-0.937244,-353.6914,-1.1381809,1.67743450484891,31801.71645090715,31197.51454909287,31499.61550000001,1.9181246889006682,22.573232614936575
3,13-06-19,s,70,8,13-06-19 12:00,30663.8,13-06-19 14:00,30914.9,Trade SL,-251.09961,-0.8188796,-312.67773,-1.0196966,1.6847544650989952,31343.917823397976,30706.39417660203,31025.156000000003,2.0548604068129346,28.003274720366516
3,13-06-19,s,69,17,13-06-19 10:45,30715.35,13-06-19 15:00,30997.5,Trade SL,-282.1504,-0.91859734,-343.86328,-1.119516,1.6847544650989952,31315.87750557986,30763.220494420137,31039.549,1.780493045049478,4.128633259482497
3,17-06-19,s,74,17,17-06-19 14:30,30269.45,18-06-19 12:30,30523.7,Trade SL,-254.25,-0.8399558,-315.04297,-1.0407952,1.677899220871211,31238.268532674647,30290.20146732536,30764.235000000004,3.0817183178755627,1.8212559937893094
3,14-06-19,s,71,50,14-06-19 15:00,30543.65,18-06-19 15:00,30359.05,Trigger Fallback,184.59961,0.60437965,123.697266,0.4049852,1.6558153300191978,31326.617167000393,30558.85383299961,30942.735500000003,2.481239365539551,6.146896897068528
3,17-06-19,s,73,41,17-06-19 13:00,30329.3,19-06-19 10:45,30636.15,Trade SL,-306.8496,-1.0117266,-367.8164,-1.2127427,1.677899220871211,31310.037334013316,30336.04366598667,30823.040499999992,3.159953243505123,12.993073559279614
3,17-06-19,s,72,85,17-06-19 11:30,30413.6,20-06-19 14:00,30676.9,Trade SL,-263.30078,-0.86573374,-324.39258,-1.0666037,1.677899220871211,31335.322848554057,30413.758151445927,30874.540499999992,2.9848693524949135,20.03239231364383
3,31-07-19,s,75,14,31-07-19 10:45,28637.25,31-07-19 14:15,28941.75,Trade SL,-304.5,-1.0633004,-362.07812,-1.2643607,1.5078672297636901,29578.23186051764,28777.6631394824,29177.94750000002,2.7437458410508144,51.02258671399464
3,02-08-19,s,77,10,02-08-19 10:45,27997.45,02-08-19 13:15,28326.6,Trade SL,-329.1504,-1.1756443,-385.4746,-1.3768204,1.633469756890619,29660.470949535036,28029.810050464966,28845.1405,5.653156375057593,18.93246879615038
3,01-08-19,s,76,36,01-08-19 14:15,28221.85,05-08-19 10:45,27464.6,Trade Target,757.25,2.683205,701.5625,2.4858842,1.5073833725536663,29663.980175130942,28292.898824869044,28978.439499999993,4.731384346151209,17.312016522536368
3,05-08-19,s,78,6,05-08-19 11:00,27487.8,05-08-19 12:30,27757.15,Trade SL,-269.3496,-0.9798878,-324.5957,-1.1808718,1.6795470918985607,29418.15853328506,27596.207466714935,28507.182999999997,6.391199953254321,8.31102096402549
3,22-08-19,s,79,26,22-08-19 10:45,27446.85,23-08-19 11:00,26874.3,Trade Target,572.5488,2.0860276,518.22656,1.8881093,1.7402086880550376,28536.228634163544,27542.918365836475,28039.57350000001,3.5425298759521775,27.102455885287892
3,22-08-19,s,80,25,22-08-19 12:30,27415.25,23-08-19 12:30,26865.35,Trade Target,549.9004,2.0058193,495.61914,1.8078228,1.7402086880550376,28575.906619254274,27417.08838074575,27996.497500000012,4.139154329960465,30.48070276659257
3,22-08-19,s,81,22,22-08-19 14:00,27261.75,23-08-19 13:15,27015.8,Trigger Fallback,245.94922,0.9021769,191.67188,0.7030799,1.7402086880550376,28587.346162313603,27316.207837686423,27951.777000000013,4.547611855329195,20.927420391101943
3,23-08-19,s,83,10,23-08-19 11:00,26874.3,23-08-19 13:30,27099.95,Trade SL,-225.64844,-0.83964396,-279.62305,-1.0404849,1.853287717172576,28648.738146454394,26897.074853545622,27772.90650000001,6.307093904301199,31.624032530380823
3,22-08-19,s,82,36,22-08-19 15:15,27052.8,26-08-19 11:45,27305.6,Trade SL,-252.79883,-0.9344646,-307.15625,-1.1353954,1.7402086880550376,28619.11778862179,27178.326211378222,27898.722000000005,5.164364078195288,24.332835760158638
3,17-09-19,s,84,19,17-09-19 13:00,27493.05,18-09-19 11:30,27212.15,Trigger Fallback,280.9004,1.0217141,226.19531,0.8227363,1.765160622197522,28121.320893156575,27575.314106843434,27848.317500000005,1.9606455087031405,13.774916812349284
3,18-09-19,s,85,50,18-09-19 10:45,27186.65,20-09-19 10:45,27414.3,Trade SL,-227.65039,-0.837361,-282.25195,-1.0382005,1.8952390746925536,28270.909148695504,27218.0728513045,27744.491,3.7947580202174342,41.996744531599184
3,19-09-19,s,86,25,19-09-19 10:45,26829.0,20-09-19 10:45,27414.3,Trade SL,-585.3008,-2.1815975,-639.54297,-2.383775,1.8428193315764878,28276.718290524295,26850.562709475722,27563.64050000001,5.174046516274122,21.48748017389671
3,30-09-19,s,88,6,30-09-19 12:45,29056.65,30-09-19 14:15,29325.5,Trade SL,-268.8496,-0.9252601,-327.23242,-1.1261877,2.4902766065118027,30458.11011371149,29166.6068862885,29812.358499999995,4.332106859049709,37.26337507056371
3,30-09-19,s,87,36,30-09-19 11:00,29201.3,01-10-19 13:45,28542.8,Trade Target,658.5,2.2550366,600.75586,2.0572913,2.4902766065118027,30410.480089567085,29343.360910432908,29876.920499999997,3.5717174369901254,9.850588985622291
3,01-10-19,s,89,3,01-10-19 13:30,28695.35,01-10-19 14:15,28463.55,Trigger Fallback,231.79883,0.8077923,174.64062,0.6086025,2.602895939558901,30464.137351440047,28747.818648559958,29605.978000000003,5.797203196192638,10.740298476651553
3,04-10-19,s,92,8,04-10-19 15:15,27682.15,07-10-19 11:00,28014.0,Trade SL,-331.8496,-1.1987854,-387.54492,-1.3999813,2.919706364454695,29624.698420835208,27760.422579164777,28692.560499999992,6.497418875078894,-6.870024431306199
3,04-10-19,s,91,16,04-10-19 14:00,27806.3,07-10-19 11:45,28106.1,Trade SL,-299.79883,-1.0781686,-355.71094,-1.2792457,2.919706364454695,29766.51863173363,27832.90436826638,28799.711500000005,6.714005671436155,-6.353134320612153
3,04-10-19,s,90,22,04-10-19 12:45,27903.75,07-10-19 12:00,28150.7,Trade SL,-246.94922,-0.8850037,-303.0039,-1.0858896,2.919706364454695,29908.51662316099,27907.64137683902,28908.079000000005,6.921508849903072,-6.306621230569948
3,25-10-19,s,93,5,25-10-19 12:45,28989.3,25-10-19 14:00,29260.0,Trade SL,-270.69922,-0.9337901,-328.94922,-1.1347263,2.3347446996135184,29723.001662820483,28998.7253371795,29360.863499999992,2.466808667398293,-6.823076995789222
3,13-11-19,s,94,33,13-11-19 15:00,30517.1,15-11-19 10:45,31021.5,Trade SL,-504.4004,-1.6528451,-565.93945,-1.8544995,1.829349271132861,31112.15479768748,30518.9082023125,30815.53149999999,1.9251545129928331,-9.615707982079005
3,18-02-20,s,96,11,18-02-20 12:15,30292.9,18-02-20 15:00,30615.2,Trade SL,-322.29883,-1.0639418,-383.20703,-1.2650061,1.5091966975078264,31676.826561062222,30297.123438937753,30986.974999999988,4.452526011733863,12.866182425247603
3,18-02-20,s,95,25,18-02-20 10:45,30404.8,19-02-20 10:45,30714.1,Trade SL,-309.29883,-1.0172697,-370.41797,-1.2182877,1.5091966975078264,31704.25475990604,30407.679240093952,31055.966999999997,4.174964250226341,13.899990594278911
3,02-03-20,s,97,22,02-03-20 15:15,28913.4,03-03-20 14:30,29208.25,Trade SL,-294.8496,-1.019768,-352.97266,-1.2207927,1.6536094908142451,30615.509965221772,28922.352034778192,29768.930999999982,5.6876678925540896,-1.3883321875727794
3,04-03-20,s,98,8,04-03-20 13:00,28457.9,04-03-20 15:00,28703.0,Trade SL,-245.09961,-0.8612709,-302.25977,-1.0621295,1.8327354739954278,30001.19506975204,28526.273930247964,29263.734500000002,5.04009882779683,-3.553008416735632
3,04-03-20,s,99,3,04-03-20 14:15,28373.05,04-03-20 15:00,28703.0,Trade SL,-329.94922,-1.1628965,-387.0254,-1.3640598,1.8327354739954278,29938.115308478475,28415.581691521525,29176.8485,5.218293596571779,0.5786919138251961
3,06-03-20,s,100,3,06-03-20 12:15,27551.7,06-03-20 13:00,27829.0,Trade SL,-277.30078,-1.0064744,-332.6797,-1.2074744,2.0128700290764057,29821.70811628608,27681.410883713932,28751.559500000007,7.444108318966659,42.55592809839601
3,09-03-20,s,101,6,09-03-20 11:30,26678.3,09-03-20 13:00,26053.85,Trade Target,624.4512,2.3406706,571.71875,2.1430104,2.361966236346122,29866.012316310553,26804.840683689472,28335.426500000012,10.803337061544068,39.18050413344031
3,12-03-20,s,102,1,12-03-20 15:00,23894.35,12-03-20 15:15,24162.5,Trade SL,-268.1504,-1.1222335,-316.20703,-1.3233548,2.8644126161618777,28717.69158603913,23968.747413960875,26343.219500000003,18.02719736696669,0.4581478456173098
3,18-03-20,s,103,3,18-03-20 11:15,21313.5,18-03-20 12:00,20732.25,Trade Target,581.25,2.7271447,539.2031,2.5298667,5.6213549518410435,25541.693548749397,21398.878451250595,23470.285999999996,17.651319193548826,8.314781858495698
3,18-03-20,s,104,8,18-03-20 13:15,20657.95,18-03-20 15:15,20828.65,Trade SL,-170.70117,-0.826322,-212.1875,-1.027147,5.6213549518410435,25639.557086203626,20704.86891379638,23172.213000000003,21.295713846611214,26.56566086898006
3,19-03-20,s,105,1,19-03-20 10:45,19278.35,19-03-20 11:00,20333.55,Trade SL,-1055.2012,-5.473504,-1094.8145,-5.678984,6.409265452427418,25969.12805389229,19363.3599461077,22666.243999999995,29.143638036300118,26.810871223382467
3,23-03-20,s,106,2,23-03-20 12:00,17414.15,23-03-20 12:30,17558.7,Trade SL,-144.54883,-0.83006537,-179.52148,-1.0308943,6.951437715512332,23152.42741639561,17480.65558360438,20316.541499999996,27.91701448197387,7.834436987451632
3,23-03-20,s,107,6,23-03-20 13:45,17111.9,23-03-20 15:15,17015.0,Trigger Fallback,96.90039,0.5662749,62.773438,0.36684084,6.951437715512332,22696.070498511064,17145.62150148893,19920.845999999998,27.862516466530256,-0.31112785740150334
3,23-03-20,s,108,1,23-03-20 15:00,16843.45,23-03-20 15:15,17015.0,Trade SL,-171.55078,-1.0185014,-205.41016,-1.2195255,6.951437715512332,22424.87127895675,16865.686721043247,19645.279,28.29781423777949,-2.1334128145758773
3,01-04-20,s,109,4,01-04-20 11:00,18174.45,01-04-20 12:00,18320.9,Trade SL,-146.45117,-0.80580807,-182.94531,-1.0066072,8.185388147973464,20775.254538451245,18242.410461548763,19508.832500000004,12.983063322228439,7.403043009707967
3,03-04-20,s,110,18,03-04-20 10:45,17545.15,03-04-20 15:15,17317.65,Trigger Fallback,227.5,1.2966546,192.63672,1.0979484,8.262140931056324,20455.436318164873,17583.85568183512,19019.645999999997,15.097970994464108,-0.9173164238884386
3,11-05-20,s,111,12,11-05-20 14:00,19088.6,12-05-20 10:45,18449.3,Trade Target,639.2988,3.3491135,601.7617,3.1524665,5.18216803468178,19926.579065235735,19154.25693476426,19540.417999999998,3.952434029156773,8.368455842823279
3,12-05-20,s,112,6,12-05-20 12:45,18412.5,12-05-20 14:15,18718.35,Trade SL,-305.8496,-1.6610976,-342.98047,-1.8627588,5.227980177149902,20243.88575014126,18460.25424985876,19352.07000000001,9.216747873909604,51.347137895765414
3,18-05-20,s,113,18,18-05-20 12:30,17734.15,19-05-20 10:45,18161.0,Trade SL,-426.8496,-2.4069357,-462.74414,-2.6093392,4.91725342172095,20175.266257932875,17742.23474206712,18958.7505,12.833290442140447,27.615444689874096
3,22-05-20,s,115,3,22-05-20 13:15,17137.7,22-05-20 14:00,17306.4,Trade SL,-168.70117,-0.9843863,-203.14648,-1.1853778,5.021238389913851,18266.934124176372,17173.12887582363,17720.0315,6.172704875568322,25.563429553196393
3,22-05-20,s,114,24,22-05-20 11:00,17226.15,26-05-20 10:45,17551.8,Trade SL,-325.6504,-1.890442,-360.4297,-2.0923402,5.021238389913851,18220.947661011203,17292.976338988803,17756.962000000003,5.225957694916508,-17.85769413786347
3,12-06-20,s,116,8,12-06-20 11:45,20033.75,12-06-20 13:45,20221.4,Trade SL,-187.65039,-0.9366714,-227.9043,-1.1376017,4.1383275931369425,21730.584716327965,20066.546283672036,20898.5655,7.962452890156163,32.50358286523217
3,13-07-20,s,117,23,13-07-20 11:15,22216.1,14-07-20 10:45,21462.9,Trade Target,753.1992,3.3903306,709.51953,3.1937177,3.0200497445440964,23099.751801722665,22216.842198277332,22658.297,3.8966282569485795,-15.869841609906663
3,13-07-20,s,118,18,13-07-20 12:30,22118.95,14-07-20 10:45,21462.9,Trade Target,656.0488,2.9660037,612.4668,2.7689688,3.0200497445440964,23109.85713318099,22199.135866818997,22654.496499999994,4.020046379587355,-5.823429935289932
3,13-07-20,s,119,13,13-07-20 13:45,22022.15,14-07-20 10:45,21462.9,Trade Target,559.25,2.5394888,515.7656,2.3420312,3.0200497445440964,23150.418367324106,22121.593632675875,22636.00599999999,4.545080676547937,15.123481794870914
3,14-07-20,s,120,8,14-07-20 11:30,21556.2,14-07-20 13:30,21352.9,Trigger Fallback,203.29883,0.9431107,160.38867,0.74404895,3.0620991516846052,23305.178399311455,21663.15460068855,22484.166500000003,7.303022767701457,45.10973316194001
3,14-07-20,s,121,14,14-07-20 13:30,21352.9,15-07-20 10:45,21840.7,Trade SL,-487.79883,-2.2844617,-530.9922,-2.486745,3.0620991516846052,23329.97510932934,21390.067890670678,22360.02150000001,8.675784227929578,28.937666767569674
3,27-07-20,s,122,24,27-07-20 11:45,22083.3,28-07-20 11:30,21791.05,Trigger Fallback,292.25,1.3233982,248.375,1.1247185,2.796984181838818,23239.399285976935,22188.157714023087,22713.77850000001,4.6282108983049515,63.024265198671
3,27-07-20,s,123,19,27-07-20 13:00,22082.1,28-07-20 11:30,21791.05,Trigger Fallback,291.04883,1.3180306,247.17578,1.119349,2.796984181838818,23272.99646221368,22094.41553778634,22683.70600000001,5.1957159223776745,40.67156560057941
3,27-07-20,s,124,13,27-07-20 14:30,21932.25,28-07-20 11:30,21791.05,Trigger Fallback,141.19922,0.6437972,97.47656,0.444444,2.796984181838818,23319.23657268729,21957.63642731274,22638.436500000014,6.014550277686127,29.523049858451227
3,28-07-20,s,125,5,28-07-20 10:45,21685.05,28-07-20 12:00,21897.2,Trade SL,-212.14844,-0.97831655,-255.73047,-1.1792939,2.977222102979167,23367.539675524607,21713.697324475394,22540.6185,7.3371649098679965,24.023688755505695
3,30-07-20,s,126,43,30-07-20 14:15,21613.8,03-08-20 12:30,21159.3,Trade Target,454.5,2.1028233,411.72656,1.9049244,2.8697298895470924,22470.167071531374,21677.13392846861,22073.650499999992,3.592668748029526,-16.60969667011343
3,31-07-20,s,127,32,31-07-20 10:45,21592.3,03-08-20 12:30,21159.3,Trade Target,433.0,2.0053444,390.24805,1.807348,2.939541600854758,22399.49121673292,21596.84878326706,21998.16999999999,3.6486782012588272,1.211713594463876
3,03-08-20,s,128,18,03-08-20 12:30,21159.3,04-08-20 10:45,21405.95,Trade SL,-246.64844,-1.1656739,-289.21484,-1.366845,2.873008312074855,22513.949395576747,21181.85160442326,21847.900500000003,6.0971432525220735,22.064043460247074
3,17-08-20,s,130,4,17-08-20 14:00,21476.45,17-08-20 15:00,21695.8,Trade SL,-219.35156,-1.0213586,-262.52344,-1.2223783,2.5072235770331543,22639.019002421195,21492.993997578804,22066.0065,5.193622166486679,24.774736101559974
3,17-08-20,s,129,24,17-08-20 11:00,21583.95,18-08-20 10:45,21819.75,Trade SL,-235.80078,-1.0924821,-279.20508,-1.2935773,2.5072235770331543,22574.861989136727,21683.41801086327,22129.14,4.028371542108981,52.35935985111422
3,04-09-20,s,131,6,04-09-20 11:30,23091.0,04-09-20 13:00,23329.85,Trade SL,-238.84961,-1.034384,-285.27148,-1.2354228,2.5655512522289348,24167.419029352415,23190.36997064758,23678.8945,4.126244401759691,-18.857212368742672
3,04-09-20,s,132,60,04-09-20 14:30,22996.3,09-09-20 10:45,22305.9,Trade Target,690.4004,3.0022237,645.09766,2.8052237,2.5655512522289348,24133.34610649476,23058.63589350523,23595.990999999995,4.55463054291523,8.554234307441021
3,09-09-20,s,133,25,09-09-20 10:45,22305.9,10-09-20 10:45,22601.2,Trade SL,-295.29883,-1.3238597,-340.20703,-1.5251886,2.549558155722267,23758.32124985379,22396.852750146216,23077.587000000003,5.899527102671412,0.5559860620997572
3,09-09-20,s,134,19,09-09-20 12:15,22184.0,10-09-20 10:45,22601.2,Trade SL,-417.19922,-1.8806312,-461.98438,-2.0825117,2.549558155722267,23714.0599339997,22266.7180660003,22990.389,6.295421395433541,11.639405261112437
3,09-09-20,s,135,12,09-09-20 14:00,22134.7,10-09-20 10:45,22601.2,Trade SL,-466.5,-2.1075506,-511.23633,-2.3096602,2.549558155722267,23607.844329546628,22159.23567045336,22883.539999999994,6.330352118130624,5.1118226552606485
3,18-09-20,s,136,24,18-09-20 14:15,21988.95,21-09-20 14:00,21524.3,Trade Target,464.64844,2.1130998,421.13672,1.9152198,2.434165380758453,22569.6817177432,22095.733282256802,22332.7075,2.1222166433980125,-4.365043671866213
3,21-09-20,s,137,14,21-09-20 10:45,21952.1,21-09-20 14:15,21499.05,Trade Target,453.04883,2.0638063,409.59766,1.8658701,2.511904472270322,22627.88958547647,21994.5574145235,22311.223499999986,2.8386259093006285,33.62891899896327
3,21-09-20,s,138,10,21-09-20 12:30,21884.9,21-09-20 15:00,21409.55,Trade Target,475.3496,2.1720438,432.0547,1.9742137,2.511904472270322,22657.610726792456,21927.802273207544,22292.7065,3.2737543715695177,25.383380813026108
3,22-09-20,s,139,15,22-09-20 11:15,21260.5,22-09-20 15:00,21174.05,Trigger Fallback,86.44922,0.40661892,44.015625,0.20703006,2.6806394209358975,22875.35547960648,21361.33252039351,22118.343999999994,6.845100877411841,46.71284646640238
3,22-09-20,s,140,14,22-09-20 14:00,21088.55,23-09-20 11:15,21265.1,Trade SL,-176.54883,-0.8371785,-218.90234,-1.0380151,2.6806394209358975,22894.944664098755,21097.199335901238,21996.071999999996,8.173028930790542,18.73963451201793
3,15-10-20,s,141,8,15-10-20 15:00,23004.45,16-10-20 10:45,23358.8,Trade SL,-354.35156,-1.5403609,-400.71484,-1.7419014,2.466638971261033,24135.859369501308,23099.519630498693,23617.6895,4.387981047013997,6.981420339465105
3,26-10-20,s,142,19,26-10-20 12:15,24173.45,27-10-20 10:45,24372.45,Trade SL,-199.0,-0.8232173,-247.54688,-1.0240445,2.4334473364378004,24802.479056004526,24178.83294399548,24490.656000000003,2.546465525501016,-4.428564795808115
3,26-10-20,s,143,14,26-10-20 13:30,24022.95,27-10-20 10:45,24372.45,Trade SL,-349.5,-1.4548589,-397.89648,-1.6563183,2.4334473364378004,24847.86417288961,24102.34782711039,24475.106,3.046018864143928,24.58879261675535
3,30-10-20,s,145,5,30-10-20 12:45,23686.9,30-10-20 14:00,23879.9,Trade SL,-193.0,-0.8147963,-240.56836,-1.0156177,2.5852585523590195,24747.632968409092,23705.648031590903,24226.640499999998,4.3009881490509985,14.031660463801476
3,30-10-20,s,144,22,30-10-20 11:30,23771.4,02-11-20 10:45,24425.2,Trade SL,-653.7988,-2.7503588,-701.9961,-2.9531121,2.5852585523590195,24717.406337888056,23777.819662111946,24247.613,3.8749656544588964,2.1572164889791976
3,21-12-20,s,146,8,21-12-20 12:30,30341.75,21-12-20 14:30,29624.85,Trade Target,716.9004,2.3627524,656.9336,2.1651144,1.7540714042075614,30966.76137994912,30371.40562005089,30669.083500000004,1.9412244904489229,-0.25724302774431357
3,18-01-21,s,148,22,18-01-21 12:45,31934.5,19-01-21 12:00,32190.95,Trade SL,-256.44922,-0.80304754,-320.57422,-1.0038493,1.5959310707702294,32755.870674016984,32004.76132598302,32380.316000000003,2.319647986245601,-3.6101245166363456
3,18-01-21,s,149,14,18-01-21 14:45,31910.1,19-01-21 12:00,32190.95,Trade SL,-280.8496,-0.88012767,-344.95117,-1.0810094,1.5959310707702294,32786.35807013694,31923.52092986307,32354.939500000008,2.666786443145331,26.501592054746425
3,18-01-21,s,147,33,18-01-21 11:30,31960.65,19-01-21 13:30,32228.55,Trade SL,-267.9004,-0.83821946,-332.08984,-1.0390584,1.5959310707702294,32721.212263032376,32066.539736967625,32393.876,2.020976205702432,-25.97832578334584
3,22-01-21,s,150,12,22-01-21 11:15,31669.95,22-01-21 14:15,31328.0,Trigger Fallback,341.94922,1.0797276,278.95117,0.88080716,1.7029559793738065,32942.30199203478,31674.290007965225,32308.296000000002,3.9247256620081576,12.838039067293733
3,22-01-21,s,151,7,22-01-21 12:30,31521.3,22-01-21 14:15,31328.0,Trigger Fallback,193.30078,0.6132386,130.45117,0.41385084,1.7029559793738065,32975.52529861207,31611.69870138792,32293.611999999994,4.223208593774366,17.310248078434963
3,22-01-21,s,152,12,22-01-21 14:15,31328.0,25-01-21 11:00,31631.5,Trade SL,-303.5,-0.96878195,-366.45898,-1.169749,1.7029559793738065,33090.54328140764,31395.63971859234,32243.09149999999,5.256640985605553,31.5676014117674
3,27-01-21,s,153,22,27-01-21 14:00,30260.85,28-01-21 13:15,30043.4,Trigger Fallback,217.44922,0.71858263,157.14453,0.5192998,1.898307656919619,33095.88727828312,30271.429721716897,31683.658500000005,8.914556242190969,11.374600454287574
3,19-02-21,s,154,4,19-02-21 13:15,36153.5,19-02-21 14:15,35859.2,Trigger Fallback,294.30078,0.81403124,222.28906,0.614848,2.3296791960767593,37538.09225857528,36200.29974142473,36869.196,3.628483021844437,19.47393770083914
3,19-02-21,s,155,21,19-02-21 15:00,35940.15,22-02-21 14:00,35203.0,Trade Target,737.14844,2.0510445,666.0039,1.8530916,2.3296791960767593,37614.48340370704,35949.16959629295,36781.826499999996,4.527545165311701,34.15011644915932
3,22-02-21,s,156,15,22-02-21 10:45,35771.6,22-02-21 14:30,35356.15,Trigger Fallback,415.45312,1.1614048,344.32422,0.96256304,2.42182198042256,37534.91352635669,35783.47947364332,36659.196500000005,4.777611677095474,15.104411588810724
3,22-02-21,s,157,24,22-02-21 12:00,35501.65,23-02-21 11:45,35276.1,Trigger Fallback,225.54688,0.6353138,154.76953,0.43595028,2.42182198042256,37539.56112667734,35616.28087332268,36577.92100000001,5.2580359976026605,15.68136248792373
3,22-02-21,s,158,65,22-02-21 13:15,35445.3,25-02-21 10:45,36997.7,Trade SL,-1552.3984,-4.3797016,-1624.8398,-4.584077,2.42182198042256,37554.19377640396,35449.64322359607,36501.918500000014,5.765588876672038,21.42731701899926
3,15-03-21,s,159,9,15-03-21 12:15,34572.95,15-03-21 14:30,34908.4,Trade SL,-335.44922,-0.970265,-404.9336,-1.171244,2.5697487316834184,36604.366553140484,34733.81944685955,35669.093000000015,5.244167846603043,40.64457871248142
3,18-03-21,s,160,7,18-03-21 13:00,34152.95,18-03-21 14:45,33784.3,Trigger Fallback,368.64844,1.0794045,300.71094,0.8804831,2.6651923262225043,35482.39859182754,34167.131408172456,34824.765,3.7768156760141447,-34.365872084405304
3,18-03-21,s,161,17,18-03-21 15:00,33930.7,19-03-21 13:00,33694.65,Trigger Fallback,236.05078,0.69568497,168.42578,0.4963817,2.6651923262225043,35411.18997665441,33966.5920233456,34688.891,4.164439714457317,-3.9208678891115527
3,19-03-21,s,162,9,19-03-21 11:30,33653.3,19-03-21 13:45,33966.65,Trade SL,-313.34766,-0.9311053,-380.96484,-1.1320282,2.747259777357601,35479.65141289426,33665.64658710575,34572.649000000005,5.2469361713894305,25.571604309252987
3,24-03-21,s,163,13,24-03-21 15:00,33302.75,25-03-21 12:00,32556.05,Trade Target,746.6992,2.2421548,680.8379,2.0443895,2.665655544783642,34211.98987109812,33321.39012890188,33766.69,2.6375097535359204,-2.2825852020242374
3,05-04-21,s,164,48,05-04-21 11:30,32612.8,07-04-21 11:00,32931.9,Trade SL,-319.09766,-0.9784429,-384.64453,-1.1794281,2.5684652003121453,34113.156290306026,32764.88570969396,33439.02099999999,4.0320276739323955,48.96710495748838
3,12-04-21,s,165,12,12-04-21 14:00,30739.3,13-04-21 10:45,31228.35,Trade SL,-489.04883,-1.5909562,-551.0176,-1.7925508,2.6819822947094782,34086.05744366214,30833.248556337832,32459.652999999988,10.021083365630274,48.15369305172738
3,03-05-21,s,167,3,03-05-21 13:30,32035.65,03-05-21 14:15,32300.3,Trade SL,-264.6504,-0.8261121,-328.98633,-1.0269382,2.898569853614701,34197.24106991825,32095.70093008176,33146.471000000005,6.340162546524159,11.835894628177963
3,03-05-21,s,166,9,03-05-21 12:15,32180.6,03-05-21 14:30,32492.25,Trade SL,-311.6504,-0.96844184,-376.32227,-1.1694072,2.898569853614701,34153.04107480929,32180.68192519074,33166.86150000001,5.946776572810635,6.353611606260101
3,12-05-21,s,168,49,12-05-21 11:00,32442.6,17-05-21 10:45,32892.5,Trade SL,-449.9004,-1.3867581,-515.2344,-1.5881416,2.4506851973168717,33313.66682717158,32567.9721728284,32940.81949999999,2.26374044623627,8.70319227291097
3,12-05-21,s,169,34,12-05-21 14:45,32391.9,17-05-21 10:45,32892.5,Trade SL,-500.5996,-1.5454469,-565.8828,-1.7469887,2.4506851973168717,33355.22580781338,32467.249192186595,32911.23749999999,2.6980954928443124,13.642738073225866
3,14-05-21,s,170,22,14-05-21 11:30,32238.5,17-05-21 10:45,32892.5,Trade SL,-654.0,-2.0286303,-719.1289,-2.2306523,2.419512377203543,33367.33122177001,32307.409778229972,32837.37049999999,3.2277902505623457,17.095593539524405
3,08-06-21,s,171,22,08-06-21 11:45,35018.4,09-06-21 11:00,35327.5,Trade SL,-309.10156,-0.88268334,-379.44922,-1.083571,1.7710886853001786,35752.45879126703,35052.11920873296,35402.289,1.9782324881141737,7.383033949708097
3,09-06-21,s,173,26,09-06-21 14:15,34834.1,10-06-21 14:30,35116.3,Trade SL,-282.19922,-0.81012344,-352.15234,-1.0109414,1.7604951712573473,35719.831630136585,34893.50736986341,35306.669499999996,2.340419733651675,5.917131621205102
3,09-06-21,s,172,41,09-06-21 13:00,34903.2,11-06-21 10:45,35191.0,Trade SL,-287.80078,-0.8245685,-357.89453,-1.0253917,1.7604951712573473,35735.52256489305,34948.32343510694,35341.922999999995,2.2273805808079814,0.04584291482059426
3,14-06-21,s,174,15,14-06-21 10:45,34642.7,14-06-21 14:30,34966.85,Trade SL,-324.15234,-0.9357017,-393.76562,-1.1366482,1.7187260315954027,35383.88233483686,34660.05266516312,35021.96749999999,2.066787566043336,6.880371036318124
3,18-06-21,s,175,12,18-06-21 11:15,34139.2,18-06-21 14:15,34426.55,Trade SL,-287.35156,-0.8417056,-355.91797,-1.0425493,1.6779363038377102,35510.28501923332,34309.24498076666,34909.76499999999,3.4404128428439935,30.16174349084817
3,18-06-21,s,176,7,18-06-21 12:45,34182.5,18-06-21 14:30,34516.1,Trade SL,-333.60156,-0.9759425,-402.30078,-1.1769203,1.6779363038377102,35570.56908647977,34189.01191352022,34879.790499999996,3.960910180809584,38.335989466628604
3,01-07-21,s,178,50,01-07-21 10:45,34721.2,05-07-21 10:45,35062.6,Trade SL,-341.40234,-0.9832677,-411.1875,-1.1842549,1.6270715401459195,35539.170178110115,34751.74282188987,35145.45649999999,2.2404812303981414,19.797876434936175
3,30-06-21,s,177,69,30-06-21 14:30,34814.7,05-07-21 13:00,35109.4,Trade SL,-294.69922,-0.8464793,-364.625,-1.0473306,1.6338730165247346,35497.97315337668,34835.9118466233,35166.94249999999,1.8826240204231155,-14.44453619239289
3,28-07-21,s,179,23,28-07-21 11:15,34344.6,29-07-21 10:45,34684.15,Trade SL,-339.54688,-0.988647,-408.57422,-1.1896316,1.5057903799650583,35255.20556318268,34466.77743681731,34860.9915,2.261634257778837,31.437857642926197
3,28-07-21,s,180,18,28-07-21 12:30,34293.45,29-07-21 10:45,34684.15,Trade SL,-390.69922,-1.1392823,-459.67578,-1.3404186,1.5057903799650583,35297.31023249638,34364.49976750362,34830.905,2.678111478851197,60.39608570820661
3,01-10-21,s,181,20,01-10-21 12:00,37088.3,04-10-21 10:45,37653.9,Trade SL,-565.59766,-1.525003,-640.33984,-1.7265279,1.5596284668212503,38339.07878855429,37097.947211445724,37718.513000000006,3.290510357893919,14.787797696124933
3,28-10-21,s,182,25,28-10-21 12:15,40152.95,29-10-21 12:15,39322.35,Trade Target,830.59766,2.0685844,751.1211,1.8706498,1.529878048026867,41755.70873848888,40159.291261511135,40957.50000000001,3.8977415051644884,4.213488376872239
3,28-10-21,s,183,23,28-10-21 13:30,40082.1,29-10-21 13:00,39212.95,Trade Target,869.15234,2.16843,789.85547,1.970594,1.529878048026867,41767.19745353431,40138.98054646572,40953.089000000014,3.9758097541032664,6.737496719922544
3,29-10-21,s,184,13,29-10-21 11:00,39428.75,29-10-21 14:15,39048.95,Trigger Fallback,379.80078,0.96325845,301.3203,0.7642147,1.7554991975611505,42067.710102949764,39514.279897050255,40790.99500000001,6.259788970334037,43.613089041075234
3,29-10-21,s,185,16,29-10-21 13:45,39038.6,01-11-21 11:30,39351.2,Trade SL,-312.59766,-0.8007399,-390.98828,-1.0015427,1.7554991975611505,42033.74833478156,39070.79866521848,40552.27350000002,7.3064945904033705,16.038012815756918
3,11-11-21,s,188,38,11-11-21 13:45,38489.6,15-11-21 10:45,38882.1,Trade SL,-392.5,-1.019756,-469.8711,-1.220774,1.7124851819236544,39706.48399255656,38561.417007443466,39133.95050000001,2.926019403824551,2.379932330163314
3,11-11-21,s,186,101,11-11-21 10:45,38683.4,17-11-21 11:00,38423.6,Trigger Fallback,259.79688,0.67159784,182.6914,0.4722734,1.7124851819236544,39836.18257755608,38700.81042244394,39268.49650000001,2.8913053880536053,-10.856182990008351
3,11-11-21,s,187,96,11-11-21 12:00,38623.0,17-11-21 11:00,38423.6,Trigger Fallback,199.39844,0.5162687,122.35547,0.3167943,1.7124851819236544,39749.06669530868,38663.811304691335,39206.439000000006,2.768053968424272,-10.956195463006441
3,16-11-21,s,189,46,16-11-21 14:15,38229.0,18-11-21 13:15,37962.25,Trigger Fallback,266.75,0.6977687,190.5586,0.49846604,1.645319667007911,38956.95700459309,38337.11099540694,38647.034000000014,1.6038643720657801,-13.474212931863306
3,17-11-21,s,190,30,17-11-21 12:00,38206.85,18-11-21 13:15,37962.25,Trigger Fallback,244.60156,0.64020336,168.4336,0.44084656,1.6393279369462417,38931.18676731544,38211.94723268459,38571.56700000002,1.8646883976242066,13.141872726055615
3,17-11-21,s,191,38,17-11-21 15:00,38039.0,22-11-21 12:00,37097.9,Trade Target,941.10156,2.4740438,865.96484,2.2765183,1.6393279369462417,38971.29051559739,38079.66648440263,38525.47850000001,2.314374969268096,20.835719422956682
3,18-11-21,s,192,30,18-11-21 10:45,37903.5,22-11-21 12:00,37097.9,Trade Target,805.60156,2.1254015,730.60156,1.9275305,1.6220660412742565,39009.514810137676,37940.003189862335,38474.759000000005,2.779774709635846,27.64165831066851
3,22-11-21,s,193,15,22-11-21 10:45,37458.25,22-11-21 14:30,36923.4,Trigger Fallback,534.85156,1.4278605,460.47266,1.2292957,1.600110564143336,38909.651227945054,37587.314772054946,38248.483,3.457225887599538,2.517307062558969
3,22-11-21,s,194,8,22-11-21 12:30,37215.6,22-11-21 14:30,36923.4,Trigger Fallback,292.20312,0.7851629,218.0664,0.58595425,1.600110564143336,38926.42944702094,37366.072552979065,38146.251000000004,4.090459358750293,22.474079615618
3,22-11-21,s,195,25,22-11-21 14:00,37008.2,23-11-21 14:00,37305.5,Trade SL,-297.30078,-0.80333763,-371.61328,-1.0041376,1.600110564143336,38928.04938179581,37168.752618204184,38048.401,4.623838892971162,27.369615129440504
3,26-11-21,s,196,25,26-11-21 11:15,36415.15,29-11-21 11:15,36090.15,Trigger Fallback,325.0,0.8924857,252.4961,0.693382,1.7743831879402594,37924.786542668466,36573.48445733151,37249.13549999999,3.627740797734629,30.08518461517209
3,26-11-21,s,197,20,26-11-21 12:30,36306.25,29-11-21 11:15,36090.15,Trigger Fallback,216.10156,0.59521866,143.70703,0.39581898,1.7743831879402594,37986.79879968042,36422.73320031957,37204.765999999996,4.203938816228148,48.76671769513305
3,26-11-21,s,198,38,26-11-21 13:45,36141.05,30-11-21 10:45,36534.1,Trade SL,-393.05078,-1.0875466,-465.72656,-1.288636,1.7743831879402594,38045.39960533063,36282.123394669354,37163.76149999999,4.744611792488442,34.62091615850919
3,26-11-21,s,199,33,26-11-21 15:00,36038.65,30-11-21 10:45,36534.1,Trade SL,-495.45312,-1.3747827,-568.02734,-1.5761616,1.7743831879402594,38101.423165243956,36150.658834756025,37126.04099999999,5.254436718657752,28.189376551709532
3,06-12-21,s,200,10,06-12-21 14:30,35769.4,07-12-21 10:45,36461.4,Trade SL,-692.0,-1.9346145,-764.23047,-2.1365483,2.0744092216142715,36722.36406914418,35833.5149308558,36277.93949999999,2.4501092138608938,1.8850386779864243
3,14-12-21,s,201,5,14-12-21 10:45,36619.2,14-12-21 12:00,36933.0,Trade SL,-313.80078,-0.85692966,-387.35547,-1.0577934,1.9485651244684172,37519.9382976649,36660.83770233511,37090.388000000006,2.316235126280658,9.253886678262244
3,16-12-21,s,202,20,16-12-21 14:30,36412.45,17-12-21 13:15,35924.1,Trigger Fallback,488.34766,1.3411558,416.0078,1.1424879,1.8414067430839713,37445.21433724275,36422.30466275726,36933.75950000001,2.7695790743574054,11.55660344717601
3,17-12-21,s,203,17,17-12-21 12:45,35876.2,20-12-21 10:45,34348.85,Trade Target,1527.3477,4.2572727,1457.125,4.061537,1.8723260069315124,37410.56501780723,35967.61098219279,36689.08800000001,3.932924240620105,25.18567490361347
3,17-12-21,s,204,11,17-12-21 14:15,35770.95,20-12-21 10:45,34348.85,Trade Target,1422.0977,3.9755657,1351.9805,3.779549,1.8723260069315124,37416.30380149607,35823.20219850397,36619.75300000002,4.350388717783269,22.351174863529444
3,20-12-21,s,205,15,20-12-21 13:15,34231.55,21-12-21 10:45,34962.7,Trade SL,-731.14844,-2.1358905,-800.33984,-2.3380182,1.9876682638210332,38007.37729298182,34305.64970701821,36156.513500000015,10.238065641930913,40.80363000644814
3,19-01-22,s,206,48,19-01-22 12:30,37841.6,21-01-22 12:00,37572.15,Trigger Fallback,269.45312,0.71205527,194.04297,0.51277685,1.6490527270566029,38664.27608145596,37938.96691854403,38301.621499999994,1.8936774332437334,8.415877004919102
3,19-01-22,s,207,43,19-01-22 13:45,37834.2,21-01-22 12:00,37572.15,Trigger Fallback,262.05078,0.6926294,186.64453,0.49332225,1.6490527270566029,38672.107182632055,37873.17281736793,38272.63999999999,2.08748172392635,16.585816179997668
3,21-01-22,s,209,6,21-01-22 10:45,37320.7,21-01-22 12:15,37641.4,Trade SL,-320.69922,-0.8593066,-395.66016,-1.0601628,1.6424549737707084,38756.46833734261,37437.30166265741,38096.88500000001,3.462662825806358,29.993269282627704
3,20-01-22,s,208,31,20-01-22 13:30,37649.0,21-01-22 15:00,37542.4,Trigger Fallback,106.60156,0.28314582,31.410156,0.08342893,1.6434473698009104,38683.732504318454,37727.37049568155,38205.5515,2.5032016842811564,12.455935273610804
3,24-01-22,s,210,8,24-01-22 12:15,36984.05,24-01-22 14:15,36667.55,Trigger Fallback,316.5,0.85577434,242.84766,0.6566281,1.6554782675760085,38632.92652408304,37027.989475916984,37830.45800000001,4.242446782341515,2.9768616155466128
3,24-01-22,s,211,3,24-01-22 13:30,36831.6,24-01-22 14:15,36667.55,Trigger Fallback,164.05078,0.4454077,90.55078,0.24585079,1.6554782675760085,38540.29193175959,36944.97306824044,37742.632500000014,4.226835167152547,1.7028625121935446
3,24-01-22,s,212,1,24-01-22 14:45,36719.85,24-01-22 15:00,37038.35,Trade SL,-318.5,-0.86737823,-392.2578,-1.0682445,1.6554782675760085,38465.024614929025,36817.679385071,37641.35200000001,4.376424178010456,3.630778968774783
3,07-02-22,s,213,16,07-02-22 13:00,38190.7,08-02-22 10:45,37403.05,Trade Target,787.64844,2.062409,712.0547,1.8644714,1.958781501472938,39606.434875318126,38241.48112468187,38923.958,3.5067187942096076,3.233598166937615
3,07-02-22,s,214,14,07-02-22 14:15,38044.85,08-02-22 11:30,37628.45,Trigger Fallback,416.40234,1.0945038,340.73047,0.89560205,1.958781501472938,39638.05999842193,38190.08600157806,38914.073,3.7209520495165496,7.579124549919243
3,08-02-22,s,215,4,08-02-22 11:15,37529.2,08-02-22 12:15,37883.55,Trade SL,-354.35156,-0.9442023,-429.76172,-1.1451396,2.051417051335039,39826.282250827295,37698.33574917271,38762.309,5.4897310210663335,37.54493801801342
3,14-02-22,s,216,26,14-02-22 11:15,37346.8,15-02-22 11:30,37023.4,Trigger Fallback,323.40234,0.8659439,249.03125,0.6668075,1.9682499293136448,39444.33105200851,37424.261947991516,38434.29650000001,5.255902378795955,6.36136164269725
3,14-02-22,s,217,21,14-02-22 12:30,37280.05,15-02-22 11:30,37023.4,Trigger Fallback,256.65234,0.6884442,182.34766,0.4891293,1.9682499293136448,39494.7084872024,37328.834512797606,38411.7715,5.638568308167699,9.043447818400677
3,14-02-22,s,218,16,14-02-22 13:45,37224.2,15-02-22 11:30,37023.4,Trigger Fallback,200.80078,0.53943616,126.55469,0.33997962,1.9682499293136448,39538.67055788731,37242.29444211272,38390.48250000001,5.981628690846982,14.497602233532724
3,14-02-22,s,219,13,14-02-22 15:00,36898.45,15-02-22 12:00,37245.15,Trade SL,-346.69922,-0.9396038,-420.84375,-1.1405458,1.9682499293136448,39632.44387394911,37060.47312605091,38346.45850000001,6.70719239404651,21.049198922180558
3,24-02-22,s,220,8,24-02-22 13:00,36075.9,24-02-22 15:00,35236.65,Trade Target,839.25,2.3263454,767.9375,2.128672,2.165054064670645,38435.3764708405,36186.05652915946,37310.71649999998,6.028616313709868,48.8385967936363
3,24-02-22,s,221,11,24-02-22 14:15,35781.75,25-02-22 10:45,36591.9,Trade SL,-810.14844,-2.2641387,-882.52344,-2.4664066,2.165054064670645,38492.51944221561,35944.61555778434,37218.567499999976,6.845787077730157,35.73166512495468
3,04-03-22,s,222,7,04-03-22 10:45,34172.7,04-03-22 12:30,34667.4,Trade SL,-494.69922,-1.4476446,-563.53906,-1.6490914,2.816511880497904,36835.89438185822,34262.66461814182,35549.27950000002,7.238486405094088,12.294163735232264
3,07-03-22,s,223,10,07-03-22 11:45,33092.05,07-03-22 14:15,32612.5,Trigger Fallback,479.55078,1.449142,413.84375,1.2505835,2.86446360039185,36582.48638964692,33187.076610353106,34884.78150000001,9.733212115127653,50.752429736991225
3,07-03-22,s,224,5,07-03-22 13:00,32811.35,07-03-22 14:15,32612.5,Trigger Fallback,198.85156,0.606045,133.42578,0.40664518,2.86446360039185,36521.45955646107,32930.70144353895,34726.08050000001,10.340234374916342,21.91800938329858
3,07-03-22,s,225,3,07-03-22 14:15,32612.5,07-03-22 15:00,32896.15,Trade SL,-283.64844,-0.8697538,-349.15625,-1.070621,2.86446360039185,36456.27830656814,32651.00069343188,34553.63950000001,11.012668037866927,13.420094421905073
3,24-03-22,s,226,62,24-03-22 12:15,35457.0,28-03-22 15:15,35749.25,Trade SL,-292.25,-0.8242378,-363.45703,-1.0250642,2.729904347603958,36730.88880418605,35469.33819581395,36100.1135,3.494589036048592,0.7958198472572866
3,12-04-22,s,227,13,12-04-22 10:45,37379.6,12-04-22 14:00,37747.55,Trade SL,-367.94922,-0.9843583,-443.07422,-1.185337,2.1076137814919598,37949.20052218945,37384.29247781055,37666.7465,1.4997526913530983,-9.900648711718665
3,18-04-22,s,229,19,18-04-22 13:30,36563.55,19-04-22 12:00,36925.5,Trade SL,-361.94922,-0.9899181,-435.4375,-1.1909059,2.0514023578132945,38285.66995776201,36711.93904223802,37498.80450000001,4.1967495671068455,48.70813041201103
3,18-04-22,s,228,41,18-04-22 11:15,36837.05,19-04-22 15:15,36070.65,Trade Target,766.40234,2.0805204,693.4961,1.8826048,2.0514023578132945,38162.39015811865,37013.76684188134,37588.078499999996,3.055818126583167,98.13219048105968
3,22-04-22,s,230,32,22-04-22 15:15,36008.2,26-04-22 10:45,36476.05,Trade SL,-467.85156,-1.2992917,-540.33594,-1.5005914,2.0991477114838073,36998.22484575951,36009.11215424049,36503.6685,2.709625449066921,12.267239552803314
3,27-04-22,s,231,7,27-04-22 12:45,35764.2,27-04-22 14:30,36066.9,Trade SL,-302.69922,-0.846375,-374.53125,-1.0472239,2.079884770159897,36766.999759777755,35785.492240222244,36276.246,2.705647986717013,3.8930853107559877
3,04-05-22,s,232,11,04-05-22 14:15,35670.6,05-05-22 10:45,35829.8,Trigger Fallback,-159.19922,-0.4463037,-230.69922,-0.6467489,2.0118699598025027,36675.178953102135,35672.292046897855,36173.735499999995,2.7724173142258963,2.1346549462804227
3,05-05-22,s,233,12,05-05-22 14:00,35305.6,06-05-22 10:45,34480.0,Trade Target,825.60156,2.3384435,755.8164,2.1407833,2.1551041836723135,36755.96797259863,35342.85502740139,36049.41150000001,3.919933464648201,10.551187788744224
3,05-05-22,s,234,8,05-05-22 15:15,35160.1,06-05-22 11:00,34442.35,Trade Target,717.75,2.0413764,648.14844,1.8434203,2.1551041836723135,36755.28376509865,35227.93123490138,35991.60750000001,4.243635214674057,15.276713373656712
3,06-05-22,s,235,25,06-05-22 11:30,34645.6,09-05-22 11:30,34282.75,Trigger Fallback,362.85156,1.0473237,293.92578,0.84837836,2.1653678519664368,36885.73336992284,34697.43063007718,35791.58200000001,6.114015133071405,45.90179008752883
3,06-05-22,s,236,20,06-05-22 12:45,34466.55,09-05-22 11:30,34282.75,Trigger Fallback,183.80078,0.5332729,115.05469,0.3338155,2.1653678519664368,36840.6854177821,34532.30458221792,35686.49500000001,6.468499737965806,25.211309932062704
3,12-05-22,s,237,17,12-05-22 10:45,33825.15,12-05-22 15:00,33585.9,Trigger Fallback,239.25,0.70731395,171.83984,0.5080239,2.147294146568523,34834.52749716925,33963.290502830736,34398.90899999999,2.5327460075507426,-6.101121015872903
3,12-05-22,s,238,12,12-05-22 12:00,33786.3,12-05-22 15:00,33585.9,Trigger Fallback,200.40234,0.59314674,133.03125,0.39374316,2.147294146568523,34871.84232211861,33847.62067788138,34359.731499999994,2.980877904232838,41.05348695154771
3,12-05-22,s,239,22,12-05-22 13:45,33598.7,13-05-22 13:00,33906.5,Trade SL,-307.80078,-0.9161092,-375.3047,-1.1170214,2.147294146568523,34908.43461161444,33693.70138838556,34301.068,3.5413860094061076,33.48567025630507
3,13-05-22,s,240,11,13-05-22 14:15,33317.95,16-05-22 10:45,33702.55,Trade SL,-384.60156,-1.1543374,-451.6211,-1.3554889,2.360215011080643,34936.70982404164,33332.68717595839,34134.69850000001,4.6990971608647705,6.812239289388591
3,03-06-22,s,241,52,03-06-22 14:30,35360.75,07-06-22 15:00,35000.25,Trigger Fallback,360.5,1.0194919,290.14062,0.82051605,1.9038629510634077,35888.71897749173,35369.443022508254,35629.08099999999,1.4574497584809267,-9.675604326100428
3,07-06-22,s,243,25,07-06-22 10:45,35016.5,08-06-22 10:45,35333.1,Trade SL,-316.60156,-0.90414965,-386.94922,-1.1050482,1.8740939608573746,35850.71986716142,35078.495132838565,35464.60749999999,2.1774517998623053,17.292732712797076
3,07-06-22,s,244,20,07-06-22 12:00,34944.2,08-06-22 10:45,35333.1,Trade SL,-388.90234,-1.1129239,-459.1797,-1.314037,1.8740939608573746,35859.56332310528,34996.67167689471,35428.11749999999,2.435612465750036,27.153321095283868
3,07-06-22,s,245,14,07-06-22 13:30,34893.8,08-06-22 10:45,35333.1,Trade SL,-439.30078,-1.2589651,-509.52734,-1.4602231,1.8740939608573746,35871.67249792961,34912.908502070364,35392.29049999999,2.7089628343190966,24.156084782750284
3,06-06-22,s,242,79,06-06-22 11:30,35192.8,09-06-22 12:30,34927.05,Trigger Fallback,265.75,0.755126,195.63281,0.5558888,1.9434631037939427,35903.17639034065,35212.920609659326,35558.04849999999,1.9412082771677632,25.05700472949818
3,10-06-22,s,246,18,10-06-22 12:30,34494.45,13-06-22 10:45,33320.9,Trade Target,1173.5508,3.4021437,1105.7344,3.205543,1.8102515555964926,35437.26774408735,34496.64625591265,34966.957,2.690029584715364,10.397383224479984
3,10-06-22,s,247,12,10-06-22 14:00,34434.3,13-06-22 10:45,33320.9,Trade Target,1113.4023,3.2334108,1045.6484,3.0366478,1.8102515555964926,35386.296204354105,34440.3937956459,34913.345,2.709286115977163,4.178296538652152
3,13-06-22,s,248,18,13-06-22 12:45,33287.9,14-06-22 11:00,33587.1,Trade SL,-299.20312,-0.8988345,-366.07812,-1.0997334,1.8633084349689224,35786.104102099736,33445.05989790025,34615.581999999995,6.76297802590603,56.363378554715226
3,13-06-22,s,249,13,13-06-22 14:00,33235.9,14-06-22 11:00,33587.1,Trade SL,-351.20312,-1.0566982,-418.02344,-1.2577468,1.8633084349689224,35831.56430046498,33238.985699535006,34535.274999999994,7.507044900988852,32.59036456661383
3,16-06-22,s,250,65,16-06-22 13:15,32740.3,21-06-22 10:45,33146.3,Trade SL,-406.0,-1.2400619,-471.88477,-1.4412963,1.9420233003023184,34096.687633864516,32786.74336613554,33441.71550000003,3.917096501012264,-28.071769051139995
3,16-06-22,s,251,59,16-06-22 14:45,32707.9,21-06-22 10:45,33146.3,Trade SL,-438.4004,-1.3403502,-504.25195,-1.5416825,1.9420233003023184,33853.11695940436,32827.29304059567,33340.205000000016,3.0768374663823685,-33.443853172958335
3,17-06-22,s,252,50,17-06-22 10:45,32642.5,21-06-22 10:45,33146.3,Trade SL,-503.80078,-1.5433891,-569.5879,-1.7449273,2.11007086229118,33818.867865011416,32683.533134988596,33251.200500000006,3.414417262988202,0.7463872492123856
3,14-07-22,s,256,42,14-07-22 13:15,34674.5,18-07-22 11:15,34973.45,Trade SL,-298.94922,-0.8621587,-368.59766,-1.0630223,1.6261888712913983,35576.229399186996,34684.46960081301,35130.349500000004,2.5384313309321995,22.464090696724735
3,14-07-22,s,255,50,14-07-22 12:00,34722.35,18-07-22 12:00,35029.75,Trade SL,-307.39844,-0.88530415,-377.15234,-1.0861948,1.6261888712913983,35551.101468842724,34748.94553115728,35150.0235,2.282092180352147,16.2166649641952
3,13-07-22,s,253,73,13-07-22 13:15,34818.7,18-07-22 12:45,35111.75,Trade SL,-293.05078,-0.8416477,-362.98438,-1.0424984,1.6155595167093921,35517.05501909493,34848.02898090509,35182.54200000001,1.901585275418247,-22.837300645067753
3,13-07-22,s,254,71,13-07-22 14:30,34841.8,18-07-22 13:30,35132.35,Trade SL,-290.55078,-0.83391434,-360.52734,-1.0347551,1.6155595167093921,35513.319320163115,34853.11567983688,35183.2175,1.8764731802207453,-12.66347204215537
3,22-09-22,s,257,25,22-09-22 12:00,40537.65,23-09-22 12:00,39692.6,Trade Target,845.0469,2.0845978,764.8164,1.8866817,1.5977092398114747,41727.44375572941,40539.54824427059,41133.496,2.8879031129734685,10.962535795482061
3,23-09-22,s,258,21,23-09-22 11:45,39789.45,26-09-22 10:45,38553.55,Trade Target,1235.8984,3.1060958,1157.5547,2.9092002,1.6527475177090867,42009.50875461957,39955.55024538041,40982.52949999999,5.011790473399561,59.2445341600114
3,23-09-22,s,259,16,23-09-22 13:00,39589.55,26-09-22 10:45,38553.55,Trade Target,1036.0,2.616852,957.85547,2.4194653,1.6527475177090867,42093.38763012073,39733.04136987923,40913.21449999998,5.769153778521841,42.18182771202512
3,23-09-22,s,260,11,23-09-22 14:15,39474.55,26-09-22 10:45,38553.55,Trade Target,921.0,2.3331487,842.97266,2.135484,1.6527475177090867,42167.91807009121,39519.130929908744,40843.52449999998,6.485207074091924,32.61626972531529
3,26-09-22,s,261,7,26-09-22 11:15,38623.75,26-09-22 13:00,38955.25,Trade SL,-331.5,-0.85828024,-409.08203,-1.0591463,1.7967526319714267,42320.65403817718,38754.84096182279,40537.74749999998,8.796278274599224,29.5686621567039
3,13-10-22,s,262,24,13-10-22 11:00,38606.0,14-10-22 10:45,39307.9,Trade SL,-701.89844,-1.8181071,-779.8125,-2.0199256,1.859981656897337,39218.102152992855,38643.57184700717,38930.837000000014,1.4757717795424774,-0.47752080090218446
3,13-10-22,s,263,19,13-10-22 12:15,38561.85,14-10-22 10:45,39307.9,Trade SL,-746.0469,-1.934676,-823.91797,-2.136614,1.859981656897337,39247.2612395409,38579.98976045912,38913.62550000001,1.7147502205410912,24.747168011833335
3,27-01-23,s,264,18,27-01-23 13:30,40414.0,30-01-23 11:45,40152.15,Trigger Fallback,261.85156,0.6479229,181.28516,0.44857016,1.528350466557166,43854.8469459286,40476.48105407141,42165.664000000004,8.012125438976103,40.34170799010718
3,13-02-23,s,265,31,13-02-23 12:15,41210.8,14-02-23 13:45,41570.4,Trade SL,-359.59766,-0.87258106,-442.3789,-1.0734538,1.756082008002283,41716.17540718025,41234.76659281973,41475.47099999999,1.1607072873518873,10.350428158374077
3,17-02-23,s,266,42,17-02-23 12:45,41025.0,21-02-23 10:45,40858.4,Trigger Fallback,166.60156,0.40609768,84.71875,0.20650518,1.5824965380099236,41946.931359434035,41094.14864056598,41520.54000000001,2.0538815701049478,4.259809761109117
3,17-02-23,s,267,65,17-02-23 14:00,40949.45,22-02-23 11:30,40119.25,Trade Target,830.1992,2.0273757,749.1289,1.8293991,1.5824965380099236,41989.11244013963,41016.41155986039,41502.76200000001,2.3437015596196717,17.827742235009186
3,20-02-23,s,268,53,20-02-23 12:30,40865.1,22-02-23 13:15,40014.35,Trade Target,850.75,2.0818498,769.8711,1.883933,1.6173186931885821,42047.744764670235,40869.54723532977,41458.646,2.8418620553610663,14.232975562118567
3,20-02-23,s,269,50,20-02-23 14:00,40748.75,22-02-23 14:00,39926.65,Trade Target,822.10156,2.017489,741.4258,1.8195056,1.6173186931885821,42077.42863416615,40761.91036583386,41419.6695,3.1760713791603115,22.02338644246028
3,22-02-23,s,271,83,22-02-23 13:15,40014.35,27-02-23 15:15,40355.85,Trade SL,-341.5,-0.8534438,-421.8711,-1.0542995,1.6033305310505463,41739.03881034363,40030.76518965636,40884.901999999995,4.178250496203379,1.1037293262033923
3,22-02-23,s,270,124,22-02-23 11:00,40183.25,01-03-23 10:45,40615.7,Trade SL,-432.44922,-1.0761927,-513.25,-1.2772735,1.6033305310505463,41883.55181081105,40188.754189188934,41036.15299999999,4.1300109725736585,-0.11150690199925231
3,14-03-23,s,272,27,14-03-23 10:45,39285.2,15-03-23 11:15,39658.7,Trade SL,-373.5,-0.95073974,-452.4453,-1.151694,1.6446169204526244,42099.902175868796,39333.89282413117,40716.897499999985,6.793271397305317,24.307620756780267
1,20-09-19,l,1,11,20-09-19 12:13,28856.05,20-09-19 12:24,28707.8,Trade SL,-148.25,-0.51375705,-263.3789,-0.91273373,1.8798648002990443,28811.213995426384,26035.286004573594,27423.24999999999,10.12253467715457,9.380801442933203
1,25-03-20,l,1,3,25-03-20 13:35,18514.55,25-03-20 13:38,18385.9,Trade SL,-128.65039,-0.694861,-202.45117,-1.0934706,9.206207925960351,18456.88561171984,16385.062388280156,17420.974,11.892694538432155,16.324182836670882
1,25-03-20,l,2,3,25-03-20 13:44,18645.8,25-03-20 13:47,18522.05,Trade SL,-123.75,-0.6636883,-198.08594,-1.0623622,9.206207925960351,18590.608317977985,16390.57618202201,17490.592249999998,12.578374159719921,7.794259724517587
1,26-03-20,l,1,3,26-03-20 10:33,19969.95,26-03-20 10:36,20047.55,Trigger Fallback,77.60156,0.38859168,-2.4335938,-0.012186279,8.726636555023967,19871.734454956928,17704.924045043084,18788.329250000006,11.532746637989872,17.19132893274712
1,26-03-20,l,2,2,26-03-20 10:46,20180.7,26-03-20 10:48,20072.2,Trade SL,-108.5,-0.5376424,-189.00586,-0.9365674,8.726636555023967,20160.62144689668,17633.656553103334,18897.139000000006,13.372208850203963,13.159454510958547
1,27-03-20,l,1,15,27-03-20 09:43,21206.15,27-03-20 09:58,21088.15,Trade SL,-118.0,-0.5564423,-202.58789,-0.9553261,8.379958253250187,21118.206787353687,18749.15671264632,19933.681750000003,11.88465886241696,15.297259319612571
1,27-03-20,l,2,7,27-03-20 09:51,21254.0,27-03-20 09:58,21088.15,Trade SL,-165.84961,-0.78032184,-250.5332,-1.1787579,8.379958253250187,21243.184361723677,18693.644638276328,19968.414500000003,12.767862583418173,11.310320481792607
4,28-01-16,s,1,4,28-01-16 15:05,15386.05,28-01-16 15:25,15404.45,EndTime,-18.40039,-0.119591385,-49.19043,-0.319708,2.095970255400198,15635.586455210729,15400.578250671626,15518.082352941177,1.5144152427736093,-4.970094538424036
4,29-01-16,s,2,18,29-01-16 10:15,15190.85,29-01-16 11:45,15344.3,Trade SL,-153.4502,-1.0101489,-183.98535,-1.211159,2.0688403732311063,15751.631870902114,15227.844599686126,15489.73823529412,3.3815114449288317,102.45920913291656
4,29-01-16,s,1,48,29-01-16 09:25,15271.8,29-01-16 13:25,15428.3,Trade SL,-156.5,-1.0247645,-187.2002,-1.22579,2.0688403732311063,15675.957541912194,15341.66422279369,15508.810882352942,2.155505806695259,42.683913338404075
4,02-02-16,s,1,17,02-02-16 14:00,15126.3,02-02-16 15:25,15046.75,EndTime,79.549805,0.52590394,49.376953,0.32643116,2.105623275531804,15613.533376790172,15158.530740856899,15386.032058823535,2.9572448191562146,13.51417537838579
4,02-02-16,s,2,4,02-02-16 15:05,15071.9,02-02-16 15:25,15046.75,EndTime,25.15039,0.1668694,-4.96875,-0.032966975,2.105623275531804,15661.234173965273,15078.085826034734,15369.660000000003,3.7941525572494044,32.85436613419061
4,03-02-16,s,1,69,03-02-16 09:40,14889.7,03-02-16 15:25,14846.15,EndTime,43.549805,0.29248273,13.814453,0.092778586,2.1976169599691993,15765.453158039541,14910.65684196047,15338.055000000006,5.573042449509218,58.42567736913191
4,12-02-16,s,1,51,12-02-16 09:20,13883.95,12-02-16 13:35,14046.45,Trade SL,-162.5,-1.1704161,-190.43066,-1.3715885,2.4943590066592733,15168.221838981557,13890.064631606674,14529.143235294116,8.797195998935372,19.672849699755034
4,23-02-16,s,1,62,23-02-16 10:15,14115.35,23-02-16 15:25,14013.8,EndTime,101.549805,0.7194282,73.4209,0.52014935,2.3160810241956575,14518.515507011938,14152.658022399812,14335.586764705875,2.5520928484968977,2.3513183633577968
4,16-03-16,s,1,30,16-03-16 11:50,15190.65,16-03-16 14:20,15298.75,SMA Exit,-108.09961,-0.7116193,-138.58887,-0.91233003,2.246282256223948,15425.258930036307,15200.148717022515,15312.703823529411,1.4700879453299975,3.3905715283294517
4,28-03-16,s,1,19,28-03-16 13:50,15729.0,28-03-16 15:25,15669.65,EndTime,59.34961,0.377326,27.951172,0.17770469,1.7892418868318345,15942.98826767058,15746.874085270612,15844.931176470596,1.2377092725476362,2.207963029996922
4,28-03-16,s,2,7,28-03-16 14:50,15600.45,28-03-16 15:25,15669.65,EndTime,-69.200195,-0.44357818,-100.4707,-0.6440244,1.7892418868318345,16025.209135172841,15629.405570709521,15827.307352941181,2.5007637473456157,109.30307573563897
4,05-04-16,s,1,48,05-04-16 11:25,15923.0,05-04-16 15:25,15667.45,EndTime,255.5498,1.6049098,223.95996,1.4065187,1.7530203082235203,16303.747491010403,15957.439567813137,16130.59352941177,2.146901306302365,10.474579613257827
4,05-04-16,s,2,37,05-04-16 12:20,15863.7,05-04-16 15:25,15667.45,EndTime,196.25,1.237101,164.71973,1.0383437,1.7530203082235203,16354.728996113596,15882.826298004076,16118.777647058836,2.927658091962244,46.10220199215638
4,03-05-16,s,1,26,03-05-16 13:15,16414.2,03-05-16 15:25,16409.9,EndTime,4.298828,0.02618969,-28.52539,-0.17378484,1.7609265166584442,16834.788803070693,16433.694138105773,16634.241470588233,2.4112591227806415,-5.121184805012472
4,15-11-16,s,1,46,15-11-16 11:35,19326.65,15-11-16 15:25,19292.85,EndTime,33.80078,0.17489208,-4.8183594,-0.024931168,2.058913796409476,20605.2113277127,19365.175142875523,19985.19323529411,6.204774556031091,5.657616056817127
4,21-11-16,s,1,72,21-11-16 09:25,18799.15,21-11-16 15:25,18467.55,EndTime,331.5996,1.7639074,294.33398,1.5656772,2.183342213218258,19369.98687061973,18833.206070556742,19101.596470588236,2.8101357961859312,14.297795961282514
4,21-11-16,s,2,60,21-11-16 10:25,18691.05,21-11-16 15:25,18467.55,EndTime,223.5,1.1957594,186.3418,0.99695736,2.183342213218258,19448.229809942583,18697.67371946918,19072.951764705882,3.9351858051793025,47.917370049799786
4,21-11-16,s,3,50,21-11-16 11:15,18486.85,21-11-16 15:25,18467.55,EndTime,19.298828,0.10439219,-17.654297,-0.09549651,2.183342213218258,19558.294686712663,18511.11825446381,19034.706470588237,5.501405728882202,55.38592825810835
4,07-12-16,s,1,11,07-12-16 14:30,18162.75,07-12-16 15:25,18269.45,EndTime,-106.69922,-0.58746177,-143.13086,-0.78804624,1.9093188540737698,18687.219642115397,18205.270357884587,18446.24499999999,2.6127229917569146,-10.297386577367075
4,20-12-16,s,1,57,20-12-16 10:40,18167.65,20-12-16 15:25,18087.65,EndTime,80.0,0.44034314,43.74414,0.24078038,1.7143834408460865,18417.041578132154,18168.131363044293,18292.586470588223,1.360716350790915,-2.490272629431604
4,20-12-16,s,2,47,20-12-16 11:30,18058.75,20-12-16 15:25,18087.65,EndTime,-28.90039,-0.16003539,-65.046875,-0.3601959,1.7143834408460865,18438.723498213156,18119.69356061035,18279.208529411753,1.7453159259575004,31.38538863778863
4,26-12-16,s,1,71,26-12-16 09:30,17640.75,26-12-16 15:25,17656.15,EndTime,-15.400391,-0.08730009,-50.697266,-0.28738725,1.5758486933520364,18138.06679485812,17681.54555808305,17909.806176470585,2.5490015485194752,-12.843846348026464
4,09-02-18,s,1,73,09-02-18 09:20,25461.6,09-02-18 15:25,25494.7,EndTime,-33.09961,-0.12999815,-84.05469,-0.33012336,1.6662874174873048,26237.801894564785,25475.651634846996,25856.72676470589,2.947589873433304,-29.285813789454586
4,19-02-18,s,1,67,19-02-18 09:50,25004.0,19-02-18 15:25,25096.9,EndTime,-92.90039,-0.3715421,-143.00195,-0.5719163,1.7048050468417373,25762.965009997995,25004.898519413753,25383.931764705874,2.9864029639343226,14.764783035466778
4,28-02-18,s,1,73,28-02-18 09:20,25012.1,28-02-18 15:25,25111.5,EndTime,-99.40039,-0.39740923,-149.52344,-0.5978044,1.5568174314619174,25883.80327812516,25119.504368933638,25501.6538235294,2.9970562477259146,-5.630049624727432
4,06-03-18,s,1,3,06-03-18 15:10,24473.0,06-03-18 15:25,24382.0,EndTime,91.0,0.37183836,42.14453,0.17220828,1.5409686112471257,25177.964605812955,24479.902453010578,24828.933529411766,2.8114866551777937,-2.058201168360613
4,07-03-18,s,1,72,07-03-18 09:25,24300.35,07-03-18 15:25,24161.1,EndTime,139.25,0.573037,90.78906,0.37361217,1.6507014874516506,25211.92041446678,24393.964879650866,24802.942647058822,3.2978164988536416,19.872956521839498
4,16-03-18,s,1,5,16-03-18 15:00,24500.9,16-03-18 15:25,24544.95,EndTime,-44.04883,-0.17978452,-93.09375,-0.3799605,1.5638360772418047,25004.698580565157,24538.25259590542,24771.475588235287,1.882996364097371,-3.4398064691356187
4,19-03-18,s,1,73,19-03-18 09:20,24480.25,19-03-18 15:25,24239.05,EndTime,241.19922,0.9852809,192.48047,0.7862684,1.5729980527058411,25042.445182856824,24485.497758319627,24763.971470588225,2.2490230421993265,29.01684890515947
4,17-10-18,s,1,4,17-10-18 15:05,25133.0,17-10-18 15:25,25185.35,EndTime,-52.34961,-0.20829034,-102.66797,-0.40849867,2.0616945639094544,25953.103081000514,25168.47868370535,25560.790882352932,3.069640532276585,-3.2558756204622905
4,19-10-18,s,1,71,19-10-18 09:30,25056.65,19-10-18 15:25,25097.7,EndTime,-41.04883,-0.16382408,-91.203125,-0.3639877,2.250833821538356,26007.95611643502,25094.574471800257,25551.26529411764,3.574702207976525,18.792452133684044
4,13-11-18,s,1,52,13-11-18 09:25,25440.0,13-11-18 13:45,25655.95,SMA Exit,-215.94922,-0.84885705,-267.04492,-1.0497048,1.649396831161382,25964.882300958874,25447.70475786466,25706.293529411767,2.011871304987969,16.400343130809233
4,06-06-19,s,1,35,06-06-19 12:30,31167.2,06-06-19 15:25,30895.8,EndTime,271.39844,0.87078226,209.33398,0.6716484,1.67743450484891,31887.47759038587,31180.941233143592,31534.209411764732,2.2405393076976456,13.449070383042343
4,06-06-19,s,2,23,06-06-19 13:30,30995.25,06-06-19 15:25,30895.8,EndTime,99.44922,0.32085308,37.55664,0.12116902,1.67743450484891,31978.819800264926,31043.64019973514,31511.230000000032,2.9677660964988877,38.52352443302526
4,25-06-19,s,1,35,25-06-19 09:20,30500.0,25-06-19 12:15,30667.5,SMA Exit,-167.5,-0.5491803,-228.66797,-0.74973106,1.526706274300369,30814.57286192815,30516.700667483645,30665.636764705898,0.9713549949412336,-1.693968290431783
4,31-07-19,s,1,61,31-07-19 09:20,28614.25,31-07-19 14:25,28941.75,Trade SL,-327.5,-1.1445346,-385.0547,-1.3456746,1.5078672297636901,29766.957907410007,28746.09268082531,29256.52529411766,3.48935909620803,87.2585424154164
4,02-08-19,s,1,47,02-08-19 09:30,27979.35,02-08-19 13:25,28326.6,Trade SL,-347.25,-1.2410939,-403.5547,-1.4423305,1.633469756890619,29234.58928360839,28025.03718697986,28629.813235294125,4.224799116528735,-8.520944022047534
4,05-08-19,s,1,34,05-08-19 09:45,27418.4,05-08-19 12:35,27719.5,Trade SL,-301.0996,-1.0981662,-356.23633,-1.2992601,1.6795470918985607,29247.82026455712,27434.542088384067,28341.181176470593,6.398033183170469,10.730599416713876
4,23-08-19,s,1,15,23-08-19 09:20,26688.05,23-08-19 10:35,27041.2,Trade SL,-353.14844,-1.3232455,-406.87695,-1.524566,1.853287717172576,28574.509205788047,26756.979029506096,27665.74411764707,6.569605243773681,25.38124336486871
4,17-09-19,s,1,24,17-09-19 13:25,27362.7,17-09-19 15:25,27172.0,EndTime,190.69922,0.6969313,136.16406,0.49762657,1.765160622197522,28291.08792365078,27373.300311643336,27832.194117647057,3.297575491633692,15.929030028734214
4,17-09-19,s,2,14,17-09-19 14:15,27166.05,17-09-19 15:25,27172.0,EndTime,-5.9492188,-0.021899462,-60.28711,-0.22192079,1.765160622197522,28405.77289807057,27202.96533722353,27804.36911764705,4.325966022669558,41.87988834730142
4,30-09-19,s,1,69,30-09-19 09:40,29254.0,30-09-19 15:25,29098.3,EndTime,155.69922,0.5322322,97.34766,0.332767,2.4902766065118027,30554.222956834587,29338.25292551837,29946.237941176478,4.060510150573013,-1.9755335114473003
4,30-09-19,s,2,59,30-09-19 10:30,29150.1,30-09-19 15:25,29098.3,EndTime,51.79883,0.17769691,-6.4492188,-0.022124175,2.4902766065118027,30661.985744812544,29196.428372834507,29929.207058823526,4.896746409277059,25.99188713860746
4,24-10-19,s,1,21,24-10-19 13:40,29111.95,24-10-19 15:25,29129.05,EndTime,-17.101562,-0.058744133,-75.3418,-0.25880024,2.30179596074628,29817.546831058604,29145.604345411983,29481.575588235293,2.279194623216684,14.251368620930135
4,13-11-19,s,1,6,13-11-19 14:55,30556.0,13-11-19 15:25,30544.4,EndTime,11.599609,0.037961807,-49.501953,-0.16200404,1.829349271132861,31191.010867757363,30615.915014595583,30903.462941176473,1.8609430737793113,11.250790975587977
4,14-11-19,s,1,73,14-11-19 09:20,30468.55,14-11-19 15:25,30753.35,EndTime,-284.79883,-0.93473047,-346.02148,-1.1356677,1.8967502895333808,31244.928057266137,30523.819589792663,30884.3738235294,2.334865105550866,35.63654120788077
4,22-11-19,s,1,46,22-11-19 11:35,31145.75,22-11-19 15:25,31130.1,EndTime,15.650391,0.05024888,-46.626953,-0.14970566,1.5509545020963034,31528.971246294604,31159.371694881862,31344.171470588233,1.1791651655541633,6.03773847281475
4,22-11-19,s,2,28,22-11-19 13:05,31064.95,22-11-19 15:25,31130.1,EndTime,-65.15039,-0.20972316,-127.3457,-0.40993375,1.5509545020963034,31574.334840268577,31069.293395025565,31321.81411764707,1.6124271836428086,26.336015757092003
4,02-03-20,s,1,3,02-03-20 15:10,28628.05,02-03-20 15:25,28913.4,EndTime,-285.3496,-0.99674827,-342.89258,-1.1977503,1.6536094908142451,30311.60193137497,28665.786303919136,29488.694117647054,5.581175011988483,-7.72121030714759
4,06-03-20,s,1,41,06-03-20 09:50,27577.7,06-03-20 13:15,27875.85,Trade SL,-298.1504,-1.0811286,-353.60352,-1.2822082,2.0128700290764057,29795.673301258135,27703.066110506577,28749.369705882356,7.278793281938954,45.162684766125615
4,12-03-20,s,1,18,12-03-20 09:30,25123.4,12-03-20 11:00,24219.95,Trade Target,903.4512,3.5960543,854.1074,3.399649,2.8644126161618777,28037.869439340197,25187.448795953933,26612.659117647065,10.710769753542317,-9.515997511255698
4,12-03-20,s,2,10,12-03-20 10:40,24800.4,12-03-20 11:30,24442.25,Trigger Fallback,358.1504,1.4441315,308.9082,1.2455775,2.8644126161618777,27955.46684661428,24800.622565150432,26378.044705882356,11.960114241372526,10.679954861536938
4,13-03-20,s,1,7,13-03-20 09:45,21397.45,13-03-20 10:20,22923.85,Trade SL,-1526.4004,-7.133562,-1570.7207,-7.340691,3.818521283253421,29346.078606485193,21479.04374645598,25412.561176470586,30.95726875146011,34.0895895717601
4,23-03-20,s,1,10,23-03-20 10:10,17729.3,23-03-20 11:00,17778.1,Trigger Fallback,-48.79883,-0.27524397,-84.30469,-0.47551048,6.951437715512332,21911.708950992033,17788.198696066785,19849.95382352941,20.773399734750967,31.158953683349388
4,01-04-20,s,1,16,01-04-20 10:55,18176.25,01-04-20 12:15,18381.55,Trade SL,-205.30078,-1.1295002,-241.85742,-1.3306233,8.185388147973464,20015.681518921105,18183.61083402008,19099.646176470593,9.592170807635195,-7.621381686888762
4,15-04-20,s,1,4,15-04-20 14:15,18888.4,15-04-20 14:35,19120.9,Trade SL,-232.5,-1.2309141,-270.50977,-1.4321475,6.789489400607726,20378.15541044846,18970.970471904475,19674.562941176468,7.152305963549099,7.9736329129061385
4,12-05-20,s,1,62,12-05-20 09:20,18545.85,12-05-20 14:30,18846.65,Trade SL,-300.80078,-1.6219305,-338.1914,-1.8235422,5.227980177149902,20343.194974230948,18634.937966945512,19489.06647058823,8.765206942381969,27.16374227568957
4,18-05-20,s,1,30,18-05-20 10:00,17937.9,18-05-20 12:30,17732.0,Trigger Fallback,205.90039,1.1478511,170.23047,0.94899887,4.91725342172095,19978.201496188958,17999.80556263458,18989.00352941177,10.418640085510914,8.774121403242539
4,18-05-20,s,2,55,18-05-20 10:50,17705.3,18-05-20 15:25,17638.45,EndTime,66.85156,0.37757936,31.507812,0.17795694,4.91725342172095,20039.672125790163,17726.29434479807,18882.983235294116,12.251124476285971,27.4258209373585
4,12-06-20,s,1,16,12-06-20 10:00,19863.9,12-06-20 11:20,20204.65,Trade SL,-340.75,-1.7154233,-380.81836,-1.917138,4.1383275931369425,21656.202490358017,19950.75809787729,20803.480294117653,8.19788020258781,81.73446823942982
4,25-06-20,s,1,10,25-06-20 09:30,21129.5,25-06-20 10:20,21340.8,Trade SL,-211.30078,-1.0000274,-253.76953,-1.2010201,4.039894298320427,22697.53106536453,21187.271875811944,21942.401470588236,6.882834550160551,43.39875134352329
4,10-07-20,s,1,38,10-07-20 12:15,22436.25,10-07-20 15:25,22401.7,EndTime,34.55078,0.15399535,-10.287109,-0.045850396,2.9829622423368805,23163.71109821355,22439.84772531585,22801.7794117647,3.1745915957954534,21.312214054148555
4,24-07-20,s,1,36,24-07-20 11:00,22437.3,24-07-20 14:00,22662.45,Trade SL,-225.14844,-1.003456,-270.24805,-1.2044588,2.734924925339457,23264.1452903751,22466.99059197785,22865.567941176476,3.4862667765261555,23.52578670269807
4,30-07-20,s,1,13,30-07-20 14:20,21645.8,30-07-20 15:25,21652.95,EndTime,-7.1484375,-0.033024594,-50.447266,-0.23305798,2.8697298895470924,22524.992145257653,21704.563148859976,22114.777647058814,3.709867716019253,5.772292371600943
4,31-07-20,s,1,4,31-07-20 09:20,21519.55,31-07-20 09:40,21738.85,Trade SL,-219.29883,-1.0190679,-262.55664,-1.2200842,2.939541600854758,22646.297555501264,21534.689503322257,22090.49352941176,5.0320652668940475,30.905411155836127
4,14-08-20,s,1,9,14-08-20 14:40,21596.0,14-08-20 15:25,21695.65,EndTime,-99.65039,-0.46142986,-142.9414,-0.66188836,2.3336700348794563,22736.403257041646,21684.719095899512,22210.56117647058,4.735063435750854,123.30171014746121
4,04-09-20,s,1,68,04-09-20 09:45,23164.0,04-09-20 15:25,23084.2,EndTime,79.80078,0.34450346,33.552734,0.14484863,2.5655512522289348,24161.53066784335,23170.20756745076,23665.869117647057,4.188830317046691,53.34471173960856
4,09-09-20,s,1,63,09-09-20 10:10,22350.95,09-09-20 15:25,22293.85,EndTime,57.09961,0.2554684,12.455078,0.055725053,2.549558155722267,23379.1065581811,22441.353441818883,22910.229999999992,4.093163256598555,70.76780072654839
4,18-09-20,s,1,12,18-09-20 14:25,21988.95,18-09-20 15:25,22063.4,EndTime,-74.45117,-0.33858448,-118.50195,-0.53891593,2.434165380758453,22666.02465065333,22095.854172876097,22380.939411764713,2.547571696108151,11.506092466522189
4,26-10-20,s,1,46,26-10-20 11:35,24256.2,26-10-20 15:25,24101.55,EndTime,154.64844,0.6375625,106.291016,0.43820143,2.4334473364378004,24685.89354650726,24289.46410055154,24487.6788235294,1.6188935211564621,-4.212008452560536
4,26-10-20,s,2,36,26-10-20 12:25,24173.45,26-10-20 15:25,24101.55,EndTime,71.89844,0.2974273,23.623047,0.097723104,2.4334473364378004,24747.567754627118,24193.14401007875,24470.355882352935,2.265695469301268,48.13180054694124
4,26-10-20,s,3,25,26-10-20 13:20,23996.1,26-10-20 15:25,24101.55,EndTime,-105.45117,-0.4394513,-153.54883,-0.6398908,2.4334473364378004,24853.10387354953,24016.74318527399,24434.92352941176,3.422808699478158,69.27740694550616
4,13-11-20,s,1,12,13-11-20 09:20,27810.8,13-11-20 10:20,28195.0,Trade SL,-384.19922,-1.3814749,-440.20508,-1.5828564,2.626935550075251,29208.62364289254,27821.94282769571,28515.283235294126,4.862938950157427,10.298682550345042
4,02-12-20,s,1,22,02-12-20 13:35,29278.2,02-12-20 15:25,29431.3,EndTime,-153.10156,-0.52292,-211.81055,-0.7234412,2.3388912670609185,30056.962078929282,29291.703803423712,29674.332941176497,2.578855865176627,9.814017653136462
4,18-12-20,s,1,56,18-12-20 09:35,30508.65,18-12-20 14:15,30702.65,SMA Exit,-194.0,-0.63588524,-255.21094,-0.8365199,1.7613070582199117,31011.18377888946,30541.07327993413,30776.128529411795,1.5275166871819428,-15.071163653849409
4,21-12-20,s,1,7,21-12-20 14:25,29832.65,21-12-20 15:00,29578.9,Trigger Fallback,253.75,0.8505781,194.33984,0.65143335,1.7540714042075614,31234.627403044266,29845.949067543967,30540.288235294116,4.547037424144093,21.366243114764817
4,22-12-20,s,1,56,22-12-20 09:35,29276.2,22-12-20 14:15,29634.35,Trade SL,-358.1504,-1.22335,-417.06055,-1.4245721,2.065346736618609,31510.516513182487,29285.472898582233,30397.99470588236,7.319705250720643,44.177712120689954
4,04-01-21,s,1,53,04-01-21 11:00,31032.4,04-01-21 15:25,31275.15,SMA Exit,-242.75,-0.7822469,-305.0586,-0.9830326,1.7320032494291715,31496.13958835677,31117.023941054966,31306.58176470587,1.2109774556390867,23.589958392015312
4,12-01-21,s,1,32,12-01-21 09:20,31754.15,12-01-21 12:00,32091.65,Trade SL,-337.5,-1.0628532,-401.3457,-1.2639158,1.6357292928113152,32338.61191055715,31773.16867767815,32055.89029411765,1.763929273811994,6.480354733423038
4,21-01-21,s,1,4,21-01-21 15:05,32027.75,21-01-21 15:25,32291.05,EndTime,-263.30078,-0.822102,-327.61914,-1.0229228,1.611336882584848,33027.254524086886,32076.85959356014,32552.057058823513,2.9196155831544677,-12.139486512848881
4,22-01-21,s,1,72,22-01-21 09:25,31892.35,22-01-21 15:25,31177.95,EndTime,714.4004,2.2400367,651.3301,2.0422769,1.7029559793738065,33055.84729636577,32040.533291869477,32548.190294117623,3.1194176859651357,1.8545860463156267
4,22-01-21,s,2,61,22-01-21 10:20,31763.3,22-01-21 15:25,31177.95,EndTime,585.35156,1.842855,522.41016,1.6446972,1.7029559793738065,33202.38914357832,31838.12732700985,32520.258235294088,4.195113724797688,45.001859147519816
4,28-01-21,s,1,11,28-01-21 09:20,29756.85,28-01-21 10:15,30104.35,Trade SL,-347.5,-1.1677983,-407.36133,-1.3689666,2.080396253080799,32337.355366247877,29776.934633752116,31057.144999999997,8.244224420808033,24.133672025888018
4,19-02-21,s,1,16,19-02-21 14:05,35652.25,19-02-21 15:25,35928.7,EndTime,-276.44922,-0.7754047,-348.03125,-0.9761832,2.3296791960767593,37484.793033987706,35747.8704954241,36616.3317647059,4.743573304188298,-0.19044412680481307
4,12-03-21,s,1,15,12-03-21 14:10,35314.45,12-03-21 15:25,35453.0,EndTime,-138.55078,-0.39233452,-209.3164,-0.5927217,2.4531672732928445,36575.50685172223,35350.06314827773,35962.78499999998,3.4075328244030616,10.388143674975888
4,15-03-21,s,1,60,15-03-21 09:25,35081.35,15-03-21 14:25,34750.35,Trigger Fallback,331.0,0.9435212,261.16797,0.7444638,2.5697487316834184,36733.484622695425,35115.44596553984,35924.46529411763,4.504002060736387,19.698825291997196
4,18-03-21,s,1,26,18-03-21 13:15,34011.25,18-03-21 15:25,33912.4,EndTime,98.85156,0.29064372,30.925781,0.09092809,2.6651923262225043,35391.54961752149,34014.314500125554,34702.93205882352,3.9686419437453795,-7.2953970091145415
4,18-03-21,s,2,16,18-03-21 14:05,33771.1,18-03-21 15:25,33912.4,EndTime,-141.29688,-0.41839582,-208.98047,-0.61881447,2.6651923262225043,35460.83912436706,33803.66322857409,34632.25117647058,4.785065479424764,24.124153669717327
4,25-03-21,s,1,55,25-03-21 09:25,32923.3,25-03-21 14:00,33278.65,Trade SL,-355.34766,-1.0793197,-421.54688,-1.2803906,2.7519732340989864,34492.53594553869,32948.71581916722,33720.62588235296,4.578266523752163,12.827841318505351
4,05-04-21,s,1,65,05-04-21 10:00,32679.9,05-04-21 15:25,32714.45,EndTime,-34.54883,-0.105718896,-99.94336,-0.30582517,2.5684652003121453,34058.23540239662,32778.22106819163,33418.228235294126,3.830287845281751,-1.401997126393778
4,05-04-21,s,2,53,05-04-21 11:00,32488.75,05-04-21 15:25,32714.45,EndTime,-225.69922,-0.6946996,-290.90234,-0.8953941,2.5684652003121453,34154.90392070613,32504.942549882126,33329.923235294125,4.950390551985449,32.57732101089078
4,12-04-21,s,1,63,12-04-21 10:00,31180.75,12-04-21 15:15,30861.25,Trigger Fallback,319.5,1.0246707,257.45703,0.82569224,2.6819822947094782,34200.3066593166,31324.6298112716,32762.468235294098,8.777351045081256,101.90499941759599
4,19-04-21,s,1,47,19-04-21 10:05,30646.15,19-04-21 14:00,30958.7,Trade SL,-312.54883,-1.0198632,-374.1543,-1.2208852,2.8462201916801906,33013.56799926674,30702.162588968564,31857.865294117655,7.255368145225239,72.79236662780491
4,03-05-21,s,1,73,03-05-21 09:20,32350.45,03-05-21 15:25,32535.55,EndTime,-185.10156,-0.57217616,-249.98633,-0.77274454,2.898569853614701,34534.336317336245,32353.214859134358,33443.7755882353,6.521756051278949,22.686272912670717
4,20-05-21,s,1,5,20-05-21 15:00,33311.05,20-05-21 15:25,33400.75,EndTime,-89.69922,-0.26927766,-156.41406,-0.4695561,2.2726475636562125,34127.52644040905,33331.47355959094,33729.49999999999,2.3601087499610482,6.375324117008879
4,14-06-21,s,1,63,14-06-21 09:25,34566.85,14-06-21 14:40,34966.85,Trade SL,-400.0,-1.1571779,-469.53516,-1.3583394,1.7187260315954027,35403.52284464488,34569.40539064921,34986.46411764705,2.3841147570409786,1.5813856321757753
4,18-06-21,s,1,36,18-06-21 10:55,33963.15,18-06-21 13:55,34333.6,Trade SL,-370.45312,-1.0907503,-438.75,-1.2918414,1.6779363038377102,35649.71757985735,34032.20889073087,34840.96323529411,4.642548709697939,21.642602507770686
4,28-07-21,s,1,73,28-07-21 09:20,34613.0,28-07-21 15:25,34558.4,EndTime,54.601562,0.15774871,-14.5703125,-0.042094912,1.5057903799650583,35308.90467694161,34644.1053230584,34976.505000000005,1.900702639909873,18.874957232321083
4,28-07-21,s,2,61,28-07-21 10:20,34454.15,28-07-21 15:25,34558.4,EndTime,-104.25,-0.30257604,-173.26172,-0.5028762,1.5057903799650583,35413.24006448067,34478.93464140168,34946.08735294118,2.673562317986799,49.84091888061706
4,01-10-21,s,1,73,01-10-21 09:20,37029.55,01-10-21 15:25,37229.05,EndTime,-199.5,-0.5387589,-273.76172,-0.7393061,1.5596284668212503,38120.7777934318,37181.67808892109,37651.22794117645,2.494207376125656,22.49415247136127
4,28-10-21,s,1,73,28-10-21 09:20,40666.7,28-10-21 15:25,39559.9,EndTime,1106.8008,2.7216392,1026.5742,2.524361,1.529878048026867,41529.95961277503,40737.230387224976,41133.595,1.9272062788337623,-5.070303905655342
4,28-10-21,s,2,63,28-10-21 10:10,40419.35,28-10-21 15:25,39559.9,EndTime,859.4531,2.1263409,779.47656,1.9284736,1.529878048026867,41674.479118108204,40518.7320583624,41096.6055882353,2.8122689044582705,58.476127789025455
4,28-10-21,s,3,53,28-10-21 11:00,40132.35,28-10-21 15:25,39559.9,EndTime,572.4531,1.426413,492.76172,1.2278416,1.529878048026867,41827.80291669137,40262.76649507332,41045.284705882346,3.812950580883058,60.02705197774313
4,29-10-21,s,1,5,29-10-21 09:20,38847.85,29-10-21 09:45,39273.2,Trade SL,-425.34766,-1.0949064,-503.46875,-1.2960014,1.7554991975611505,42396.92204606245,38985.70795393751,40691.31499999998,8.383150291714433,25.802517853526286
4,08-11-21,s,1,73,08-11-21 09:20,39147.95,08-11-21 15:25,39487.05,EndTime,-339.10156,-0.86620516,-417.73828,-1.0670757,1.7827159239809716,40434.44625282245,39200.631394236356,39817.5388235294,3.0986718291513085,6.702342191591031
4,22-11-21,s,1,40,22-11-21 12:05,37025.1,22-11-21 15:25,37252.3,EndTime,-227.19922,-0.61363566,-301.47656,-0.8142491,1.600110564143336,38792.98812230327,37098.23717181437,37945.61264705882,4.466263244323354,23.798104888081856
4,26-11-21,s,1,73,26-11-21 09:20,36728.5,26-11-21 15:25,35951.9,EndTime,776.60156,2.1144385,703.9219,1.9165549,1.7743831879402594,38090.49179258205,36812.782325064996,37451.63705882352,3.4116251460789657,-1.4846840886933779
4,26-11-21,s,2,61,26-11-21 10:20,36373.95,26-11-21 15:25,35951.9,EndTime,422.05078,1.1603106,349.72266,0.96146464,1.7743831879402594,38303.7768792709,36502.46606190554,37403.12147058822,4.815937137176673,50.20629917833821
4,16-12-21,s,1,9,16-12-21 14:40,36412.45,16-12-21 15:25,36585.45,EndTime,-173.0,-0.4751122,-246.0,-0.67559314,1.8414067430839713,37243.85901545486,36439.76921983925,36841.81411764705,2.1825466928634665,21.409123691949866
4,17-12-21,s,1,73,17-12-21 09:20,36189.1,17-12-21 15:25,35679.85,EndTime,509.25,1.4071916,437.3828,1.2086036,1.8723260069315124,37298.44231670175,36325.262389180585,36811.85235294117,2.643659216576784,31.144495478109135
4,17-12-21,s,2,63,17-12-21 10:10,35969.5,17-12-21 15:25,35679.85,EndTime,289.64844,0.80526125,218.0,0.606069,1.8723260069315124,37501.47669586398,36027.7809511948,36764.62882352939,4.008460827234069,65.95694723830752
4,20-12-21,s,1,59,20-12-21 09:20,34678.7,20-12-21 14:15,34384.95,Trigger Fallback,293.75,0.84706175,224.6836,0.6479009,1.9876682638210332,37815.560389442595,34837.81549291034,36326.68794117647,8.197127415948557,10.782813370428398
4,30-12-21,s,1,56,30-12-21 09:20,34914.0,30-12-21 14:00,35134.85,SMA Exit,-220.85156,-0.63255876,-290.90234,-0.8331968,1.9762610424575229,35427.37908877031,34935.319734759134,35181.34941176472,1.3986369546320683,-0.24992179321030839
4,21-01-22,s,1,36,21-01-22 09:25,37259.85,21-01-22 12:25,37641.4,Trade SL,-381.54688,-1.0240161,-456.44922,-1.2250429,1.6424549737707084,38712.76137242297,37283.01980404759,37997.89058823528,3.7626866813971205,-17.42120460381011
4,24-01-22,s,1,12,24-01-22 14:05,36541.95,24-01-22 15:05,36946.7,Trade SL,-404.75,-1.1076312,-478.23828,-1.3087378,1.6554782675760085,38325.663698923105,36572.04335990046,37448.85352941178,4.682707676605843,16.408798869696746
4,04-02-22,s,1,43,04-02-22 11:50,38803.35,04-02-22 15:25,38735.55,EndTime,67.80078,0.17472918,-9.738281,-0.025096495,1.956338724347268,39510.14923270329,38838.91959082609,39174.53441176469,1.713433616905022,-6.045736619828998
4,04-02-22,s,2,28,04-02-22 13:05,38603.05,04-02-22 15:25,38735.55,EndTime,-132.5,-0.34323713,-209.83594,-0.54357344,1.956338724347268,39645.64430163205,38637.34393366204,39141.494117647046,2.576039547543511,45.43420877674693
4,14-02-22,s,1,66,14-02-22 09:55,37416.85,14-02-22 15:25,36847.45,EndTime,569.40234,1.5217805,495.13672,1.3232987,1.9682499293136448,39891.32907326267,37515.59680909027,38703.46294117647,6.138293795010444,61.26371605385018
4,22-02-22,s,1,56,22-02-22 09:20,37051.4,22-02-22 14:00,37450.3,Trade SL,-398.90234,-1.0766189,-473.40234,-1.2776909,2.213949523013723,38234.12497276896,37070.130909584026,37652.12794117649,3.0914429723691224,4.595054232769016
4,24-02-22,s,1,65,24-02-22 10:00,36134.15,24-02-22 15:25,35095.25,EndTime,1038.8984,2.8751154,967.6719,2.6779983,2.165054064670645,38448.727973946836,36284.2879084061,37366.50794117647,5.792460106114456,54.6318518112372
4,07-03-22,s,1,66,07-03-22 09:55,32906.6,07-03-22 15:25,32914.55,EndTime,-7.9492188,-0.024156911,-73.76953,-0.22417852,2.86446360039185,36458.36847798253,33046.352110252774,34752.36029411765,9.818085272059312,52.051071733301946
4,12-04-22,s,1,55,12-04-22 09:30,37281.9,12-04-22 14:05,37719.9,Trade SL,-438.0,-1.1748328,-513.0,-1.3760029,2.1076137814919598,38076.359953046776,37298.51181165913,37687.435882352955,2.063945511750426,5.034441685034798
4,18-04-22,s,1,72,18-04-22 09:25,36890.05,18-04-22 15:25,36791.6,EndTime,98.44922,0.266872,24.765625,0.06713361,2.0514023578132945,38162.02372685001,37038.76921432648,37600.396470588246,2.9873475227905244,12.990648001625063
4,18-04-22,s,2,62,18-04-22 10:15,36660.1,18-04-22 15:25,36791.6,EndTime,-131.5,-0.3587006,-204.95312,-0.55906314,2.0514023578132945,38311.51606542172,36777.1727581077,37544.34441176471,4.086749499435192,62.357514430144
4,04-05-22,s,1,9,04-05-22 14:40,35319.4,04-05-22 15:25,35317.55,EndTime,1.8476562,0.005231279,-68.78906,-0.19476283,2.0118699598025027,36736.832649956006,35372.63499710281,36054.73382352941,3.7836852700959813,-9.534397425906013
4,06-05-22,s,1,71,06-05-22 09:30,34668.55,06-05-22 15:25,34681.5,EndTime,-12.949219,-0.037351485,-82.296875,-0.23738192,2.1653678519664368,36789.78207224032,34724.54263364201,35757.162352941166,5.775736391532848,29.66383697725716
4,12-05-22,s,1,70,12-05-22 09:35,33878.25,12-05-22 15:25,33559.55,EndTime,318.69922,0.94071925,251.26172,0.7416609,2.147294146568523,34952.311168431734,33969.58589039182,34460.94852941178,2.851706990018503,12.284094692815412
4,06-06-22,s,1,70,06-06-22 09:35,35115.1,06-06-22 15:25,35314.05,EndTime,-198.94922,-0.5665631,-269.375,-0.7671201,1.9434631037939427,35978.66727376811,35123.80919682013,35551.23823529412,2.404580316697095,30.62760628566344
4,13-06-22,s,1,61,13-06-22 10:20,33284.25,13-06-22 15:25,33441.7,EndTime,-157.44922,-0.47304422,-224.17578,-0.67351913,1.8633084349689224,35813.36692300143,33376.51131229271,34594.93911764707,7.043965599770827,128.75619098789664
4,16-06-22,s,1,40,16-06-22 12:05,33046.35,16-06-22 15:25,32573.8,EndTime,472.55078,1.4299636,406.9297,1.2313907,1.9420233003023184,33760.39032425063,33057.281440455256,33408.83588235294,2.1045596628129295,7.042167066989874
4,16-06-22,s,2,28,16-06-22 13:05,32953.35,16-06-22 15:25,32573.8,EndTime,379.55078,1.151782,314.02344,0.95293325,1.9420233003023184,33795.04371352997,32963.362168822976,33379.202941176474,2.4916159507243267,24.866861036851247
4,16-06-22,s,3,14,16-06-22 14:15,32707.75,16-06-22 15:25,32573.8,EndTime,133.94922,0.4095336,68.66797,0.20994402,1.9420233003023184,33929.839508941004,32714.43343223547,33322.13647058824,3.647443427819557,46.13839689489861
4,17-06-22,s,1,4,17-06-22 09:20,32363.4,17-06-22 09:40,32730.25,Trade SL,-366.8496,-1.1335324,-431.94336,-1.3346661,2.11007086229118,34119.70303986329,32382.372842489684,33251.03794117649,5.2248901235717,35.96780840669734
4,29-06-22,s,1,73,29-06-22 09:20,33227.9,29-06-22 15:25,33239.25,EndTime,-11.3515625,-0.034162745,-77.81641,-0.23418997,1.8840873677149022,34201.83704070798,33259.99825340969,33730.917647058835,2.7922121691237454,5.448393496354242
4,13-07-22,s,1,24,13-07-22 13:25,34818.7,13-07-22 15:25,34818.9,EndTime,-0.19921875,-5.7216024E-4,-69.83984,-0.20058143,1.6155595167093921,35680.036411295885,34821.864176939394,35250.95029411764,2.4344655312730525,27.961457542811647
4,23-09-22,s,1,70,23-09-22 09:35,39974.85,23-09-22 15:25,39555.35,EndTime,419.5,1.0494099,339.96875,0.8504566,1.6527475177090867,42015.60505392049,39977.554946079516,40996.58,4.971268598114702,2.3368004016992803
4,27-01-23,s,1,72,27-01-23 09:25,40800.9,27-01-23 15:25,40365.3,EndTime,435.59766,1.0676178,354.4297,0.8686811,1.528350466557166,43918.23042342636,40818.66781186775,42368.449117647055,7.315732994974305,13.65597446483732
4,16-03-23,s,1,19,16-03-23 09:30,38812.1,16-03-23 11:05,39235.65,Trade SL,-423.54688,-1.0912752,-501.59375,-1.2923644,1.7238517043656372,40015.95274212538,38836.26431669821,39426.108529411795,2.9921503019937323,4.644288323462132
4,23-03-23,s,1,4,23-03-23 15:05,39626.45,23-03-23 15:25,39580.15,EndTime,46.30078,0.11684313,-32.90625,-0.083041124,1.6214384050175452,40265.57990222483,39641.82009777519,39953.70000000001,1.5612066077725983,-20.433578162238447
4,24-03-23,s,1,73,24-03-23 09:20,39514.7,24-03-23 15:25,39351.8,EndTime,162.89844,0.41224772,84.03125,0.2126582,1.637176388728803,40304.36365797664,39591.47634202337,39947.920000000006,1.78454176325893,9.620957145189612
2,20-09-19,l,1,1,20-09-19 13:15,29266.3,20-09-19 14:15,29023.55,Trade SL,-242.75,-0.8294523,-359.33008,-1.2277946,1.8798648002990443,29258.97504887524,25974.79695112475,27616.885999999995,11.891920391569455,78.54906514323582
2,18-05-21,l,1,4,18-05-21 10:15,34069.5,18-05-21 14:15,33902.55,Trade SL,-166.94922,-0.49002543,-302.89453,-0.88904893,2.4094573030983786,34039.560626782644,31698.461373217342,32869.01099999999,7.1225120024612325,41.392931530962976
