01-01-16,16933,17067,16824,17039
04-01-16,16966,16966,16575,16599
05-01-16,16652,16670,16475,16543
06-01-16,16505,16615,16378,16433
07-01-16,16257,16257,16050,16074
08-01-16,16135,16229,16104,16143
11-01-16,15979,16157,15841,16016
12-01-16,16080,16080,15699,15735
13-01-16,15835,15956,15532,15872
14-01-16,15612,15803,15453,15610
15-01-16,15622,15651,15154,15206
18-01-16,15165,15270,14957,15021
19-01-16,15087,15338,15087,15270
20-01-16,15060,15533,14755,14936
21-01-16,15132,15365,14918,15101
22-01-16,15343,15576,15275,15498
25-01-16,15667,15683,15495,15561
26-01-16,15667,15683,15495,15561
27-01-16,15648,15674,15442,15535
28-01-16,15570,15572,15350,15381
29-01-16,15140,15555,15137,15522
01-02-16,15548,15566,15281,15314
02-02-16,15354,15463,15019,15068
03-02-16,14897,14948,14778,14834
04-02-16,14969,14978,14761,14869
05-02-16,14928,15212,14891,15162
08-02-16,15206,15368,14960,15047
09-02-16,14830,14965,14761,14875
10-02-16,14740,14779,14490,14588
11-02-16,14519,14531,13970,14029
12-02-16,14089,14155,13811,13972
15-02-16,14121,14548,14121,14445
16-02-16,14602,14602,14137,14166
17-02-16,14165,14186,13892,14120
18-02-16,14302,14386,14181,14298
19-02-16,14243,14396,14207,14344
22-02-16,14331,14467,14323,14385
23-02-16,14373,14373,13962,14008
24-02-16,13874,13975,13760,13794
25-02-16,13844,13844,13520,13556
26-02-16,13715,13889,13595,13791
29-02-16,13819,14222,13407,13946
01-03-16,14065,14446,14065,14413
02-03-16,14770,15139,14767,15092
03-03-16,15150,15206,15000,15178
04-03-16,15244,15452,15006,15339
07-03-16,15244,15452,15006,15339
08-03-16,15323,15327,15067,15147
09-03-16,15022,15331,14989,15279
10-03-16,15347,15354,15099,15181
11-03-16,15134,15344,15025,15168
14-03-16,15309,15416,15220,15278
15-03-16,15310,15387,15268,15327
16-03-16,15304,15490,15178,15462
17-03-16,15622,15705,15313,15444
18-03-16,15486,15679,15456,15655
21-03-16,15736,15946,15736,15926
22-03-16,15930,15968,15779,15936
23-03-16,15884,15920,15800,15888
24-03-16,15884,15920,15800,15888
25-03-16,15884,15920,15800,15888
28-03-16,15868,15891,15522,15605
29-03-16,15583,15774,15581,15666
30-03-16,15830,16168,15762,16135
31-03-16,16134,16283,16062,16142
01-04-16,16100,16236,16021,16175
04-04-16,16237,16279,16047,16191
05-04-16,16127,16147,15660,15695
06-04-16,15750,15769,15579,15637
07-04-16,15669,15727,15458,15531
08-04-16,15519,15643,15483,15568
11-04-16,15623,15854,15440,15819
12-04-16,15809,15959,15794,15880
13-04-16,16088,16350,16081,16279
14-04-16,16088,16350,16081,16279
15-04-16,16088,16350,16081,16279
18-04-16,16329,16331,16012,16223
19-04-16,16329,16331,16012,16223
20-04-16,16300,16386,16161,16350
21-04-16,16527,16770,16527,16637
22-04-16,16641,16756,16549,16703
25-04-16,16747,16768,16605,16679
26-04-16,16648,17030,16572,17003
27-04-16,16869,16995,16827,16873
28-04-16,16886,17023,16693,16717
29-04-16,16713,16841,16528,16795
02-05-16,16614,16674,16520,16543
03-05-16,16571,16719,16358,16389
04-05-16,16320,16466,16251,16274
05-05-16,16292,16398,16194,16281
06-05-16,16264,16346,16186,16297
09-05-16,16357,16713,16357,16686
10-05-16,16710,16812,16614,16785
11-05-16,16544,16862,16519,16754
12-05-16,16881,16962,16780,16924
13-05-16,16892,16892,16595,16717
16-05-16,16744,16780,16432,16738
17-05-16,16818,16903,16739,16763
18-05-16,16672,16759,16557,16729
19-05-16,16725,16726,16536,16565
20-05-16,16601,16623,16455,16481
23-05-16,16560,16604,16368,16408
24-05-16,16422,16501,16369,16457
25-05-16,16601,17026,16599,16997
26-05-16,17038,17424,16971,17359
27-05-16,17348,17543,17328,17512
30-05-16,17581,17666,17485,17521
31-05-16,17615,17648,17462,17621
01-06-16,17671,17671,17393,17423
02-06-16,17405,17596,17350,17568
03-06-16,17657,17762,17649,17681
06-06-16,17710,17754,17637,17671
07-06-16,17797,18001,17713,17948
08-06-16,17976,17996,17855,17947
09-06-16,17956,17986,17802,17888
10-06-16,17830,18052,17815,17829
13-06-16,17621,17667,17528,17594
14-06-16,17699,17720,17576,17672
15-06-16,17746,17944,17660,17918
16-06-16,17828,17828,17546,17671
17-06-16,17772,17843,17591,17696
20-06-16,17426,17779,17426,17719
21-06-16,17762,17763,17586,17619
22-06-16,17610,17755,17518,17626
23-06-16,17631,17908,17611,17892
24-06-16,17214,17459,16946,17426
27-06-16,17346,17611,17346,17515
28-06-16,17497,17627,17482,17562
29-06-16,17644,17729,17581,17690
30-06-16,17825,17975,17796,17935
01-07-16,18020,18075,17955,17986
04-07-16,18092,18146,18055,18098
05-07-16,18122,18124,17990,18004
06-07-16,18122,18124,17990,18004
07-07-16,18036,18147,17997,18085
08-07-16,18078,18079,17911,18016
11-07-16,18268,18409,18243,18391
12-07-16,18528,18684,18464,18668
13-07-16,18705,18712,18546,18619
14-07-16,18634,18881,18580,18864
15-07-16,18888,19016,18772,18954
18-07-16,18998,19158,18885,18923
19-07-16,18970,19030,18834,18905
20-07-16,18897,19016,18886,18968
21-07-16,18967,19000,18645,18674
22-07-16,18698,18735,18551,18690
25-07-16,18595,19035,18572,18990
26-07-16,18979,19044,18814,18861
27-07-16,18908,19125,18882,19022
28-07-16,19050,19127,18999,19077
29-07-16,19047,19070,18913,18953
01-08-16,18897,19079,18634,18741
02-08-16,18784,18867,18672,18708
03-08-16,18681,18775,18543,18602
04-08-16,18725,18725,18444,18572
05-08-16,18725,18943,18708,18926
08-08-16,18987,19029,18896,18939
09-08-16,18969,19008,18839,18933
10-08-16,18967,18985,18611,18648
11-08-16,18621,18699,18537,18640
12-08-16,18698,18987,18696,18964
15-08-16,18698,18987,18696,18964
16-08-16,19029,19062,18839,19002
17-08-16,19045,19138,18966,19041
18-08-16,19087,19367,19083,19353
19-08-16,19419,19457,19327,19415
22-08-16,19433,19493,19253,19330
23-08-16,19312,19373,19247,19342
24-08-16,19359,19392,19284,19356
25-08-16,19384,19433,19283,19304
26-08-16,19336,19358,19134,19196
29-08-16,19174,19248,19097,19217
30-08-16,19307,19546,19307,19532
31-08-16,19596,19823,19596,19788
01-09-16,19806,19928,19738,19789
02-09-16,19830,19911,19788,19883
05-09-16,19830,19911,19788,19883
06-09-16,19991,20459,19991,20426
07-09-16,20506,20576,20377,20407
08-09-16,20439,20477,20335,20417
09-09-16,20275,20350,20139,20245
12-09-16,19861,19861,19736,19791
13-09-16,19861,19861,19736,19791
14-09-16,19757,19953,19732,19909
15-09-16,19928,19955,19730,19838
16-09-16,19936,20227,19784,19855
19-09-16,19892,20014,19850,19907
20-09-16,19957,19964,19798,19852
21-09-16,19903,19938,19750,19828
22-09-16,20153,20265,19997,20110
23-09-16,20137,20138,19861,19902
26-09-16,19792,19794,19568,19592
27-09-16,19653,19696,19479,19519
28-09-16,19542,19700,19510,19654
29-09-16,19762,19793,19059,19184
30-09-16,19116,19331,19085,19286
03-10-16,19396,19611,19364,19589
04-10-16,19642,19747,19527,19673
05-10-16,19801,19817,19493,19537
06-10-16,19519,19571,19326,19395
07-10-16,19398,19456,19318,19400
10-10-16,19490,19501,19351,19379
11-10-16,19490,19501,19351,19379
12-10-16,19490,19501,19351,19379
13-10-16,19296,19296,18824,18954
14-10-16,19017,19054,18926,19020
17-10-16,19136,19242,19002,19070
18-10-16,19175,19512,19163,19495
19-10-16,19570,19576,19323,19412
20-10-16,19494,19723,19479,19659
21-10-16,19636,19744,19516,19711
24-10-16,19764,19898,19752,19808
25-10-16,19908,19923,19712,19835
26-10-16,19582,19726,19435,19484
27-10-16,19452,19544,19252,19515
28-10-16,19508,19590,19362,19556
31-10-16,19508,19590,19362,19556
01-11-16,19579,19592,19417,19459
02-11-16,19224,19297,19159,19228
03-11-16,19202,19320,19119,19179
04-11-16,19224,19224,18961,19058
07-11-16,19318,19378,19233,19356
08-11-16,19491,19549,19322,19501
09-11-16,18271,19588,18144,19518
10-11-16,19828,20283,19787,20200
11-11-16,20034,20310,19704,19739
14-11-16,20034,20310,19704,19739
15-11-16,19808,19862,19240,19290
16-11-16,19591,19612,19088,19108
17-11-16,19116,19329,19010,19088
18-11-16,19180,19216,18897,18959
21-11-16,19064,19076,18351,18446
22-11-16,18627,18651,18323,18549
23-11-16,18661,18669,18450,18541
24-11-16,18476,18476,18216,18256
25-11-16,18378,18546,18267,18507
28-11-16,18237,18472,18187,18301
29-11-16,18309,18427,18189,18224
30-11-16,18306,18668,18263,18628
01-12-16,18677,18713,18390,18428
02-12-16,18329,18491,18164,18248
05-12-16,18245,18434,18190,18409
06-12-16,18460,18500,18366,18421
07-12-16,18516,18589,17953,18234
08-12-16,18343,18559,18337,18515
09-12-16,18568,18740,18432,18696
12-12-16,18616,18616,18364,18393
13-12-16,18354,18493,18291,18466
14-12-16,18480,18485,18323,18342
15-12-16,18144,18532,18122,18401
16-12-16,18418,18428,18268,18313
19-12-16,18258,18317,18216,18257
20-12-16,18264,18275,18010,18069
21-12-16,18125,18167,18044,18085
22-12-16,18027,18030,17840,17891
23-12-16,17849,17962,17820,17884
26-12-16,17826,17861,17607,17656
27-12-16,17678,17907,17616,17880
28-12-16,17929,18060,17829,17877
29-12-16,17861,18053,17829,18033
30-12-16,18026,18246,18017,18177
02-01-17,18242,18249,17845,17970
03-01-17,18003,18115,17831,18036
04-01-17,18037,18093,17869,17891
05-01-17,18001,18164,17978,18116
06-01-17,18168,18326,18157,18264
09-01-17,18314,18373,18256,18287
10-01-17,18351,18441,18276,18410
11-01-17,18535,18889,18515,18830
12-01-17,18885,18966,18806,18874
13-01-17,18950,18952,18781,18912
16-01-17,18900,19135,18865,19096
17-01-17,19128,19202,18982,19067
18-01-17,19075,19277,19072,19165
19-01-17,19165,19185,19046,19124
20-01-17,18997,19072,18793,18821
23-01-17,18762,18910,18723,18843
24-01-17,18931,19054,18907,19024
25-01-17,19120,19518,19114,19473
26-01-17,19120,19518,19114,19473
27-01-17,19588,19795,19535,19708
30-01-17,19719,19767,19561,19585
31-01-17,19533,19624,19435,19515
01-02-17,19522,20048,19471,20021
02-02-17,20054,20147,19915,20070
03-02-17,20062,20230,20010,20197
06-02-17,20307,20462,20298,20372
07-02-17,20367,20427,20282,20327
08-02-17,20335,20363,20070,20245
09-02-17,20313,20407,20000,20151
10-02-17,20226,20310,20167,20214
13-02-17,20274,20309,20117,20252
14-02-17,20305,20314,20159,20258
15-02-17,20282,20368,20116,20164
16-02-17,20243,20296,20088,20244
17-02-17,20918,21042,20450,20551
20-02-17,20495,20703,20472,20677
21-02-17,20696,20903,20619,20861
22-02-17,20938,20958,20830,20868
23-02-17,20888,21012,20828,20877
24-02-17,20888,21012,20828,20877
27-02-17,20853,20853,20585,20613
28-02-17,20633,20681,20561,20607
01-03-17,20699,20834,20679,20784
02-03-17,20885,20905,20517,20560
03-03-17,20573,20580,20423,20496
06-03-17,20549,20728,20532,20664
07-03-17,20686,20701,20586,20628
08-03-17,20630,20715,20534,20677
09-03-17,20621,20780,20604,20721
10-03-17,20826,20877,20649,20728
13-03-17,20826,20877,20649,20728
14-03-17,21190,21274,21060,21103
15-03-17,21089,21217,21064,21158
16-03-17,21238,21290,21194,21250
17-03-17,21308,21336,21128,21175
20-03-17,21203,21203,21085,21110
21-03-17,21111,21147,20967,21019
22-03-17,20815,20899,20754,20781
23-03-17,20849,20935,20775,20896
24-03-17,20988,21174,20929,21123
27-03-17,21178,21179,20980,21057
28-03-17,21229,21265,21145,21225
29-03-17,21291,21419,21256,21391
30-03-17,21374,21696,21332,21621
31-03-17,21552,21574,21414,21444
03-04-17,21539,21565,21409,21548
04-04-17,21539,21565,21409,21548
05-04-17,21602,21699,21500,21653
06-04-17,21573,21674,21489,21623
07-04-17,21537,21617,21397,21431
10-04-17,21492,21552,21396,21520
11-04-17,21521,21753,21484,21736
12-04-17,21736,21787,21552,21667
13-04-17,21651,21759,21627,21687
14-04-17,21651,21759,21627,21687
17-04-17,21701,21743,21577,21648
18-04-17,21706,21947,21634,21672
19-04-17,21674,21706,21470,21556
20-04-17,21419,21559,21396,21491
21-04-17,21568,21615,21386,21551
24-04-17,21592,21885,21579,21857
25-04-17,21961,22093,21900,22055
26-04-17,22159,22276,21815,22243
27-04-17,22274,22381,22170,22326
28-04-17,22297,22383,22183,22358
01-05-17,22297,22383,22183,22358
02-05-17,22413,22492,22266,22341
03-05-17,22446,22449,22240,22307
04-05-17,22618,22744,22450,22720
05-05-17,22845,22854,22514,22605
08-05-17,22678,22835,22633,22767
09-05-17,22821,22835,22664,22707
10-05-17,22768,22859,22742,22830
11-05-17,22916,22978,22765,22818
12-05-17,22840,22859,22578,22672
15-05-17,22736,22892,22730,22822
16-05-17,22858,22944,22728,22929
17-05-17,22972,22978,22830,22936
18-05-17,22750,22835,22660,22699
19-05-17,22762,22902,22628,22770
22-05-17,22875,22918,22638,22653
23-05-17,22675,22740,22492,22583
24-05-17,22625,22673,22470,22536
25-05-17,22574,23268,22570,23191
26-05-17,23151,23408,23092,23362
29-05-17,23311,23464,23141,23183
30-05-17,23142,23337,23094,23307
31-05-17,23321,23469,23249,23425
01-06-17,23394,23396,23224,23310
02-06-17,23435,23453,23308,23376
05-06-17,23397,23495,23350,23460
06-06-17,23523,23536,23382,23416
07-06-17,23483,23606,23428,23568
08-06-17,23630,23659,23514,23536
09-06-17,23484,23709,23477,23691
12-06-17,23610,23630,23442,23470
13-06-17,23447,23615,23447,23478
14-06-17,23555,23563,23399,23499
15-06-17,23445,23473,23312,23392
16-06-17,23449,23528,23391,23503
19-06-17,23571,23807,23536,23742
20-06-17,23721,23760,23651,23698
21-06-17,23638,23761,23610,23709
22-06-17,23717,23898,23694,23736
23-06-17,23772,23787,23508,23543
26-06-17,23772,23787,23508,23543
27-06-17,23637,23640,23056,23216
28-06-17,23210,23323,23114,23236
29-06-17,23312,23476,23124,23227
30-06-17,23137,23254,22996,23211
03-07-17,23240,23330,23144,23273
04-07-17,23326,23363,23164,23214
05-07-17,23242,23380,23206,23353
06-07-17,23400,23540,23370,23467
07-07-17,23464,23493,23401,23449
10-07-17,23583,23965,23290,23675
11-07-17,23745,23745,23553,23585
12-07-17,23624,23737,23524,23695
13-07-17,23817,23938,23811,23889
14-07-17,23950,23964,23756,23938
17-07-17,24011,24066,23914,24015
18-07-17,23958,24147,23942,24022
19-07-17,24069,24181,24054,24153
20-07-17,24171,24300,24171,24213
21-07-17,24231,24289,24067,24257
24-07-17,24308,24461,24235,24421
25-07-17,24623,24625,24450,24521
26-07-17,24578,24721,24485,24671
27-07-17,24858,25032,24799,24922
28-07-17,24745,24860,24651,24811
31-07-17,24881,25168,24829,25104
01-08-17,25153,25180,25001,25123
02-08-17,25190,25199,24926,25055
03-08-17,25003,25005,24620,24675
04-08-17,24630,24880,24592,24827
07-08-17,24854,24979,24844,24906
08-08-17,24942,24966,24534,24600
09-08-17,24519,24532,24328,24375
10-08-17,24300,24327,23822,24217
11-08-17,23958,24191,23868,23986
14-08-17,24051,24212,24038,24116
15-08-17,24051,24212,24038,24116
16-08-17,24189,24461,23947,24438
17-08-17,24495,24496,24122,24237
18-08-17,24125,24130,23926,24074
21-08-17,24141,24259,23882,23937
22-08-17,24081,24127,23853,23974
23-08-17,24085,24350,24074,24317
24-08-17,24375,24411,24225,24274
25-08-17,24375,24411,24225,24274
28-08-17,24351,24422,24301,24377
29-08-17,24302,24321,24103,24129
30-08-17,24253,24384,24241,24309
31-08-17,24354,24354,24208,24318
01-09-17,24389,24494,24319,24434
04-09-17,24456,24459,24156,24237
05-09-17,24273,24388,24256,24328
06-09-17,24192,24331,24151,24279
07-09-17,24325,24413,24247,24305
08-09-17,24410,24419,24273,24371
11-09-17,24469,24735,24458,24672
12-09-17,24779,24821,24654,24785
13-09-17,24818,24949,24738,24832
14-09-17,24857,24994,24816,24912
15-09-17,24840,24917,24792,24844
18-09-17,24948,25105,24942,25047
19-09-17,25060,25103,24993,25042
20-09-17,24985,25053,24938,24965
21-09-17,24934,24993,24706,24799
22-09-17,24705,24710,24340,24369
25-09-17,24362,24364,24015,24165
26-09-17,24106,24237,24017,24199
27-09-17,24309,24332,23767,23813
28-09-17,23804,24074,23611,24008
29-09-17,24114,24227,24005,24053
02-10-17,24114,24227,24005,24053
03-10-17,24201,24227,24007,24103
04-10-17,24124,24230,24059,24113
05-10-17,24115,24188,24033,24058
06-10-17,24084,24242,24074,24190
09-10-17,24210,24311,24156,24252
10-10-17,24305,24380,24274,24347
11-10-17,24411,24460,24054,24107
12-10-17,24151,24393,23978,24361
13-10-17,24411,24780,24388,24689
16-10-17,24815,24879,24517,24703
17-10-17,24697,24809,24572,24646
18-10-17,24355,24455,24270,24314
19-10-17,24238,24255,23924,24010
20-10-17,24238,24255,23924,24010
23-10-17,24085,24151,23913,24089
24-10-17,24142,24293,24033,24222
25-10-17,24981,25158,24561,25036
26-10-17,24954,25186,24865,25022
27-10-17,24888,24996,24799,24840
30-10-17,24874,25065,24809,24989
31-10-17,25042,25079,24948,25019
01-11-17,25197,25549,25172,25490
02-11-17,25508,25599,25406,25427
03-11-17,25531,25696,25395,25651
06-11-17,25569,25695,25530,25571
07-11-17,25669,25696,25249,25301
08-11-17,25376,25436,25120,25184
09-11-17,25281,25385,25166,25291
10-11-17,25251,25599,25237,25499
13-11-17,25570,25612,25337,25358
14-11-17,25353,25405,25223,25285
15-11-17,25242,25318,25166,25219
16-11-17,25293,25496,25274,25447
17-11-17,25876,25925,25680,25728
20-11-17,25734,25803,25682,25769
21-11-17,25829,25871,25727,25758
22-11-17,25806,25832,25666,25767
23-11-17,25826,25839,25621,25736
24-11-17,25777,25849,25749,25780
27-11-17,25693,25932,25674,25892
28-11-17,25830,25954,25796,25846
29-11-17,25830,25878,25747,25796
30-11-17,25694,25701,25247,25332
01-12-17,25410,25441,25153,25192
04-12-17,25295,25297,24993,25075
05-12-17,25031,25218,24921,25125
06-12-17,25066,25077,24814,24852
07-12-17,24935,25097,24875,25057
08-12-17,25146,25368,25146,25321
11-12-17,25435,25449,25319,25405
12-12-17,25413,25416,25109,25125
13-12-17,25118,25271,24939,25000
14-12-17,25062,25206,24889,25168
15-12-17,25487,25559,25411,25440
18-12-17,25182,25760,24617,25595
19-12-17,25641,25758,25620,25716
20-12-17,25779,25780,25566,25592
21-12-17,25608,25630,25509,25554
22-12-17,25616,25695,25561,25649
25-12-17,25616,25695,25561,25649
26-12-17,25660,25713,25546,25675
27-12-17,25653,25733,25430,25496
28-12-17,25464,25562,25417,25490
29-12-17,25485,25566,25450,25539
01-01-18,25566,25588,25272,25318
02-01-18,25382,25426,25233,25338
03-01-18,25426,25455,25301,25319
04-01-18,25368,25490,25310,25463
05-01-18,25524,25643,25500,25602
08-01-18,25690,25772,25644,25676
09-01-18,25728,25804,25617,25704
10-01-18,25710,25718,25528,25617
11-01-18,25628,25695,25532,25661
12-01-18,25732,25775,25558,25749
15-01-18,25858,26092,25843,26069
16-01-18,26129,26136,25932,25975
17-01-18,25946,26336,25922,26289
18-01-18,26762,26888,26424,26537
19-01-18,26616,26958,26434,26910
22-01-18,26941,27075,26841,27041
23-01-18,27090,27422,27066,27391
24-01-18,27310,27479,27219,27399
25-01-18,27414,27523,27152,27446
26-01-18,27414,27523,27152,27446
29-01-18,27446,27652,27407,27498
30-01-18,27467,27470,27242,27269
31-01-18,27136,27456,27117,27379
01-02-18,27335,27614,27046,27221
02-02-18,27017,27018,26364,26451
05-02-18,25968,26215,25918,26099
06-02-18,25140,26141,25024,25811
07-02-18,26065,26078,25558,25670
08-02-18,25760,26126,25637,25921
09-02-18,25466,25598,25371,25464
12-02-18,25530,25758,25485,25702
13-02-18,25530,25758,25485,25702
14-02-18,25810,25810,25212,25341
15-02-18,25361,25615,25295,25424
16-02-18,25512,25601,25101,25164
19-02-18,25325,25326,24825,25059
20-02-18,25106,25158,24829,24874
21-02-18,24997,25000,24796,24937
22-02-18,24813,24987,24782,24955
23-02-18,25002,25345,24963,25303
26-02-18,25452,25722,25381,25688
27-02-18,25685,25724,25356,25384
28-02-18,25116,25193,24942,25107
01-03-18,25022,25226,24854,24903
02-03-18,25022,25226,24854,24903
05-03-18,24831,24873,24682,24819
06-03-18,24964,25040,24362,24448
07-03-18,24334,24373,24097,24134
08-03-18,24274,24535,24049,24478
09-03-18,24557,24565,24260,24296
12-03-18,24444,24716,24359,24664
13-03-18,24625,25010,24598,24739
14-03-18,24630,24894,24487,24852
15-03-18,24854,24940,24732,24792
16-03-18,24754,24785,24439,24490
19-03-18,24530,24588,24187,24245
20-03-18,24134,24356,24083,24168
21-03-18,24331,24460,24209,24256
22-03-18,24253,24314,24095,24142
23-03-18,23786,23796,23606,23670
26-03-18,23675,24291,23657,24244
27-03-18,24396,24497,24266,24434
28-03-18,24300,24361,24203,24263
29-03-18,24300,24361,24203,24263
30-03-18,24300,24361,24203,24263
02-04-18,24236,24373,24063,24329
03-04-18,24286,24538,24254,24511
04-04-18,24503,24666,24088,24130
05-04-18,24394,24825,24381,24760
06-04-18,24776,24934,24626,24873
09-04-18,24849,25153,24828,25094
10-04-18,25154,25280,25120,25227
11-04-18,25198,25207,24950,25098
12-04-18,25077,25245,24969,25195
13-04-18,25240,25411,25077,25201
16-04-18,25082,25349,25067,25321
17-04-18,25384,25403,25224,25334
18-04-18,25427,25427,25059,25102
19-04-18,25206,25207,25050,25126
20-04-18,25127,25127,24839,24944
23-04-18,25066,25084,24466,24961
24-04-18,24972,25123,24955,25042
25-04-18,24993,24993,24735,24814
26-04-18,24833,25064,24753,25011
27-04-18,25030,25442,25030,25395
30-04-18,25490,25618,25465,25532
01-05-18,25490,25618,25465,25532
02-05-18,25607,25717,25499,25568
03-05-18,25548,25653,25469,25605
04-05-18,25632,25680,25538,25645
07-05-18,25676,25914,25675,25852
08-05-18,26074,26116,25955,26091
09-05-18,25988,26207,25946,26154
10-05-18,26216,26266,26057,26131
11-05-18,26174,26437,26100,26413
14-05-18,26404,26565,26338,26475
15-05-18,26495,26972,26407,26474
16-05-18,26269,26428,26102,26182
17-05-18,26233,26284,26012,26074
18-05-18,26026,26032,25839,25876
21-05-18,26018,26067,25685,25751
22-05-18,25780,25946,25701,25778
23-05-18,25727,25904,25622,25685
24-05-18,25723,26073,25658,26017
25-05-18,26067,26326,26031,26274
28-05-18,26292,26714,26274,26614
29-05-18,26567,26571,26221,26255
30-05-18,26040,26405,25981,26328
31-05-18,26587,27165,26355,26956
01-06-18,26913,26997,26659,26693
04-06-18,27024,27048,26206,26258
05-06-18,26263,26342,26070,26251
06-06-18,26267,26425,26148,26368
07-06-18,26578,26767,26484,26518
08-06-18,26457,26481,26284,26451
11-06-18,26473,26653,26422,26454
12-06-18,26567,26656,26450,26607
13-06-18,26722,26765,26598,26643
14-06-18,26612,26623,26503,26562
15-06-18,26514,26586,26345,26417
18-06-18,26444,26478,26322,26409
19-06-18,26448,26448,26225,26266
20-06-18,26320,26575,26310,26558
21-06-18,26645,26683,26455,26497
22-06-18,26518,26807,26364,26767
25-06-18,26718,26805,26573,26610
26-06-18,26496,26713,26480,26602
27-06-18,26616,26634,26337,26423
28-06-18,26398,26488,26161,26325
29-06-18,26313,26465,26291,26364
02-07-18,26364.45,26371.6,26060.6,26230.3
03-07-18,26210.1,26316.1,26142,26204.1
04-07-18,26249.25,26480.5,26132.9,26433.95
05-07-18,26481.55,26598.45,26415.2,26503.3
06-07-18,26427.55,26609.85,26410,26493.85
09-07-18,26642.35,26781.2,26611.55,26753.3
10-07-18,26844.55,26939.55,26778.5,26894.55
11-07-18,26900.65,26938.85,26774.6,26816.2
12-07-18,26937.5,27164.8,26936.05,27026.55
13-07-18,27046.85,27102.35,26902.3,26935.95
16-07-18,26914.5,26939.05,26643.95,26679.8
17-07-18,26662.85,27041.35,26653.65,27008.1
18-07-18,27107.35,27187.15,26834.45,26880.9
19-07-18,26960.2,27025.45,26730.1,26789.65
20-07-18,26764.4,26946.55,26718.6,26873.2
23-07-18,26701.3,27040.1,26671.35,27008.15
24-07-18,26984.15,27128,26868.15,26974.4
25-07-18,26992.55,27074,26939.35,27031.3
26-07-18,27054.7,27455.1,27045.05,27406.4
27-07-18,27497.8,27661.05,27455,27634.4
30-07-18,27767.65,27873.7,27607.95,27842.6
31-07-18,27797.2,27839.2,27651.3,27764.15
01-08-18,27684.8,27820.15,27477.9,27596.6
02-08-18,27469.5,27487.9,27327.95,27355.95
03-08-18,27471.95,27723,27448.15,27695.5
06-08-18,27769.55,27994,27766.05,27898.5
07-08-18,27972.95,27988.2,27827.3,27875.9
08-08-18,27930.55,28128.65,27858.75,28062.45
09-08-18,28173.65,28363.4,28132,28320
10-08-18,28348.95,28377.9,28087.65,28124.25
13-08-18,27760.8,27911.85,27739.5,27794.4
14-08-18,27864.4,28053.05,27854.9,28021.7
15-08-18,27864.4,28053.05,27854.9,28021.7
16-08-18,27836.15,28013.1,27779.5,27826.55
17-08-18,27991.75,28178.15,27953.8,28128.55
20-08-18,28171.65,28322.3,28171.65,28274.25
21-08-18,28295.85,28305.95,28151.9,28257.9
22-08-18,28295.85,28305.95,28151.9,28257.9
23-08-18,28321.95,28325.45,27965.35,28027.9
24-08-18,27954.25,28122.75,27782.8,27834.7
27-08-18,27971.25,28317.75,27958.2,28264.2
28-08-18,28379.9,28388.65,28152.7,28269.65
29-08-18,28233.4,28344.1,28167.8,28224.1
30-08-18,28233.7,28233.7,27961.75,28103.25
31-08-18,27998,28157.35,27940.95,28061.75
03-09-18,28199.45,28203.2,27777.4,27819.5
04-09-18,27845.55,27875.15,27385.85,27430.75
05-09-18,27409.3,27506.3,27136.05,27376.05
06-09-18,27464.25,27552.8,27246.25,27468.7
07-09-18,27439.25,27512.5,27232.8,27481.45
10-09-18,27395.2,27404.85,27142.55,27201.75
11-09-18,27295.2,27318.45,26772.25,26807.5
12-09-18,26895.15,26895.15,26555.15,26819.2
13-09-18,26895.15,26895.15,26555.15,26819.2
14-09-18,27059.85,27205.75,26989.8,27163.85
17-09-18,27002.6,27002.6,26743.4,26820.3
18-09-18,26757,26901.05,26407.45,26441.45
19-09-18,26532,26611.6,26235.7,26277.35
20-09-18,26532,26611.6,26235.7,26277.35
21-09-18,26331.05,26490.4,25053.35,25596.9
24-09-18,25645.05,25649.7,24904.5,24970.35
25-09-18,24947.7,25406.95,24678.25,25330.35
26-09-18,25525.1,25525.1,25197.35,25376.3
27-09-18,25442.1,25452.5,25007.05,25042.15
28-09-18,25135.8,25354.7,24919.25,25119.85
01-10-18,24943.9,25412.15,24707.65,25367
02-10-18,24943.9,25412.15,24707.65,25367
03-10-18,25290.55,25470.05,25026.35,25069.9
04-10-18,24735.15,24893.4,24501.05,24819.3
05-10-18,24741.65,25080.2,24250.65,24443.45
08-10-18,24470.75,24745.35,24240.05,24618.35
09-10-18,24703.65,24759.9,24464.9,24527.65
10-10-18,24596.6,25371.15,24559.9,25321.7
11-10-18,24541.75,24940.1,24493.7,24783.95
12-10-18,25001.95,25484.2,24975.45,25395.85
15-10-18,25444,25466.2,25147.8,25388.05
16-10-18,25414.2,25707.05,25351.8,25589.65
17-10-18,25839.1,25915.35,25101.95,25188.6
18-10-18,25839.1,25915.35,25101.95,25188.6
19-10-18,24966.5,25277.9,24922.65,25085.8
22-10-18,25484.25,25504.75,25021.35,25078.6
23-10-18,24786.9,25124.6,24784.9,24972.45
24-10-18,25312.7,25356.9,24839.65,25064.2
25-10-18,24841.5,24977.35,24696.85,24817.45
26-10-18,24771.85,24771.95,24353.1,24421.05
29-10-18,24647.95,25023.75,24404.55,24959.7
30-10-18,24924.75,25121.5,24686.85,24807.75
31-10-18,24823.8,25201.3,24528.35,25153.25
01-11-18,25285.2,25401.6,25129.45,25323.65
02-11-18,25545.35,25856.25,25499.15,25701.65
05-11-18,25731.55,25788.2,25534.4,25732.2
06-11-18,25747.4,25860.75,25558.35,25598
07-11-18,25818.1,25824.4,25698.1,25737.5
08-11-18,25818.1,25824.4,25698.1,25737.5
09-11-18,25742.55,25822.75,25598.75,25771
12-11-18,25816.15,25907.2,25495.1,25539.75
13-11-18,25422,25796.5,25384.55,25768.6
14-11-18,25952.4,26045.05,25806.7,25930.15
15-11-18,25946.2,26197.6,25728,26154.75
16-11-18,26205.35,26332.75,26122.55,26245.55
19-11-18,26364.6,26379.1,26204.35,26300.7
20-11-18,26211.5,26259.4,26041.8,26113.35
21-11-18,26105.45,26342.05,26060.55,26262.05
22-11-18,26233.65,26323.95,25947.85,25999.45
23-11-18,26233.65,26323.95,25947.85,25999.45
26-11-18,26096,26396.6,26025.05,26365.6
27-11-18,26286.1,26491.25,26268.65,26443.1
28-11-18,26489.65,26584.95,26419.65,26457.95
29-11-18,26641.6,27003.75,26577.15,26939.6
30-11-18,27009.3,27012.7,26764.9,26862.95
03-12-18,27032.9,27037.1,26791.65,26857.55
04-12-18,26809.5,26843.8,26644.75,26693.8
05-12-18,26572.1,26627.35,26443.65,26519.6
06-12-18,26339.1,26359.9,26149.45,26198.3
07-12-18,26307.4,26659.7,26252.1,26594.3
10-12-18,26073.65,26336.2,26072,26102.65
11-12-18,25602.25,26227.9,25598.95,26163.4
12-12-18,26286.25,26672.7,26214.75,26643.85
13-12-18,26844.15,26951.45,26723.65,26816.35
14-12-18,26810.85,26909,26732.7,26826
17-12-18,26915.45,27051.4,26908.6,27015.8
18-12-18,26917.3,27210.05,26840.8,27174.7
19-12-18,27229.05,27364.35,27214.3,27298.4
20-12-18,27128.65,27309.1,27084.5,27275.1
21-12-18,27261.25,27369.1,26823.1,26869.65
24-12-18,26877.05,26934.85,26676.95,26714.75
25-12-18,26877.05,26934.85,26676.95,26714.75
26-12-18,26634,27029.15,26408.15,26986.8
27-12-18,27200.65,27239.95,26845.1,26878.55
28-12-18,27048.4,27213.45,27039.6,27125.25
31-12-18,27267.8,27286.5,27105,27160.2
01-01-19,27231.4,27430.55,27019.05,27392.4
02-01-19,27297,27397.55,27077.6,27174.7
03-01-19,27181.6,27206.2,26923.75,26959.85
04-01-19,26999.7,27274.5,26926.1,27195
07-01-19,27378.65,27477.8,27279.55,27304.55
08-01-19,27301.9,27542.4,27161.95,27509.5
09-01-19,27651.25,27754.45,27409.5,27720.4
10-01-19,27713.55,27713.55,27488.2,27528.55
11-01-19,27602.8,27612.45,27382.45,27453.9
14-01-19,27389.2,27389.8,27182.2,27248.25
15-01-19,27317.55,27447.55,27317.1,27400.75
16-01-19,27405.65,27554.75,27403.05,27483.7
17-01-19,27568.6,27611.55,27335.15,27528.75
18-01-19,27550.05,27576.45,27410.65,27456.7
21-01-19,27514.55,27622.2,27388.5,27533.6
22-01-19,27526.55,27533.35,27385.4,27482.25
23-01-19,27493.1,27564.7,27189.6,27250.75
24-01-19,27273.5,27342.35,27142.8,27266.4
25-01-19,27261.45,27433.55,27045.2,27115.3
28-01-19,27041.45,27134.2,26587.95,26653.05
29-01-19,26616.25,26743.85,26441.55,26573.4
30-01-19,26789.75,26916.25,26693.7,26825.5
31-01-19,26969.15,27325.05,26891.05,27295.45
01-02-19,27334.55,27533.05,26930.45,27085.95
04-02-19,26974,27243.8,26825.55,27186.6
05-02-19,27226.05,27348.25,27153.2,27271.7
06-02-19,27326.2,27428.65,27294.1,27402.35
07-02-19,27424.1,27589.75,27322.95,27387.15
08-02-19,27302.65,27482.1,27221.25,27294.4
11-02-19,27240.5,27305.9,27151.55,27227.8
12-02-19,27166.9,27286.65,26988.9,27010.75
13-02-19,27068.85,27108,26839.05,26885.4
14-02-19,26978,27030,26818.05,26970.6
15-02-19,27017.2,27029.95,26635.25,26794.25
18-02-19,26754.6,26829.95,26617.7,26654.25
19-02-19,26666.55,26996.45,26625.6,26684.85
20-02-19,26786,26985.5,26732.65,26955.5
21-02-19,26994.75,27100.9,26973,27052.4
22-02-19,26960.05,26997.35,26847.8,26867.55
25-02-19,26934.2,27197.1,26932.65,27159.25
26-02-19,26853.8,27127.25,26736.6,26952.95
27-02-19,27078.1,27189.45,26719.4,26799.3
28-02-19,26878,26920.5,26762.55,26789.9
01-03-19,26941,27076.55,26928.9,27043.9
04-03-19,26941,27076.55,26928.9,27043.9
05-03-19,27068.15,27580.75,26958.1,27554.05
06-03-19,27618.1,27681.65,27492.05,27625.65
07-03-19,27661,27815.5,27560,27764.6
08-03-19,27686.15,27811.35,27645.4,27761.8
11-03-19,27840.1,28035.6,27791.25,27966.65
12-03-19,28168.2,28488.1,28142.25,28443.7
13-03-19,28480.3,28927.7,28353.65,28884.3
14-03-19,29028.9,29070.35,28819.75,28923.1
15-03-19,29007,29520.7,28990.85,29381.45
18-03-19,29521.6,29812,29361.65,29596.1
19-03-19,29702.6,29799.75,29547.7,29767.85
20-03-19,29769.65,29885.2,29633.5,29832.2
21-03-19,29769.65,29885.2,29633.5,29832.2
22-03-19,29920.75,30008.1,29508.7,29582.5
25-03-19,29329.4,29329.4,29156.25,29281.2
26-03-19,29300.4,29950.15,29278.5,29882.15
27-03-19,30034.15,30262.55,29790.25,30019.8
28-03-19,30064.8,30496.05,29969.1,30420.55
29-03-19,30480.35,30499.15,30235.9,30426.8
01-04-19,30537.6,30648.1,30218.35,30326.5
02-04-19,30450.1,30452.9,30155.85,30354.25
03-04-19,30440.85,30602.55,30036.25,30093.3
04-04-19,30147.3,30245.7,29809.9,29904.9
05-04-19,30002.85,30174,29850,30084.65
08-04-19,30201.5,30232.05,29716.6,29845.3
09-04-19,29901.5,30165.05,29703.55,30113.85
10-04-19,29916.6,30155.75,29768.1,29803.5
11-04-19,29841.85,29852.25,29640.25,29786.1
12-04-19,29780.55,30000.95,29707,29938.55
15-04-19,29983.5,30163.1,29919.1,30104.25
16-04-19,30236.25,30590.95,30228.2,30531.35
17-04-19,30236.25,30590.95,30228.2,30531.35
18-04-19,30656.5,30669.8,30142.2,30223.4
19-04-19,30656.5,30669.8,30142.2,30223.4
22-04-19,30282.5,30289.9,29647.55,29687.95
23-04-19,29761.95,29906.5,29455.45,29479.7
24-04-19,29550.5,29914.85,29435.05,29860.8
25-04-19,29927.05,30057.7,29511.95,29561.35
26-04-19,29764.85,30048.2,29563.15,30013.5
29-04-19,29764.85,30048.2,29563.15,30013.5
30-04-19,29920.4,29920.4,29550.05,29764.8
01-05-19,29920.4,29920.4,29550.05,29764.8
02-05-19,29699.8,29919.35,29638.8,29708.6
03-05-19,29811.65,30121.75,29795.1,29954.15
06-05-19,29626.5,29757.4,29528.6,29618.45
07-05-19,29749.55,29835.5,29244.25,29288.2
08-05-19,29261.3,29261.3,28951.35,28994.4
09-05-19,28893.95,29040.3,28784.65,28884.6
10-05-19,28927.6,29202.85,28900.1,29040.5
13-05-19,29026.65,29049.05,28621.1,28659.95
14-05-19,28718.75,29058.3,28582.6,28829.2
15-05-19,28925.45,28983.15,28555.15,28616.45
16-05-19,28625.9,28947.6,28525.45,28855.3
17-05-19,28881.4,29559.45,28856,29450.15
20-05-19,30230.4,30827.85,30111.2,30759.7
21-05-19,30862.1,30926.7,30265.1,30308.4
22-05-19,30410.65,30675.1,30268.6,30526.8
23-05-19,30962.8,31705,30292.35,30409.1
24-05-19,30685.5,31275.4,30564.4,31212.55
27-05-19,31234.9,31700.75,31142.5,31647.65
28-05-19,31711.3,31712.4,31328.6,31597.9
29-05-19,31459.25,31546.75,31257.9,31295.55
30-05-19,31256.85,31619.25,31236.1,31537.1
31-05-19,31678.9,31783.6,30623.05,31375.4
03-06-19,31406.05,31674.6,31284.7,31653.65
04-06-19,31532.9,31752.7,31512.95,31589.05
05-06-19,31532.9,31752.7,31512.95,31589.05
06-06-19,31523.95,31541.5,30800.8,30857.4
07-06-19,30943.15,31139.6,30627.05,31066.55
10-06-19,31259.2,31367.4,30861.3,31034
11-06-19,31172.25,31399.35,30973.35,31265.45
12-06-19,31219.3,31222.3,30911.45,30965.7
13-06-19,30876.75,31036.9,30638.25,30976.1
14-06-19,30983.45,31032.65,30508.95,30614.35
17-06-19,30652,30684.05,30249.4,30273.25
18-06-19,30299.45,30550.65,30222.85,30351
19-06-19,30526.5,30699.15,30242,30362.1
20-06-19,30390.2,30824.55,30220.7,30781.1
21-06-19,30804.95,30804.95,30541.5,30628.35
24-06-19,30680.95,30783.65,30528,30602.05
25-06-19,30567.65,30913.25,30451.4,30847.05
26-06-19,30809.2,31202.7,30766.65,31162.35
27-06-19,31192.1,31490.6,31158.8,31269.5
28-06-19,31281,31308.9,31060.6,31105.2
01-07-19,31271,31450.35,31246.45,31372.2
02-07-19,31414.65,31431.35,31105.1,31283.3
03-07-19,31347.7,31467.15,31238.5,31382.3
04-07-19,31471,31608.35,31428.05,31471.85
05-07-19,31523.05,31660.75,31323.25,31475.8
08-07-19,31346.85,31370.4,30536.75,30603.85
09-07-19,30533.4,30702.1,30346.7,30569.15
10-07-19,30618.05,30728.35,30428.6,30522.1
11-07-19,30707,30788.05,30565.35,30716.55
12-07-19,30789.75,30870.95,30548.3,30601.45
15-07-19,30688.85,30695.7,30334.2,30445.95
16-07-19,30532.65,30635,30429.9,30570.8
17-07-19,30622.25,30799.7,30568.3,30735.5
18-07-19,30705.8,30769.35,30378.6,30430.6
19-07-19,30515.1,30543.75,29705.75,29770.35
22-07-19,29617.05,29635.15,29194.1,29284.95
23-07-19,29342.45,29365.8,29078.15,29128.1
24-07-19,29085.45,29252.4,28871,28952.25
25-07-19,28981.05,29240.8,28931.05,29043.05
26-07-19,29062.5,29379.1,28994.5,29325.3
29-07-19,29583.45,29592.95,29104.85,29295.9
30-07-19,29434.85,29530.3,28737.8,28791.6
31-07-19,28575.45,28979.75,28529.75,28876
01-08-19,28660.5,28819.7,28047.35,28367.25
02-08-19,28224.25,28544.55,27936.35,28204.95
05-08-19,27841.2,27866.55,27389.5,27648.05
06-08-19,27518.5,28148.4,27503.9,28022.1
07-08-19,28053.85,28175.55,27641.85,27702.05
08-08-19,27840.1,28227.55,27531.05,28110.45
09-08-19,28293.65,28602.75,28251.75,28431.9
12-08-19,28293.65,28602.75,28251.75,28431.9
13-08-19,28356.8,28358.85,27683.5,27729.1
14-08-19,27885.5,28107.05,27726.65,28019.2
15-08-19,27885.5,28107.05,27726.65,28019.2
16-08-19,27920.3,28251.05,27720.95,28217
19-08-19,28331.25,28468.9,28146.5,28186.1
20-08-19,28163.55,28215.4,27839.65,27982.45
21-08-19,28021,28098.9,27666.2,27719.05
22-08-19,27690.05,27690.05,26975.55,27034.2
23-08-19,26835.35,27207.3,26560.6,26958.65
26-08-19,27663.95,27995.25,26859.35,27951.35
27-08-19,28106.3,28277.7,27960.8,28126.15
28-08-19,28080.25,28095.55,27634.65,27804.3
29-08-19,27694.95,27719.05,27239.95,27305.2
30-08-19,27407.9,27586.5,27121.95,27427.85
02-09-19,27407.9,27586.5,27121.95,27427.85
03-09-19,27239.2,27247.05,26742.6,26824.15
04-09-19,26785.95,27278.7,26641.35,27123.85
05-09-19,27086.95,27243.95,26815.4,26919.7
06-09-19,26986.5,27311.05,26950.55,27247.9
09-09-19,27240.35,27565.55,26993.9,27504.65
10-09-19,27240.35,27565.55,26993.9,27504.65
11-09-19,27639.05,27829.65,27551.65,27776.2
12-09-19,27870.8,28062.3,27764.7,27818.5
13-09-19,27772,28126.85,27573.45,28098.75
16-09-19,27868,28066.7,27798.85,27855
17-09-19,27765.1,27851.4,27047.95,27131.75
18-09-19,27304.7,27414.45,27088.8,27172.65
19-09-19,27175.45,27175.45,26643,26757.65
20-09-19,26878.65,29418.95,26727.55,28981.55
23-09-19,30039.4,30801.3,29776.3,30566.2
24-09-19,30432,30668.1,29889.55,30183.1
25-09-19,30029.05,30067.6,29470.1,29586.05
26-09-19,29640.55,30718.35,29627,30002.6
27-09-19,29974.95,30112.65,29711.35,29876.65
30-09-19,29674.8,29754.4,28943.45,29103.15
01-10-19,29226.15,29526.4,28077.35,28725.5
02-10-19,29226.15,29526.4,28077.35,28725.5
03-10-19,28606.7,28769.1,28240.8,28414.1
04-10-19,28681.9,28730.3,27653.7,27731.85
07-10-19,27909.9,28185.15,27568.35,27767.55
08-10-19,27909.9,28185.15,27568.35,27767.55
09-10-19,27901.65,28857.7,27702.05,28785.85
10-10-19,28542.95,28552.75,27914.15,28013.45
11-10-19,28245.55,28604.05,27736.8,28042.5
14-10-19,28238.5,28553.4,28043.25,28181.95
15-10-19,28257.85,28694.85,28186.25,28555.1
16-10-19,28689.45,28759.35,28305.4,28538.8
17-10-19,28596.35,29049.05,28487.95,28989.45
18-10-19,28954.8,29249.5,28864.1,29120.25
21-10-19,28954.8,29249.5,28864.1,29120.25
22-10-19,29416.25,29690,29231.2,29411.15
23-10-19,29478.85,29643.8,29214.05,29459.6
24-10-19,29604.35,29693.25,28994.2,29107.95
25-10-19,29228.65,29452.1,28923.8,29395.95
28-10-19,29228.65,29452.1,28923.8,29395.95
29-10-19,29527.6,29997.65,29385.45,29873.05
30-10-19,30005.7,30151.1,29753,29987.5
31-10-19,30168.65,30415.65,29987.15,30066.25
01-11-19,30196.15,30409,30028.9,30330.55
04-11-19,30415.9,30607.05,30227.25,30333.1
05-11-19,30403.25,30452.7,30091.35,30219.85
06-11-19,30225.2,30699,30013.65,30609.6
07-11-19,30722.6,30821.35,30462.55,30633.15
08-11-19,30571.3,31108.4,30504.05,30749.4
11-11-19,30664.65,31205.2,30625.8,31115.55
12-11-19,30664.65,31205.2,30625.8,31115.55
13-11-19,31084.75,31198.5,30488.1,30541.55
14-11-19,30615.8,30789.2,30338.35,30749.95
15-11-19,30912.4,31165.45,30860.7,31008.4
18-11-19,31036.8,31203.55,30901.85,30992.1
19-11-19,31045.15,31298.05,30974.3,31236.25
20-11-19,31292.35,31471.65,31205.55,31353.85
21-11-19,31413.25,31463.15,31243,31349.95
22-11-19,31389.6,31394.2,31055.2,31111.6
25-11-19,31065.1,31591.6,31049.75,31555.9
26-11-19,31692.85,31850.35,31465.85,31718.35
27-11-19,31832.75,31916.8,31734.5,31875.95
28-11-19,31981.7,32157.05,31905.9,32122.95
29-11-19,32074.15,32086.95,31770.8,31946.1
02-12-19,32008.3,32024.1,31720.6,31871.45
03-12-19,31920.1,31936.6,31502.95,31613.35
04-12-19,31549.3,32017.75,31444,31979.3
05-12-19,32083.8,32126.95,31628.3,31712.95
06-12-19,31797.15,31883.7,31250.65,31341.55
09-12-19,31321.4,31537.65,31122.05,31316.65
10-12-19,31386.4,31412.8,31126,31160.35
11-12-19,31151.65,31337.85,30996.4,31256.75
12-12-19,31356.8,31711.45,31352.1,31665.45
13-12-19,31775.55,32105.05,31770.5,32014.25
16-12-19,32159,32186.95,31897.75,31974.2
17-12-19,32082.4,32213.35,31987.35,32140.25
18-12-19,32292.25,32293.65,32017.3,32244.25
19-12-19,32281.65,32328.35,32085.05,32241.45
20-12-19,32266.85,32443.35,32199.45,32384.95
23-12-19,32381,32502.8,32196.85,32339.45
24-12-19,32337.8,32390.35,32246.05,32280.75
25-12-19,32337.8,32390.35,32246.05,32280.75
26-12-19,32276.15,32314.6,31963.25,31997.7
27-12-19,32142.5,32444.85,32056.25,32412.35
30-12-19,32486.6,32613.1,32248.5,32354.9
31-12-19,32345.95,32345.95,32108.75,32161.65
01-01-20,32237.9,32348,32057.2,32102.9
02-01-20,32133.15,32465.45,32121.4,32443.85
03-01-20,32326.95,32329.8,31960.4,32069.25
06-01-20,31910.45,31914.45,31170.55,31237.15
07-01-20,31598.05,31851.45,31200.9,31399.4
08-01-20,30995.5,31451.85,30899.55,31373.65
09-01-20,31748.25,32172.7,31667.15,32092.4
10-01-20,32215.7,32347.2,31953.4,32097.4
13-01-20,32139.1,32322.65,32074.05,32177.65
14-01-20,32196.45,32196.45,31989.2,32071.65
15-01-20,31994.75,32000.9,31670.35,31824.9
16-01-20,31810.55,31988.9,31692.4,31853.9
17-01-20,31571.65,31773.55,31445.5,31590.65
20-01-20,31923.95,31923.95,31050.95,31080.65
21-01-20,30978.85,31171.25,30858.6,30947.55
22-01-20,31061.6,31149.05,30614,30701.45
23-01-20,30742.2,31087.25,30621.35,31004.05
24-01-20,31040.1,31375.45,30879.05,31241.75
27-01-20,31110.55,31227.05,30808.55,30837.4
28-01-20,30922,31048.45,30656.35,30761.4
29-01-20,30915.1,31082.85,30835.8,30877
30-01-20,30889.25,30909.5,30521.3,30647.4
31-01-20,30950.5,31033.45,30691.8,30833.6
03-02-20,29811.75,30105.8,29612.55,30023.25
04-02-20,30235.3,30776.95,30182.45,30686.7
05-02-20,30761.95,31065.85,30630.85,31001.95
06-02-20,31070.75,31470.65,30917.25,31304.05
07-02-20,31367.05,31368.2,31111.05,31201.95
10-02-20,31248.65,31248.8,30957.2,31058.15
11-02-20,31230.2,31505.95,31225.9,31300.6
12-02-20,31441.15,31588.6,31398.15,31492.9
13-02-20,31586.55,31649.45,31180.6,31230.25
14-02-20,31281.85,31436.65,30776.1,30834.8
17-02-20,30873.85,30998.15,30630.5,30680.7
18-02-20,30661.5,30692.75,30252.45,30562.5
19-02-20,30905,30947.15,30606.15,30838.2
20-02-20,30862.3,31085.3,30702.45,30942.85
21-02-20,30862.3,31085.3,30702.45,30942.85
24-02-20,30666.35,30702.15,30428,30455.1
25-02-20,30517,30610.7,30329.95,30432.7
26-02-20,30279.95,30515.35,30131.75,30306.85
27-02-20,30270,30271.95,29914.15,30187
28-02-20,29501.55,29564.1,29051.5,29147.15
02-03-20,29701,29791.15,28571.7,28868.4
03-03-20,29012.55,29285.35,28749.55,29177.05
04-03-20,29252.95,29273.65,28125.15,28653.7
05-03-20,28830.3,29134.3,28535.6,28815.35
06-03-20,27649.95,28047.2,27162.3,27801.45
09-03-20,27031.45,27091.6,25923.4,26462.6
10-03-20,27031.45,27091.6,25923.4,26462.6
11-03-20,26272.75,26791.45,26234.1,26487.8
12-03-20,25175.9,25223.1,23536.35,23971.15
13-03-20,22720.75,25670.75,21351.7,25166.45
16-03-20,24061.6,24074.15,23008.25,23101.15
17-03-20,23348.05,23449.5,22002,22155.15
18-03-20,22411.85,22544.05,20267.95,20580.2
19-03-20,19428.95,21035.05,18675.65,20083.5
20-03-20,19898.3,20924.55,19265,20317.6
23-03-20,18311.3,18895.65,16791.05,16917.65
24-03-20,17705.85,17841.4,16116.25,17107.3
25-03-20,16759.95,18740.2,16635.5,18481.05
26-03-20,18781.85,20409.35,18364.5,19613.9
27-03-20,20801.6,21462.4,19580.1,19969
30-03-20,19254.45,19716.25,18668.7,18782.4
31-03-20,19307.65,19466.3,18792.4,19144
01-04-20,19122.4,19154.75,18042.25,18208.35
02-04-20,19122.4,19154.75,18042.25,18208.35
03-04-20,18325.05,18326.1,17143.2,17249.3
06-04-20,18325.05,18326.1,17143.2,17249.3
07-04-20,18454.55,19190.55,17953.75,19062.5
08-04-20,18799.4,20324.1,18482.9,18946.45
09-04-20,19553.15,19988.3,19166.9,19913.6
10-04-20,19553.15,19988.3,19166.9,19913.6
13-04-20,19854.9,19887.05,19294,19488
14-04-20,19854.9,19887.05,19294,19488
15-04-20,20096.35,20184.1,18776.75,19057.05
16-04-20,18957.15,19520.3,18703.45,19400
17-04-20,20394.75,20866.55,19729.3,20681.45
20-04-20,21104.7,21122.1,20444.25,20522.65
21-04-20,19812.05,19891.45,19247.95,19409.35
22-04-20,19306.95,19806.35,19051.95,19701.85
23-04-20,19871.35,20356.5,19584.4,20267.95
24-04-20,19697.65,19950.15,19515.4,19586.65
27-04-20,19870.8,20224.75,19847.65,20081.15
28-04-20,20436.6,20751.3,20260.8,20671.1
29-04-20,20440.4,21348.15,20393.65,21090.2
30-04-20,21589.2,21967,21353.65,21534.5
01-05-20,21589.2,21967,21353.65,21534.5
04-05-20,20514.75,20530.45,19643.6,19743.75
05-05-20,20147.3,20223.15,19212.35,19271.75
06-05-20,19302.45,19806.6,18941,19694.55
07-05-20,19536.05,19757.25,19332.15,19491.8
08-05-20,19844,19969.6,19285.05,19352.9
11-05-20,19610.45,19733.4,18900.9,18950.5
12-05-20,18751.4,18993.4,18287,18862.85
13-05-20,20017.75,20122.25,19429.9,19634.95
14-05-20,19197.7,19380.1,19024.75,19068.5
15-05-20,19098.8,19119.1,18683.65,18833.95
18-05-20,18795.1,18795.1,17514.2,17573.2
19-05-20,18037.15,18175.3,17390.65,17486.25
20-05-20,17486.5,18002.65,17407.7,17840.2
21-05-20,17901.95,18200.7,17658.55,17735.1
22-05-20,17554.25,17952.25,17105,17278.9
25-05-20,17554.25,17952.25,17105,17278.9
26-05-20,17537.65,17681.7,17311.25,17440.35
27-05-20,17603.4,18874.25,17560.35,18710.55
28-05-20,18924.45,19455.55,18818.95,19169.8
29-05-20,18962,19358.05,18729.9,19297.25
01-06-20,19728.9,20225.35,19632.9,19959.9
02-06-20,20120.6,20615.75,19852.55,20530.2
03-06-20,20966.6,21619.55,20822,20940.7
04-06-20,20932.35,21141.8,20316.2,20390.45
05-06-20,20516.4,21198.7,20425.05,21034.5
08-06-20,21636.1,21807.4,20911.25,21187.35
09-06-20,21295.5,21568.85,20629.7,20724.9
10-06-20,20760.95,21251.45,20671.55,21100.1
11-06-20,21084.7,21244.45,20458.3,20525.15
12-06-20,19529.3,20747.7,19526.1,20654.55
15-06-20,20457.15,20470.85,19740.2,19912.9
16-06-20,20500.65,20638.85,19507.05,20296.7
17-06-20,20137.45,20627.9,19978.15,20201.75
18-06-20,20137.6,21028.35,20030.35,20956.3
19-06-20,20970.1,21467.65,20878.25,21338.1
22-06-20,21491.55,22078.25,21425.55,21708.35
23-06-20,21859.25,22322.3,21647.8,22264.9
24-06-20,22479.35,22479.55,21336.35,21426.8
25-06-20,21218.05,21703.5,20926.45,21506.15
26-06-20,21735.05,21784.65,21320.1,21592.05
29-06-20,21291.55,21440.05,21026.45,21359
30-06-20,21524.3,21650.5,21212,21370.15
01-07-20,21354.1,22061.6,21281.85,21977.6
02-07-20,22133.8,22344.85,21890.5,21953.2
03-07-20,22101.75,22130.3,21768,21852.4
06-07-20,22270.95,22399.25,22171.05,22198.95
07-07-20,22254.3,22674.5,22040.35,22628
08-07-20,22700.9,23080.6,22499.5,22584.65
09-07-20,22753.15,22998.3,22673.4,22907.2
10-07-20,22720.95,22835.2,22320.05,22398.45
13-07-20,22613.25,22657.4,21981.65,22089.25
14-07-20,21877.6,21909.7,21222.45,21392.2
15-07-20,21634.25,21935.5,21230.55,21340.75
16-07-20,21453.25,21671.25,21027.85,21597.15
17-07-20,21608.05,22065,21550.8,21966.8
20-07-20,22307.3,22520.45,22187.8,22321.85
21-07-20,22639.85,22861.9,22597.95,22782
22-07-20,23159,23211.35,22658.2,22882.6
23-07-20,22854.85,23122.35,22734.9,23083.9
24-07-20,22853.2,22854.05,22417.2,22662.05
27-07-20,22664.6,22668.05,21801.35,21848.75
28-07-20,21940.15,22233,21611.4,22105.2
29-07-20,22075,22346.4,21906.35,22076.6
30-07-20,22195.05,22252.6,21580.15,21646.85
31-07-20,21730.55,21806.95,21375,21640.05
03-08-20,21543.8,21543.8,21031.45,21072.1
04-08-20,21248.25,21576.35,21057.75,21490.5
05-08-20,21686.85,21936.5,21448.4,21509.95
06-08-20,21644.25,21926.55,21370.3,21642.6
07-08-20,21620.25,21787.25,21451.3,21754
10-08-20,21824.9,22071.95,21795.1,21900.25
11-08-20,22050.2,22277.6,22039.85,22227.2
12-08-20,22135.95,22326.55,21990.2,22264
13-08-20,22395.2,22439.95,22139.6,22196.35
14-08-20,22334.95,22334.95,21459.1,21679.4
17-08-20,21906.95,21909.4,21403.15,21700.85
18-08-20,21702,22227.75,21629.4,22170.6
19-08-20,22315.4,22419.35,22234.25,22285.9
20-08-20,21989.9,22079.9,21886.7,21999.45
21-08-20,22190.7,22344.05,22165.05,22299.6
24-08-20,22436.85,22897.5,22410.05,22833
25-08-20,22973.4,23180.3,22857.9,23092.15
26-08-20,23175.55,23453.4,23093.15,23414.2
27-08-20,23511.45,23704.05,23464.15,23600.35
28-08-20,23635.3,24611.8,23599.2,24523.8
31-08-20,25038.8,25232.6,23385.3,23754.35
01-09-20,23893.8,24199.65,23473.15,23812
02-09-20,23769,23926.15,23482.55,23874.55
03-09-20,23986.15,24051.6,23451.65,23530.85
04-09-20,23119.15,23394.8,22876.9,23011.5
07-09-20,23036.25,23109.1,22716.25,22945.05
08-09-20,22971.2,23064.15,22641.4,22744.4
09-09-20,22486.7,22554.6,22080.4,22267
10-09-20,22466.55,22678.65,22225.25,22466.2
11-09-20,22509.95,22668.75,22205.95,22479.95
14-09-20,22683.35,22757.3,22028.15,22101.25
15-09-20,22202.8,22514.15,22062.35,22465.65
16-09-20,22476.3,22659.4,22216.5,22573.55
17-09-20,22352,22504.45,22267.05,22320.35
18-09-20,22439.35,22469.4,21784.9,22031.05
21-09-20,21983.4,22098.85,21274.3,21366.8
22-09-20,21445.25,21473.35,20958.45,21139.1
23-09-20,21350.8,21365.05,20821,21178.5
24-09-20,20898.8,20955.6,20404.9,20456.85
25-09-20,20740.8,21064.3,20430.7,20982.35
28-09-20,21152.05,21708.85,21055.1,21665.5
29-09-20,21770.9,21811.5,21280.6,21411.3
30-09-20,21405.25,21549.35,21128.5,21451.8
01-10-20,21685.25,22293.75,21664.15,22246
02-10-20,21685.25,22293.75,21664.15,22246
05-10-20,22352.1,22768.55,22247.25,22370.95
06-10-20,22673.05,22893.5,22521.05,22853.7
07-10-20,22836.95,23036.2,22607.8,22964.8
08-10-20,23150.25,23450.9,23063.6,23191.35
09-10-20,23312.6,23904.1,23132.45,23846.8
12-10-20,23955.6,24190.35,23552.6,23712.8
13-10-20,23663.05,23775.15,23431.5,23492.2
14-10-20,23353.15,23962.7,23149.45,23874.65
15-10-20,23920.35,24087.85,22970.95,23072.4
16-10-20,23219.85,23646.2,23148.95,23533.25
19-10-20,23902.9,24320.95,23754.85,24266.75
20-10-20,24117.35,24410.9,24039.85,24311.8
21-10-20,24444.2,24823.6,24099.85,24635.05
22-10-20,24447.35,24691.15,24250.2,24484.15
23-10-20,24669.2,24764.15,24360.85,24478.3
26-10-20,24525.8,24577.3,23867.75,24075.45
27-10-20,24288.05,24809.65,23924.2,24769.5
28-10-20,24737.85,24780.7,24057.95,24232.5
29-10-20,24063.5,24339.1,23822.05,24092
30-10-20,24090.15,24277.35,23612.7,23900.9
02-11-20,24367.6,25139,24120.6,24892.5
03-11-20,25108,25760.7,25085.7,25682.8
04-11-20,25539.55,25891,25142,25771.6
05-11-20,26174.8,26375.2,26000.05,26313.1
06-11-20,26274.1,26853.45,26135.3,26798.95
09-11-20,27088.95,27595,27068.95,27534.1
10-11-20,28039.45,28802.5,27916.9,28606
11-11-20,28713.15,29030.9,28211.1,28845
12-11-20,28633.75,28672.9,28066.05,28278.8
13-11-20,28108.7,28520.55,27703.3,28465.7
16-11-20,28108.7,28520.55,27703.3,28465.7
17-11-20,28792.25,29239.25,28722.9,29181.3
18-11-20,29107.9,29784.75,29056.75,29749.85
19-11-20,29302.6,29627.2,28819.55,28903.05
20-11-20,28935.75,29406.7,28580.9,29236
23-11-20,29432.8,29492.3,28852.9,29024.2
24-11-20,29265.6,29827.8,29206.75,29737.25
25-11-20,30021.9,30197.85,29132.3,29196.4
26-11-20,29370.4,29623,28923.1,29549.75
27-11-20,29622,29716.85,29368.7,29609.05
30-11-20,29622,29716.85,29368.7,29609.05
01-12-20,29844.8,29919.75,29511,29817.85
02-12-20,29876.7,29886.25,29149.9,29463.15
03-12-20,29728.9,29813,29379.4,29448.75
04-12-20,29573.4,30162.3,29473.5,30052.4
07-12-20,30062.6,30354.2,29950.6,30211.55
08-12-20,30300.3,30363.8,30025.2,30261.9
09-12-20,30335.05,30807.25,30326.7,30709.4
10-12-20,30545.35,30610,30202.1,30510.35
11-12-20,30555.3,30811.8,30328.45,30604.85
14-12-20,30735.15,30845.8,30624.25,30745.9
15-12-20,30805.4,30805.85,30345.75,30691.05
16-12-20,30920.35,30932.25,30587.1,30698.4
17-12-20,30791.2,30945.2,30643.9,30847.05
18-12-20,30841.85,30854.05,30374.5,30714.65
21-12-20,30595.8,30607.5,29201.2,29456.45
22-12-20,29607.5,29711.15,28976.75,29625.95
23-12-20,29560.75,29941.4,29446,29883.3
24-12-20,30071.65,30545.85,30007.8,30402.2
25-12-20,30071.65,30545.85,30007.8,30402.2
28-12-20,30558.85,30929.05,30538.15,30880.95
29-12-20,31006.9,31359.35,31002.6,31322.5
30-12-20,31479.8,31510.25,31007.15,31303.05
31-12-20,31295.9,31409.5,31088.1,31264.05
01-01-21,31297.3,31384.35,31188.25,31225.85
04-01-21,31485.15,31489.6,30893.65,31212.45
05-01-21,31041.1,31767.65,30935.55,31722.25
06-01-21,31839.95,31982.3,31548.15,31797.9
07-01-21,32129.8,32177.4,31911.5,31956
08-01-21,32298.05,32298.05,32002.95,32084.2
11-01-21,32280.3,32288.45,31836.95,31998.9
12-01-21,31835.05,32397.95,31725.85,32339
13-01-21,32546.6,32683.5,32148.25,32574.65
14-01-21,32526.7,32718.95,32442.35,32519.75
15-01-21,32508.9,32544.8,32044.35,32246.8
18-01-21,32275.15,32441.5,31650.9,31811.75
19-01-21,32082.9,32464.95,31863.95,32424.85
20-01-21,32388.95,32607.45,32322.9,32543.7
21-01-21,32732.8,32842.3,31985.55,32186.9
22-01-21,32088,32131.4,31119.9,31167.25
25-01-21,31507.15,31697.55,31013.65,31198.4
27-01-21,31236.25,31287.05,30165.65,30284.55
28-01-21,29812.3,30464.4,29687.7,30358.3
29-01-21,30700.65,31111.95,30254.55,30565.5
01-02-21,30976.35,33305.3,30906.45,33089.05
02-02-21,33589.05,34652.5,33583.15,34267.9
03-02-21,34555.6,34908.05,34011.9,34758.45
04-02-21,34548.9,35413.15,34238.9,35344.8
05-02-21,35634.95,36615.2,35545,35654.5
08-02-21,36073.85,36466.45,35872.25,35983.65
09-02-21,36058.8,36477.15,35636.85,36056.5
10-02-21,36042.35,36227.2,35428.15,35783.1
11-02-21,35687.25,36009.45,35573.3,35752.1
12-02-21,35736.6,36322.8,35700.25,36108.9
15-02-21,36501.4,37449.9,36405.1,37306.25
16-02-21,37492.6,37708.75,36762.75,37098.4
17-02-21,37041.95,37331.45,36764.25,36910.95
18-02-21,37088.75,37108.75,36367.45,36587
19-02-21,36371.55,36656.2,35584.6,35841.6
22-02-21,35874.3,36128.9,35097.55,35257.2
23-02-21,35540.55,35680.85,34976,35116.95
24-02-21,35205.4,36567.65,35060.65,36452.3
25-02-21,36763.15,37232.2,36494,36549
26-02-21,35806.65,35902.9,34658.7,34803.6
01-03-21,35374.25,35581.1,34983.75,35296
02-03-21,35458.15,35747.05,35002.45,35419.7
03-03-21,35754.45,36455.15,35570.55,36368.05
04-03-21,35575.65,36316.4,35519.25,35802.5
05-03-21,35458.5,35616.05,34893.25,35228.15
08-03-21,35462.45,35827.3,35090.75,35275.75
09-03-21,35705.9,36077.8,35544.95,35865.65
10-03-21,36112.25,36176.9,35764.35,35938.3
12-03-21,36497.35,36497.35,35188.05,35496.65
15-03-21,35544.25,35544.25,34430.65,35182.55
16-03-21,35352,35405.05,34744.6,34804.6
17-03-21,34905.05,35100.5,34126.85,34229.25
18-03-21,34577.5,34759.85,33597.55,33856.8
19-03-21,33590.4,34355.4,33361,34161.6
22-03-21,34088.4,34148.9,33389.15,33603.45
23-03-21,33747.95,34360.05,33622,34184.4
24-03-21,33894.7,33970.65,33203.4,33293.25
25-03-21,33420.75,33550.15,32415.25,33006.45
26-03-21,33605.05,33610.65,33166.1,33318.2
29-03-21,0,0,0,0
30-03-21,33615.9,33990.8,33564.55,33875.1
31-03-21,33764.8,33773.1,33151.8,33303.9
01-04-21,33588,33949.15,33208.75,33858
02-04-21,0,0,0,0
05-04-21,33649.15,33697.75,32330.15,32678.85
06-04-21,32915.65,33007.65,32338.4,32501.35
07-04-21,32529.7,33191.7,32141.55,32991.2
08-04-21,33154.2,33306.8,32704.75,32782.85
09-04-21,32636.9,32972.15,32329.95,32448.05
12-04-21,31637.9,31698.05,30520.3,30792
13-04-21,30901.8,31885.45,30722.85,31771.6
14-04-21,0,0,0,0
15-04-21,31929.1,32187.05,31406.4,32112.85
16-04-21,32161.45,32325.15,31911.9,31977.45
19-04-21,30993.45,31304.3,30405.65,31208.4
20-04-21,31568.95,31731.65,30891,31112.7
21-04-21,0,0,0,0
22-04-21,30763.5,31834.5,30555.25,31782.6
23-04-21,31490.6,32148.4,31377.15,31722.3
26-04-21,32316.65,32603.7,32144.8,32275.15
27-04-21,32228.95,32807.1,32152.95,32735.35
28-04-21,32865.5,33777.7,32840.3,33722.8
29-04-21,33901.6,34287,33304.6,33714.5
30-04-21,33112.4,33455.25,32663.4,32781.8
03-05-21,32368.55,32566.6,31906.55,32465.75
04-05-21,32610.4,33011.55,32191.4,32270.35
05-05-21,32577.1,32862.15,32068.55,32783.7
06-05-21,32900.75,32956.35,32564,32827.8
07-05-21,33041.65,33259.15,32771.35,32904.5
10-05-21,33175.3,33297.6,33028.15,33142.4
11-05-21,32640.95,33154.3,32611.7,32872.2
12-05-21,32717.65,32747.7,32352.3,32452.3
13-05-21,0,0,0,0
14-05-21,32495.15,32622.65,32115.5,32169.55
17-05-21,32437.85,33506.9,32318.7,33459.25
18-05-21,33893.1,34142.85,33730.45,33922.4
19-05-21,33717.1,33959.3,33608.25,33685.2
20-05-21,33692.55,33833.7,33273.95,33334.55
21-05-21,33559.8,34694.45,33559.75,34606.9
24-05-21,34869.3,35216.1,34528.3,34943.6
25-05-21,35095,35125.85,34410.4,34662
26-05-21,34757.15,34897.95,34462.5,34684.2
27-05-21,34664.2,35220.8,34529.7,35095.05
28-05-21,35345.65,35436.65,34977.2,35141.45
31-05-21,35097.45,35584.3,34930.1,35526.65
01-06-21,35639.75,35713.9,35241.2,35337.2
02-06-21,35271.6,35415.85,35070.3,35373.75
03-06-21,35536.45,35723.7,35413,35649
04-06-21,35657.85,35810.9,35176.15,35291.65
07-06-21,35460.8,35545.85,35338.55,35443.65
08-06-21,35433.8,35449.5,34962.65,35085.3
09-06-21,35114.25,35402.45,34641.2,34800.5
10-06-21,34903.6,35165.65,34734.4,35131.2
11-06-21,35324.65,35344,34891.3,35047.4
14-06-21,34936.55,34995.15,34374.35,34950.6
15-06-21,35038.05,35317.4,34917.9,35247.75
16-06-21,35196.25,35380,34916.2,35003.5
17-06-21,34619.8,34882.4,34458.1,34605.4
18-06-21,34735.15,34787.4,33908.95,34558
21-06-21,34109.45,34927.65,33937.5,34871.3
22-06-21,35084.9,35281.9,34664.35,34745
23-06-21,34911.85,34937.65,34525.45,34574
24-06-21,34687.7,34935.3,34592.35,34827
25-06-21,34916.65,35491.95,34915.85,35364.65
28-06-21,35488.2,35576.95,35236.45,35359.45
29-06-21,35320.45,35337.45,34913.7,35010.3
30-06-21,35001.9,35214.9,34730.45,34772.2
01-07-21,34866,34917.65,34650.95,34684
02-07-21,34728.1,34894.45,34632.6,34809.9
05-07-21,35010.95,35234.3,34926.4,35212
06-07-21,35173.6,35807.45,35165.55,35579.15
07-07-21,35550.6,35795.75,35427.65,35771.3
08-07-21,35603.25,35811,35134.65,35274.1
09-07-21,35163.75,35225.2,34859.9,35071.95
12-07-21,35285.05,35394.3,35060.35,35198.9
13-07-21,35480.05,35727.85,35340.7,35673.4
14-07-21,35585.85,35804.05,35434.75,35668.25
15-07-21,35757.45,35985.25,35625.7,35907.65
16-07-21,35977.95,35977.95,35674.75,35751.8
19-07-21,35070.5,35347.05,34899.2,35079.2
20-07-21,34791.15,34894.15,34357.35,34415.45
21-07-21,0,0,0,0
22-07-21,34774.55,34989.1,34557.85,34677.3
23-07-21,34748.35,35088,34404.75,35034.4
26-07-21,34947.85,35138.2,34669.55,34949.7
27-07-21,35029.3,35186.1,34713.55,34797.45
28-07-21,34839.45,34841.55,34115.2,34532.9
29-07-21,34740.3,34778.15,34495.2,34691.5
30-07-21,34698.75,34738.75,34445.4,34584.35
02-08-21,34760.9,34861.75,34588.25,34710
03-08-21,34660.75,35238.45,34649.2,35207.45
04-08-21,35388.15,36219.8,35313,36028.05
05-08-21,36093.95,36115.45,35661.3,35834.75
06-08-21,35875.8,36080.1,35700.45,35809.25
09-08-21,35824.2,36159.85,35612.3,36028.95
10-08-21,35954.55,36317,35890.5,36034.1
11-08-21,36218.25,36227.55,35531.35,35806.4
12-08-21,35825.4,35998.15,35702.9,35937.05
13-08-21,36000.75,36233.3,35937.1,36169.35
16-08-21,36100.65,36261.55,36032.4,36094.5
17-08-21,35935.05,35993.7,35611.85,35867.45
18-08-21,36222.5,36248.9,35432,35554.5
19-08-21,0,0,0,0
20-08-21,35146.5,35306.5,34926.5,35033.85
23-08-21,35424.2,35427.4,34817.5,35124.4
24-08-21,35200.75,35795.3,35070,35712.1
25-08-21,35768.85,35910.3,35499.65,35586.25
26-08-21,35485.95,35785.8,35411.8,35617.55
27-08-21,35559.75,35727.9,35359.25,35627.8
30-08-21,35781.05,36398.45,35721.9,36347.65
31-08-21,36367.4,36552.8,36216.2,36424.6
01-09-21,36591.45,36997.7,36487.15,36574.3
02-09-21,36588.4,36895.55,36469,36831.3
03-09-21,36883.65,37140,36563.2,36761.15
06-09-21,36878.25,36923.65,36554.45,36592.35
07-09-21,36558.85,36685.85,36151.95,36468.8
08-09-21,36519.7,36855.9,36393.6,36768.2
09-09-21,36725.5,36857.2,36566.7,36683.2
10-09-21,0,0,0,0
13-09-21,36608.45,36724.85,36327.05,36471.8
14-09-21,36639.95,36756,36529.65,36613.05
15-09-21,36543.55,36949.7,36496.05,36852.25
16-09-21,36946,37720.15,36907.75,37668.6
17-09-21,37929.5,38112.75,37396.05,37811.95
20-09-21,37388.2,37802.75,37068.45,37145.7
21-09-21,37238.4,37340.7,36525.95,37235.85
22-09-21,37277.1,37328.6,36885.6,36944.65
23-09-21,37241.25,37830.75,37216.15,37771.7
24-09-21,37954,38112.6,37680,37830.3
27-09-21,38054.75,38355.2,37968.2,38171.25
28-09-21,38360,38377.25,37315.2,37945
29-09-21,37601.1,37923.45,37371.05,37743
30-09-21,37677.8,37884.85,37354.25,37425.1
01-10-21,37140.4,37299.4,36876.35,37225.9
04-10-21,37392.15,37670.7,37355.6,37579.65
05-10-21,37499.8,37786.6,37364.75,37741
06-10-21,37768.8,38106.85,37452,37521.55
07-10-21,37894,37923.65,37650.25,37753.2
08-10-21,37906.4,38105.2,37674.35,37775.25
11-10-21,37782.75,38495.3,37744.65,38293.8
12-10-21,38178.35,38609.6,38144.6,38521.5
13-10-21,38735.3,38779.05,38502.7,38635.75
14-10-21,38684.65,39375.05,38673,39340.9
15-10-21,0,0,0,0
18-10-21,39794.25,39947.6,39569.55,39684.8
19-10-21,39927.3,40011.15,39394.25,39540.5
20-10-21,39545.45,39774.55,39292.8,39518.2
21-10-21,39676.55,40200.45,39428.1,40030.2
22-10-21,40192.65,40587.35,40149.55,40323.65
25-10-21,40961.25,41829.6,40508.1,41192.4
26-10-21,41057.75,41367.25,40829.15,41238.3
27-10-21,41234.55,41347,40750,40874.35
28-10-21,40915.15,40931.05,39350.2,39508.95
29-10-21,39424.55,39775.25,38426.65,39115.6
01-11-21,39432.15,39862.6,39120.65,39763.75
02-11-21,39796.9,40107.6,39590.7,39938.45
03-11-21,40040.65,40160.2,39304.85,39402.05
04-11-21,39669.1,39734.7,39514.15,39573.7
05-11-21,0,0,0,0
08-11-21,39674.05,39674.05,38932.15,39438.25
09-11-21,39517.85,39560.6,39223.4,39368.8
10-11-21,39206.2,39220.3,38873.8,39023.25
11-11-21,38913.05,38929.95,38346.05,38560.2
12-11-21,38707.15,38822.85,38467.8,38733.35
15-11-21,38849.45,39117.15,38606.6,38702.35
16-11-21,38710.9,38724.7,38211.1,38307.1
17-11-21,38113.4,38456.3,37981.2,38041.55
18-11-21,38071.9,38233.95,37748.45,37976.25
19-11-21,0,0,0,0
22-11-21,38232.15,38241,36655.4,37128.8
23-11-21,36787,37448.75,36647.55,37272.8
24-11-21,37384.75,37891.9,37238.05,37441.95
25-11-21,37362.05,37507.95,37118.4,37364.75
26-11-21,36830.9,36868.9,35904.1,36025.5
29-11-21,36224.45,36347.85,35327.9,35976.45
30-11-21,35958.8,36774.2,35526.35,35695.3
01-12-21,35902.9,36445.35,35805,36364.9
02-12-21,36281.85,36563.5,36166.7,36508.25
03-12-21,36497.3,36844,36062.85,36197.15
06-12-21,36252.75,36344.55,35696.75,35735.9
07-12-21,36086.95,36820.7,36013.95,36618.4
08-12-21,37052.75,37384.8,36905.15,37284.7
09-12-21,37331.75,37397.55,36884.45,37082.45
10-12-21,37083.15,37153.25,36824.4,37105.65
13-12-21,37358.2,37581.05,36861.9,36925.25
14-12-21,36778.95,37039.05,36545.4,36893.95
15-12-21,36929.5,37083.5,36743.2,36789.55
16-12-21,37092.95,37159.3,36385.75,36548.65
17-12-21,36491.8,36550.75,35535.05,35618.65
20-12-21,35124.35,35231.1,34018.45,34439.85
21-12-21,34863.35,35050,34389.95,34607.85
22-12-21,34865.25,35112.1,34687.6,35029.5
23-12-21,35350.5,35477.3,35046.25,35191.15
24-12-21,35282.2,35327.95,34583.4,34857.05
27-12-21,34573.65,35143.7,34233,35057.9
28-12-21,35308.3,35352.4,35037.9,35183.8
29-12-21,35168.85,35378.3,34890.8,35045.4
30-12-21,34977.65,35179.05,34751.25,35063.6
31-12-21,35114.4,35596.95,35113.75,35481.7
03-01-22,35585.2,36492.1,35526.6,36421.9
04-01-22,36551.25,36887.8,36374.4,36840.15
05-01-22,36943.55,37862.4,36756.35,37695.9
06-01-22,37242.55,37752.5,37058.45,37490.25
07-01-22,37667.05,38134.85,37427.8,37739.6
10-01-22,37930.55,38400.35,37929.35,38347.9
11-01-22,38370,38504.6,38031.75,38442.2
12-01-22,38719.6,38851.45,38604.6,38727.55
13-01-22,38717.55,38717.55,38376.15,38469.95
14-01-22,38302.35,38448.05,38007.75,38370.4
17-01-22,38212.55,38617.5,38138.25,38216.15
18-01-22,38337.4,38855.55,38095.4,38210.3
19-01-22,38145.75,38330.5,37769.25,38041.35
20-01-22,38106.1,38167.95,37591.85,37850.85
21-01-22,37522.35,37741,37224.25,37574.3
24-01-22,37601.95,37694.7,36375.35,36947.55
25-01-22,36598.05,37788.8,36415.6,37706.75
26-01-22,0,0,0,0
27-01-22,37058.2,38147.65,37012.25,37982.1
28-01-22,38246.6,38421.7,37581.5,37689.4
31-01-22,38091.8,38217.25,37647.85,37975.35
01-02-22,38460.45,38802.7,37690.6,38505.5
02-02-22,38841.55,39386.6,38752.65,39330.5
03-02-22,39255.7,39424.85,38861.15,39010
04-02-22,39128,39278.6,38562.6,38789.35
07-02-22,38592.05,38837.55,37802.7,37995.45
08-02-22,38176.1,38222.1,37319.05,38028.45
09-02-22,38283.6,38648.15,38192,38610.25
10-02-22,38801.45,39197.2,38520,39010.95
11-02-22,38567.65,38790.25,38396.4,38517.25
14-02-22,37664,37796.55,36828.05,36908.55
15-02-22,36989.8,38231.6,36651.85,38170.1
16-02-22,38296.5,38461.7,37762.8,37953.8
17-02-22,38042.1,38124.5,37425.6,37531.65
18-02-22,37344.45,37817.55,37304.45,37599.15
21-02-22,37400,38054.4,37156.8,37685.6
22-02-22,36833,37659.4,36818.1,37371.65
23-02-22,37628.55,37774.6,37318,37392.05
24-02-22,36085.2,36709.15,34991.35,35228.1
25-02-22,35901.7,36684.65,35768.2,36430.75
28-02-22,35938.95,36270.25,35611.9,36205.3
01-03-22,0,0,0,0
02-03-22,35381.9,35553.7,34897.45,35372.8
03-03-22,35621.15,35804.15,34721.15,34944.3
04-03-22,34526.1,35097.75,34094.1,34407.8
07-03-22,33278.15,33543.3,32376.5,32871.25
08-03-22,32531.9,33263.55,32155.35,33158.1
09-03-22,33278.9,33969.5,32948.9,33815.45
10-03-22,35153.95,35374.15,34218.05,34475.6
11-03-22,34331,34880.05,34094.3,34546.25
14-03-22,34660.25,35435.1,34625.05,35312.15
15-03-22,35467.95,35643.8,34706.05,35022.65
16-03-22,35555.75,35806.35,35461.55,35748.25
17-03-22,36302,36611.95,36261.65,36428.55
18-03-22,0,0,0,0
21-03-22,36545.85,36600.2,35900.2,36018.5
22-03-22,35975.6,36468.8,35384.75,36348.55
23-03-22,36627.7,36827.6,36064.75,36147.35
24-03-22,35633.7,35957.7,35421.7,35527.1
25-03-22,35700.4,35717.4,35203.85,35410.1
28-03-22,35488.7,35770.8,35016.3,35710.5
29-03-22,35931.75,35977.2,35506.55,35847.4
30-03-22,36241.55,36421.1,36070.55,36334.3
31-03-22,36457.2,36590.85,36278.15,36373.6
01-04-22,36298.35,37209.8,36242.35,37148.5
04-04-22,37824.95,38765.85,37665.55,38635.2
05-04-22,38731.3,38759.25,37935.95,38067.9
06-04-22,37711.3,37868.5,37513.85,37632.8
07-04-22,37421.75,37975.9,37346.8,37557.35
08-04-22,37619.7,37884.2,37405.2,37752.05
11-04-22,37591.75,37941.75,37524.45,37613.8
12-04-22,37407.4,37920.6,37264.45,37747.4
13-04-22,37887.3,37988.6,37408.2,37463.4
14-04-22,0,0,0,0
15-04-22,0,0,0,0
18-04-22,36833.15,36965.85,36441.35,36729
19-04-22,36806.8,37123.55,35926.3,36341.6
20-04-22,36482.6,36513.85,36114.05,36314.9
21-04-22,36513.1,36913.35,36395.7,36816.1
22-04-22,36514.15,36578.95,35991.5,36044.75
25-04-22,35792.35,36270.15,35511.4,36082.35
26-04-22,36515.35,36604.55,36265.9,36404.8
27-04-22,36067.55,36175.9,35747.15,36028.85
28-04-22,36189.95,36501.1,35951.1,36422.2
29-04-22,36474.05,36718.8,35978.95,36088.15
02-05-22,35627.6,36235.25,35618.2,36163.75
03-05-22,0,0,0,0
04-05-22,36266.15,36309.3,35127.85,35264.55
05-05-22,35705.35,35934.85,35133.8,35232.85
06-05-22,34569.1,34797.95,34353.2,34591.2
09-05-22,34091.75,34554.35,33927.2,34275.4
10-05-22,34181.2,34781.8,34176.8,34482.65
11-05-22,34686.3,34793.2,34143.2,34693.15
12-05-22,34289.1,34341.2,33297.65,33532.15
13-05-22,33925.95,34002.2,33007.9,33121.35
16-05-22,33256,33821.65,33001.75,33597.6
17-05-22,33796.2,34366.05,33680.6,34301.9
18-05-22,34448.2,34655.8,34134.7,34163.7
19-05-22,33461,33633.95,33180.6,33315.65
20-05-22,33765.15,34358.05,33658.05,34276.4
23-05-22,34321.4,34819.95,34117.35,34247.6
24-05-22,34223.2,34586.45,34115.8,34290.15
25-05-22,34491.8,34722.6,34285.8,34339.5
26-05-22,34670.6,35222.05,34424.75,35094.9
27-05-22,35326.6,35694.85,35291.95,35613.3
30-05-22,35958.8,36083.7,35748.45,35826.95
31-05-22,35615.3,35881.95,35288.95,35487.4
01-06-22,35358.95,35768.7,35285.45,35620.8
02-06-22,35470.95,35676.2,35385,35613.65
03-06-22,35929.55,35958.45,35175.1,35275.05
06-06-22,35159.15,35424.5,35072.3,35310.2
07-06-22,35080.8,35154.3,34834.4,34996
08-06-22,35165.65,35449.9,34831.75,34946.15
09-06-22,34802.25,35149.1,34659.1,35085.45
10-06-22,34686.95,34752.45,34346.65,34483.8
13-06-22,33728.65,33774.05,33210.35,33405.85
14-06-22,33180.6,33618.15,33123.9,33311.35
15-06-22,33317.8,33554.55,33249.55,33339
16-06-22,33648.8,33756.5,32537.95,32617.1
17-06-22,32393.45,32889.8,32290.55,32743.05
20-06-22,32873.4,32926.1,32426.4,32684.8
21-06-22,32978.05,33593.8,32797.55,33191.75
22-06-22,33051.65,33106.95,32758.15,32845.3
23-06-22,32927.4,33431.75,32652.15,33135
24-06-22,33434.8,33721.9,33390.85,33627.45
27-06-22,34126.2,34147.5,33735.5,33811.25
28-06-22,33578.2,33745.3,33503.3,33642.45
29-06-22,33273.55,33422.8,33185.25,33269.9
30-06-22,33180.7,33659.3,33179.6,33425.1
01-07-22,33264.75,33666.5,33080.45,33539.45
04-07-22,33558.85,33978.5,33515.6,33940.9
05-07-22,34084.7,34361.05,33757,33815.9
06-07-22,33929.4,34388.5,33876.15,34324.25
07-07-22,34627.4,34965.75,34553.1,34920.3
08-07-22,35258.9,35262.1,34977.75,35124.05
11-07-22,35017.6,35543.1,35006.55,35469.65
12-07-22,35298.7,35419.65,35047.5,35132.25
13-07-22,35259.8,35308.15,34757.6,34827.8
14-07-22,34817.95,35027.6,34558.45,34651.2
15-07-22,34734.45,34899.95,34463.9,34682.65
18-07-22,34841.85,35382.5,34804.4,35358.7
19-07-22,35113.25,35761.65,35110.5,35720.35
20-07-22,36061.3,36182.7,35876.55,35972.1
21-07-22,36026.55,36331.7,35887.35,36201
22-07-22,36322.9,36823.45,36286.35,36738.95
25-07-22,36766.7,37011.2,36464.65,36726.4
26-07-22,36688.55,36695.75,36334.1,36408.5
27-07-22,36370.55,36808.3,36248.6,36783.75
28-07-22,37102.45,37414.4,37028.5,37378.15
29-07-22,37717.3,37754.65,37221.15,37491.4
01-08-22,37594.15,37939.6,37407.2,37903.2
02-08-22,37767.7,38179.85,37632.3,38024
03-08-22,37954.55,38068.6,37692.95,37989.25
04-08-22,38111.05,38231.85,37249.5,37755.55
05-08-22,37868.25,38150.45,37779.9,37920.6
08-08-22,37847.35,38302.35,37681.45,38237.4
09-08-22,37847.35,38302.35,37681.45,38237.4
10-08-22,38298.85,38402.95,38155.3,38287.85
11-08-22,38712.95,38932.1,38648.9,38879.85
12-08-22,38942.45,39088.9,38739.95,39042.3
15-08-22,38942.45,39088.9,38739.95,39042.3
16-08-22,39284.1,39444.6,39119.9,39239.65
17-08-22,39351.3,39504.5,39202.8,39461.7
18-08-22,39324.4,39703.7,39291.15,39656.15
19-08-22,39732.65,39759.15,38848.4,38985.95
22-08-22,38693.65,38732.85,38247.25,38297.75
23-08-22,37955.45,38869.9,37950.85,38697.65
24-08-22,38552.7,39120.8,38552.2,39038.5
25-08-22,39190.05,39471.75,38803.7,38950.75
26-08-22,39129.65,39337.1,38846.8,38987.15
29-08-22,38111.6,38397.1,37943.85,38276.7
30-08-22,38516.95,39606.55,38472.7,39536.75
31-08-22,38516.95,39606.55,38472.7,39536.75
01-09-22,38806.7,39667.65,38803.3,39301.25
02-09-22,39422.3,39595.85,39200.45,39421
05-09-22,39412.05,39865.2,39407.4,39805.75
06-09-22,39892.95,40073.75,39564.3,39666.5
07-09-22,39337.75,39572.05,39258.25,39455.9
08-09-22,39763.9,40265.75,39706.4,40208.95
09-09-22,40520.75,40685.95,40280.3,40415.7
12-09-22,40540.45,40684.9,40377.9,40574
13-09-22,40802.1,40904.3,40693.95,40873.1
14-09-22,40308.8,41626.9,40288.9,41405.4
15-09-22,41533.7,41840.15,41153.5,41209.2
16-09-22,40977.2,41162.5,40502.05,40776.8
19-09-22,40685.6,41184.25,40509.9,40904.4
20-09-22,41304.15,41677.65,41207.3,41468.3
21-09-22,41282.6,41501.7,40889.15,41203.45
22-09-22,40889.05,41159.2,40360.2,40630.6
23-09-22,40429.35,40528.4,39412.7,39546.25
26-09-22,39027.85,39229.4,38492.2,38616.25
27-09-22,38811.7,39050.5,38184.9,38359.15
28-09-22,38081.25,38368.8,37626.2,37759.85
29-09-22,38092.85,38283.4,37536.65,37647.75
30-09-22,37660,38811,37386.35,38631.95
03-10-22,38444.9,38641.6,37963.25,38029.65
04-10-22,38700.4,39177.5,38596.9,39110.05
05-10-22,38700.4,39177.5,38596.9,39110.05
06-10-22,39343.7,39608.35,39232.9,39282.85
07-10-22,39093.5,39235.05,38807.5,39178.05
10-10-22,38641.55,39315.7,38518.3,39093.1
11-10-22,39058.85,39174.95,38622.75,38712.45
12-10-22,38784.2,39164.1,38606.4,39118.55
13-10-22,38957.65,39061.3,38437.95,38624
14-10-22,39446.05,39570.85,39196.3,39305.6
17-10-22,39295.6,39974.7,39146.7,39920.45
18-10-22,40252.05,40435.35,40139.85,40318.75
19-10-22,40556.65,40643.6,40195.2,40373.2
20-10-22,40149.5,40208.35,39848.85,40099.55
21-10-22,40370.75,41032.25,40355.45,40784.05
24-10-22,41348.35,41427.25,41201.15,41304.9
25-10-22,41513.65,41530.65,41021.45,41122.75
26-10-22,41513.65,41530.65,41021.45,41122.75
27-10-22,41440.7,41511.8,41178.65,41299.3
28-10-22,41236.8,41482.4,40839.3,40990.85
31-10-22,41265.7,41353.7,41106.1,41307.9
01-11-22,41552.4,41677.25,41188.55,41289.55
02-11-22,41472.6,41474.3,41060.45,41146.65
03-11-22,40873.7,41478,40819.15,41298.35
04-11-22,41314.85,41516.2,41051.15,41258.45
07-11-22,41740.65,41779.4,41337.05,41686.7
08-11-22,41740.65,41779.4,41337.05,41686.7
09-11-22,41914.85,41948.9,41667.9,41783.2
10-11-22,41462.85,41643.9,41318.6,41603.75
11-11-22,42163.4,42345.5,41918.1,42137.05
14-11-22,42177.55,42231.45,41965.45,42076.75
15-11-22,42234.85,42450.05,42079.55,42372.7
16-11-22,42371.8,42611.75,42296.3,42535.3
17-11-22,42399.65,42622.75,42366.55,42458.05
18-11-22,42545.75,42590.75,42223.7,42437.45
21-11-22,42286.95,42386.8,42202.55,42346.55
22-11-22,42467.4,42508.75,42347.15,42457.05
23-11-22,42668.55,42860.55,42556.4,42729.1
24-11-22,42838.35,43163.4,42769.65,43075.4
25-11-22,43192.45,43339.15,42864.95,42983.95
28-11-22,42757.2,43159.8,42740,43020.45
29-11-22,42959.4,43279.6,42959.4,43053.45
30-11-22,43122.75,43332.3,42880.05,43231
01-12-22,43512.1,43515.05,43101.85,43260.65
02-12-22,42976.7,43131.9,42937.8,43103.75
05-12-22,43269.35,43372.15,42985,43332.95
06-12-22,43093.9,43306.85,43076.4,43138.55
07-12-22,43157.35,43327.35,42948.45,43098.7
08-12-22,43142.25,43640.9,43095.3,43596.85
09-12-22,43765.3,43853.4,43361.7,43633.45
12-12-22,43455.85,43767.05,43378.8,43708.75
13-12-22,43793.7,43983.8,43767.75,43946.55
14-12-22,44078.6,44151.8,43987.95,44049.1
15-12-22,43940.1,44120.6,43379.1,43498.2
16-12-22,43261.75,43598.2,43080.55,43219.5
19-12-22,43346.35,43451.45,43110.3,43413.75
20-12-22,43152.65,43426.2,42955.4,43359.5
21-12-22,43525.75,43614.65,42363.8,42617.95
22-12-22,42864,42933.5,42231.35,42408.8
23-12-22,41951.35,42226.65,41597.65,41668.05
26-12-22,41716.35,42846.15,41569.45,42630.15
27-12-22,42827.75,42927.2,42394.15,42859.5
28-12-22,42733.6,43034.95,42694.85,42827.7
29-12-22,42684.9,43498.05,42489.8,43252.35
30-12-22,43401.7,43422.95,42833.1,42986.45
02-01-23,43038.25,43382.75,42961.75,43203.1
03-01-23,43151.45,43482.8,43148.45,43425.25
04-01-23,43417.5,43578.4,42858.65,42958.8
05-01-23,43073.05,43137.55,42298.6,42608.7
06-01-23,42649.7,42685.9,41877,42188.8
09-01-23,42404.85,42716.8,42186.55,42582.75
10-01-23,42642,42674.25,41835.75,42014.75
11-01-23,42071.85,42318,41729,42232.7
12-01-23,42238.5,42343.5,41742.95,42082.25
13-01-23,42171.25,42453.95,41885.6,42371.25
16-01-23,42622.5,42715.65,42066.55,42167.55
17-01-23,42241.2,42383.8,41861.1,42235.05
18-01-23,42271.8,42555.9,42119.65,42458
19-01-23,42416.3,42506.25,42234.9,42328.85
20-01-23,42516.05,42709.2,42366.15,42506.8
23-01-23,42891.45,43005.85,42727.7,42821.25
24-01-23,42994.45,43078.9,42615.65,42733.45
25-01-23,42703.6,42733.05,41540.3,41647.65
26-01-23,42703.6,42733.05,41540.3,41647.65
27-01-23,41382.35,41417.9,40148.8,40345.3
30-01-23,39856.15,40789.55,39419.8,40387.45
31-01-23,40563.85,40811.65,40167.7,40655.05
01-02-23,41115,42015.65,39490.5,40513
02-02-23,39943.35,40757.6,39761.45,40669.3
03-02-23,41019.35,41539.95,40609.75,41499.7
06-02-23,41530.15,41724.5,41261.2,41374.65
07-02-23,41513.1,41630.75,41095.1,41490.95
08-02-23,41542.05,41791.95,41403.05,41537.65
09-02-23,41634,41634,41252.95,41554.3
10-02-23,41452.4,41678.9,41424.9,41559.4
13-02-23,41563.5,41662.55,41157.9,41282.2
14-02-23,41410.45,41718,41195.75,41648.35
15-02-23,41674.6,41795.45,41455.6,41731.05
16-02-23,41925.7,41979.1,41521.95,41631.35
17-02-23,41514,41516.3,40882.7,41131.75
20-02-23,41221.55,41292.6,40580.1,40701.7
21-02-23,40784.9,40946.2,40508.25,40673.6
22-02-23,40494.15,40529.25,39899,39995.9
23-02-23,39983.7,40147.8,39600.25,40001.55
24-02-23,40259.1,40348.1,39818.9,39909.4
27-02-23,39820.4,40371.45,39745.4,40307.1
28-02-23,40302.7,40391.45,40073,40269.05
01-03-23,40473.85,40725.35,40341.95,40698.15
02-03-23,40604.55,40773.25,40312.9,40389.8
03-03-23,40671.4,41390.15,40605.35,41251.35
06-03-23,41418.4,41671.2,41259.15,41350.4
07-03-23,41418.4,41671.2,41259.15,41350.4
08-03-23,41178.35,41625.35,41100.35,41577.1
09-03-23,41532.65,41659,41208.1,41256.75
10-03-23,40805.25,40839,40341.7,40485.45
13-03-23,40356.1,40690.05,39454.6,39564.7
14-03-23,39522.4,39768.5,39132.6,39411.4
15-03-23,39777.9,39914.1,38934.65,39051.5
16-03-23,39061.7,39381.4,38613.15,39132.6
17-03-23,39442.4,39705.15,38926.8,39598.1
20-03-23,39512.1,39512.1,38941.9,39361.95
21-03-23,39599.65,39970.9,39366.3,39894.7
22-03-23,40036,40085.6,39837.8,39999.05
23-03-23,39836.15,40201.6,39552.5,39616.9
24-03-23,39555.25,39767.9,39294.9,39395.35
27-03-23,39484.7,39695.2,39273.75,39431.3
28-03-23,39545.05,39645.2,39326.1,39567.9
29-03-23,39611.55,40055,39609.55,39910.15
30-03-23,39611.55,40055,39609.55,39910.15
31-03-23,40231.25,40690.4,40180.2,40608.65
03-04-23,40695.8,40857.6,40535.9,40813.05
04-04-23,40695.8,40857.6,40535.9,40813.05
05-04-23,40972.3,41071.15,40802.65,40999.15
06-04-23,40940.7,41274.7,40820.55,41041
07-04-23,40940.7,41274.7,40820.55,41041
10-04-23,41116.15,41139.85,40727.25,40834.65
11-04-23,41232,41403.25,40990.2,41366.5
12-04-23,41426,41610.15,41332,41557.95
13-04-23,41680.1,42196.2,41502.65,42132.55
14-04-23,41680.1,42196.2,41502.65,42132.55
17-04-23,42603.55,42603.55,41799,42262.55
18-04-23,42406.95,42500.7,42114.35,42265.2
19-04-23,42280.1,42339.9,42022.15,42154
20-04-23,42218.5,42378.15,42108.85,42269.5
21-04-23,42252.55,42382.15,41962.35,42118
24-04-23,42469.95,42714.15,42269.1,42635.75
25-04-23,42731.6,42865.55,42601.5,42678.5
26-04-23,42559.05,42875.6,42432.25,42829.9
27-04-23,42753.9,43043.4,42736.6,43000.85
28-04-23,43045.5,43302.05,42810.35,43233.9
01-05-23,43045.5,43302.05,42810.35,43233.9
02-05-23,43395.05,43483.85,43269.4,43352.1
03-05-23,43154.85,43354.95,43078.15,43312.7
04-05-23,43236.1,43739.8,43213.95,43685.45
05-05-23,43110.65,43588,42582.2,42661.2
08-05-23,42796.85,43418.55,42780.3,43284
09-05-23,43438.55,43533.25,43125.85,43198.15
10-05-23,43275.25,43383.65,42822.15,43331.05
11-05-23,43535.1,43774.25,43367.25,43475.3
12-05-23,43447.15,43905.95,43347.75,43793.55
15-05-23,43821.05,44151.7,43666.6,44072.1
16-05-23,44144.15,44144.15,43815.7,43903.7
17-05-23,43948.5,43992.75,43446.4,43698.7
18-05-23,44006.9,44079.2,43673.7,43752.3
19-05-23,43930,44020.9,43531.9,43969.4
22-05-23,43935.3,44026.75,43684.9,43885.1
23-05-23,43978.9,44095.25,43852.2,43954.45
24-05-23,43751.95,44010.45,43639.8,43677.85
25-05-23,43630.25,43719.85,43390.3,43681.4
26-05-23,43765.35,44067.6,43588.8,44018
29-05-23,44276.8,44483.35,44193.95,44311.9
30-05-23,44277.35,44498.6,44207.5,44436.35
31-05-23,44318,44339.05,43822.7,44128.15
01-06-23,44172.05,44179.95,43706.15,43790.2
02-06-23,43997.3,44088.9,43812.55,43937.85
05-06-23,44103.25,44266.15,44074.2,44101.65
06-06-23,44156.7,44236.2,44009.7,44164.55
07-06-23,44318.7,44346.3,44143.5,44275.3
08-06-23,44208.3,44459.25,43917.9,43995.25
09-06-23,44045.75,44220.1,43932.6,43989
12-06-23,44035.2,44124.95,43874.05,43944.2
13-06-23,43889.7,44138.15,43889.7,44079.85
14-06-23,44181.65,44212.35,43956.15,43988
15-06-23,44054.35,44077.45,43397.5,43443.6
16-06-23,43583.35,44083.25,43536.95,43938.15
19-06-23,44015.3,44040.35,43501.4,43633.75
20-06-23,43597.55,43823.95,43345.95,43766.5
21-06-23,43894.4,43946.7,43698.95,43859.2
22-06-23,43874.8,44042.15,43663.35,43724.85
23-06-23,43641.6,43824.1,43519.55,43622.9
26-06-23,43714.75,43773.1,43541.75,43641.05
27-06-23,43804.55,44194.65,43693.15,44121.5
28-06-23,44419.5,44508.4,44163.2,44327.8
29-06-23,44419.5,44508.4,44163.2,44327.8
30-06-23,44666,44787.1,44447.2,44747.35
03-07-23,44957.95,45353.2,44882.1,45158.1
04-07-23,45310.55,45655.5,45000.25,45301.45
05-07-23,45169.7,45418.9,45073.4,45151.8
06-07-23,45060.55,45417.5,45042.6,45339.9
07-07-23,45118.05,45227.25,44844.8,44925
10-07-23,44958.65,45184.3,44721.9,44860.85
11-07-23,44998,45139.55,44663.05,44745.05
12-07-23,44872.6,44937.25,44562.4,44639.45
13-07-23,45009.3,45085.15,44612.2,44665.05
14-07-23,44860.65,44923.85,44547.8,44819.3
17-07-23,44951.2,45556.45,44695.05,45449.75
18-07-23,45754.8,45905.85,45281.3,45410.85
19-07-23,45622.5,45707.4,45433,45669.3
20-07-23,45689.05,46256.2,45640.95,46186.9
21-07-23,46063.95,46369.5,45925.9,46075.2
24-07-23,46131.9,46191.5,45858.75,45923.05
25-07-23,46154.7,46156.1,45622.85,45845
26-07-23,45935.15,46096.6,45804.7,46062.35
27-07-23,46285.85,46310.1,45570.65,45679.3
28-07-23,45560.9,45727.75,45238.8,45468.1
31-07-23,45546.35,45694.9,45359.75,45651.1
01-08-23,45740,45782.75,45471.05,45592.5
02-08-23,45234.65,45404.9,44720.9,44995.7
03-08-23,44862.85,45038.45,44279.4,44513.45
04-08-23,44754.75,45118.05,44520.55,44879.5
07-08-23,44993.7,45011.35,44773.85,44837.5
08-08-23,44888.95,45096.85,44817.85,44964.45
09-08-23,44973.45,44975,44533.75,44880.7
10-08-23,44797.65,44980.35,44418.4,44541.8
11-08-23,44568.15,44571.25,44120.9,44199.1
14-08-23,44066.6,44212.75,43776.9,44090.95
15-08-23,44066.6,44212.75,43776.9,44090.95
16-08-23,43726.25,44002.8,43600.35,43946.4
17-08-23,43897.25,44071.85,43745.1,43891.35
18-08-23,43724.75,43957.65,43672.45,43851.05
21-08-23,43952.85,44113.8,43862,44002
22-08-23,44125,44151.3,43938.7,43993.25
23-08-23,44064.5,44521.65,43952.05,44479.05
24-08-23,44704.2,44949.9,44433.75,44496.2
25-08-23,44276.2,44359.1,43983.75,44231.45
28-08-23,44253.65,44610.4,44201.45,44494.65
29-08-23,44655.75,44673,44429.8,44495.25
30-08-23,44706.55,44779.65,44149.8,44232.6
31-08-23,44265.85,44399.65,43895.05,43989.15
01-09-23,43996.1,44568.55,43830.75,44436.1
04-09-23,44647.65,44656.05,44310.95,44578.3
05-09-23,44625.05,44668.7,44401.7,44532.15
06-09-23,44494.65,44577,44207.25,44409.1
07-09-23,44418.05,44915.55,44341.2,44878.35
08-09-23,44953.65,45383.35,44812.15,45156.4
11-09-23,45340.8,45636.2,45231.3,45570.7
12-09-23,45893.8,45893.8,45322.55,45511.35
13-09-23,45449.35,45990.5,45299.4,45909.45
14-09-23,46013.3,46153.9,45801.5,46000.85
15-09-23,46122.15,46310.4,46028.75,46231.5
18-09-23,46100.95,46252.95,45906.9,45979.85
19-09-23,46100.95,46252.95,45906.9,45979.85
20-09-23,45493.7,45745.15,45276.4,45384.6
21-09-23,45179.6,45276.8,44592.45,44623.85
22-09-23,44707.35,44996.75,44548.9,44612.05
25-09-23,44615,44936.55,44400.9,44766.1
26-09-23,44722.5,44773.8,44532.45,44624.2
27-09-23,44465.9,44668,44182.5,44588.3
28-09-23,44700.35,44756.8,44248.2,44300.95
29-09-23,44445.35,44755.05,44344.9,44584.55
02-10-23,44445.35,44755.05,44344.9,44584.55
03-10-23,44561.5,44566.3,44243.1,44399.05
04-10-23,44108.15,44161.35,43857.5,43964.05
05-10-23,44181.35,44391.85,44108.3,44213.35
06-10-23,44395.4,44500.7,44242.95,44360.6
09-10-23,44057.8,44113.2,43796.75,43886.5
10-10-23,44027.55,44487.25,44004.55,44360.15
11-10-23,44554.9,44710.55,44411.4,44516.9
12-10-23,44571.55,44693.05,44530.05,44599.2
13-10-23,44322.05,44563.05,44203.7,44287.95
16-10-23,44204.75,44356.95,44044.4,44225.9
17-10-23,44589.8,44589.85,44336.95,44409.5
18-10-23,44404.2,44412.5,43861.45,43888.7
19-10-23,43616.75,44058.8,43558.1,43754.5
20-10-23,43584.25,43877.5,43567.45,43723.05
23-10-23,43822.7,43831.3,43029.45,43151.2
24-10-23,43822.7,43831.3,43029.45,43151.2
25-10-23,43308.3,43397.45,42758.4,42832
26-10-23,42708.4,42716.2,42105.4,42280.15
27-10-23,42555.6,42840.15,42482.75,42782
30-10-23,42721.4,43112.5,42390.5,43039.15
31-10-23,43356.85,43356.85,42797.15,42845.95
01-11-23,42694.25,42815.15,42589.65,42700.95
02-11-23,43018.7,43271.5,42796.45,43017.2
03-11-23,43318.3,43416.1,43221,43318.25
06-11-23,43627.75,43648.7,43415.2,43619.4
07-11-23,43598.85,43799.35,43283.85,43737.9
08-11-23,43791.8,43797.55,43547.75,43658.65
09-11-23,43626.1,43876.75,43542.65,43683.6
10-11-23,43543.25,43908.7,43504.95,43820.1
13-11-23,43915.1,43970.75,43681.4,43891.25
14-11-23,43915.1,43970.75,43681.4,43891.25
15-11-23,44398.45,44408.55,44164.55,44201.7
16-11-23,44251.7,44420.95,44064.15,44161.55
17-11-23,43656.25,43872.85,43513.85,43583.95
20-11-23,43591.5,43724,43450.05,43584.95
21-11-23,43790.95,43790.95,43586.45,43689.15
22-11-23,43663.6,43692.5,43230.95,43449.6
23-11-23,43452.75,43649.65,43451.35,43577.5
24-11-23,43607.35,43806.5,43566.15,43769.1
27-11-23,43607.35,43806.5,43566.15,43769.1
28-11-23,43851.55,43960.3,43739.8,43880.95
29-11-23,44081.75,44630.35,44003.45,44566.45
30-11-23,44711.2,44764.8,44254.6,44481.75
01-12-23,44580.15,44951.1,44531.75,44814.2
04-12-23,45671.5,46484.45,45484.2,46431.4
05-12-23,46895.9,47230.55,46653.65,47012.25
06-12-23,47256.75,47259.85,46750.2,46834.55
07-12-23,46735.4,46927.7,46507.15,46841.4
08-12-23,46797.2,47303.65,46793.9,47262
11-12-23,47233.3,47588,47186.6,47314.25
12-12-23,47421.7,47454,47004.05,47097.55
13-12-23,47190.75,47201.95,46886.9,47092.25
14-12-23,47567.65,47943.6,47510.85,47732.3
15-12-23,47939.9,48219.95,47632.85,48143.55
18-12-23,48068.5,48076.6,47806.7,47867.7
19-12-23,47940.4,48017,47646.05,47870.9
20-12-23,48085.35,48166.15,47202.65,47445.3
21-12-23,47172.45,47932.4,46919.7,47840.15
22-12-23,47837.75,48071.4,47415.85,47491.85
25-12-23,47837.75,48071.4,47415.85,47491.85
26-12-23,47576.4,47838.45,47411.65,47724.85
27-12-23,47818.5,48347.65,47806.7,48282.2
28-12-23,48479.05,48636.45,48343.15,48508.55
29-12-23,48374.85,48477.7,48091.85,48292.25
01-01-24,48203.45,48450,48044.15,48234.3
02-01-24,48194.8,48223.55,47689.8,47761.65
