26-12-23,53643.74,53975.15,53481.9,53851.86,0
27-12-23,53931.51,54513.73,53922.89,54437.38,0
28-12-23,54673.33,54799.84,54471.36,54666.44,0
29-12-23,54597.37,54632.68,54135.67,54378.31,0
01-01-24,54261.41,54542.19,54055.39,54351.03,0
02-01-24,54282.36,54290.76,53656.37,53723.03,0
03-01-24,53718.22,53816.48,53403.87,53729.55,0
04-01-24,53869.23,54340.97,53769.35,54231.82,0
05-01-24,54298.28,54457.59,53909.17,54272.04,0
08-01-24,54218.6,54274.43,53406.61,53501.48,0
09-01-24,53768.15,54059.54,53186.59,53259.99,0
10-01-24,53155.43,53432.82,53006.7,53359.65,0
11-01-24,53551.93,53728.57,53269.14,53485.11,0
12-01-24,53623.19,53996.3,53456.57,53798.38,0
15-01-24,54036.67,54342.99,53915.09,54250.93,0
16-01-24,54180.37,54419.8,54108.78,54196.97,0
17-01-24,52889.13,53327.83,51958.87,52020.27,0
18-01-24,51521.25,52292.24,51369.99,51802.83,0
19-01-24,52316.31,52459.32,51661.14,51832.42,0
20-01-24,52210.96,52410.73,51714.6,52233.05,0
23-01-24,52700.4,52937.44,50972.14,51132.35,0
24-01-24,50616.64,51533.27,50450.07,51041.74,0
25-01-24,51060.28,51138.2,50238.96,50744.82,0
29-01-24,51072.13,51660.65,50911.91,51467.89,0
30-01-24,51532.61,51744.25,51174.79,51335.27,0
31-01-24,51293.19,52245.63,50980.91,51999.08,0
01-02-24,52100.55,52336.93,51652.35,52245.9,0
02-02-24,52547.08,52994.01,51858.5,51975.08,0
05-02-24,51842.92,52041.5,51548.18,51787.93,0
06-02-24,51795.33,51836.11,51444.17,51603.47,0
07-02-24,51927.1,52080.71,51623.38,51912.63,0
08-02-24,52206.8,52296.86,50834.88,50976.1,0
09-02-24,51054.94,51867.09,50822.51,51732.68,0
12-02-24,51863.55,51864.23,50662.34,50978.88,0
13-02-24,51197.18,51970.29,50955.61,51715.15,0
14-02-24,51230.75,52617.52,51073.81,52324.76,0
15-02-24,52519.82,52620.57,51890.53,52535.36,0
16-02-24,52850.51,53003.53,52509.55,52628.29,0
19-02-24,52825.31,52979.58,52530.24,52792.1,0
20-02-24,52746.23,53491.53,52628.24,53441.37,0
21-02-24,53748.85,53748.85,53232.9,53373.48,0
22-02-24,53359.56,53474.14,52798.86,53351.28,0
23-02-24,53495.09,53670.42,53073.65,53195.39,0
26-02-24,53032.4,53247.58,52826.06,52913.82,0
27-02-24,52795.55,53026.62,52624.34,52891.77,0
28-02-24,52955.45,53083.27,52129.46,52222.5,0
29-02-24,52084.9,52650.89,51877.5,52456.58,0
01-03-24,52527.65,53811.63,52513.08,53755.26,0
02-03-24,53767.06,53894.01,53640.27,53731.39,0
04-03-24,53753.28,54050.34,53659.18,53939.04,0
05-03-24,53727.55,54251.82,53659.72,54033.89,0
06-03-24,53834.15,54810.09,53834.15,54566.74,0
07-03-24,54742.72,54742.72,54268.48,54394.38,0
11-03-24,54332.62,54417.3,53708.8,53787.34,0
12-03-24,53811.05,54317.73,53237.23,53666.35,0
13-03-24,53637.64,53887.77,53230.71,53339.66,0
14-03-24,53007.14,53643.61,52927.99,53100.07,0
15-03-24,52945.53,53070.03,52504.2,52832.61,0
18-03-24,52678.57,53028.21,52218.79,52851.17,0
19-03-24,52715.65,52872.55,52534.12,52643.19,0
20-03-24,52654.98,52989.89,52082.46,52595.65,0
21-03-24,52958.51,53340.65,52826.22,52953.45,0
22-03-24,52785.61,53251.75,52782.34,53105.76,0
26-03-24,52852.38,53057.03,52732.24,52837.53,0
27-03-24,52988.62,53243.65,52906.56,53079.4,0
28-03-24,53123.65,53829.84,53107.57,53515.19,0
01-04-24,53734.42,54047.34,53724.04,53897.03,0
02-04-24,53861.58,53993.06,53701.98,53792.41,0
03-04-24,53606.89,53966.86,53538.8,53832.5,0
04-04-24,54271.01,54420.21,53830.47,54139.5,0
05-04-24,54235.89,54707.49,53948.83,54590.61,0
08-04-24,54865.22,54971.31,54681.62,54838.02,0
09-04-24,55173.31,55270.85,54864.5,55023.9,0
10-04-24,55182.48,55470.42,54993.65,55387.88,0
12-04-24,55116.35,55257.56,54801.98,54884.37,0
15-04-24,54065.8,54522.81,53976.68,54033.54,0
16-04-24,53582.72,53873.71,53506.42,53763.22,0
18-04-24,53924.37,54064.14,53081.28,53178.34,0
19-04-24,52796.95,53821.13,52596.54,53720.76,0
22-04-24,54193.83,54307.74,53856.34,54221.72,0
23-04-24,54602.25,54625.96,54231.12,54319.13,0
24-04-24,54435.99,54667.65,54390.51,54605.03,0
25-04-24,54097.22,55092.53,54075.09,54993.86,0
26-04-24,55156.49,55185.55,54487.72,54606.29,0
29-04-24,54811.44,56156.55,54783.21,56081.13,0
30-04-24,56198.67,56671.05,55837.48,55997.79,0
02-05-24,55815.4,56105.67,55627.76,55746.79,0
03-05-24,55944.08,56164.8,55123.99,55409.09,0
06-05-24,55737.24,55852.25,55376.56,55534.36,0
07-05-24,55570.92,55629.62,54813.33,54929.28,0
08-05-24,54730.16,54895.46,54501.66,54719.15,0
09-05-24,54776.33,54982.59,54189.21,54240.93,0
10-05-24,54381.34,54707.98,54005.57,54153.35,0
13-05-24,54041.74,54589.48,53636.65,54507.5,0
14-05-24,54423.03,54647.38,54296.5,54563.73,0
15-05-24,54607.17,54693.44,54261.69,54472.86,0
16-05-24,54695.78,54889.67,54055.55,54803.17,0
17-05-24,54692.15,55089.26,54565.41,55003.9,0
18-05-24,54714.13,55117.61,54714.13,55063.16,0
21-05-24,54856.8,55192.19,54854.53,54942.09,0
22-05-24,55090.37,55090.37,54236.77,54658.38,0
23-05-24,54723.89,55806.4,54713.57,55740.24,0
24-05-24,55617.61,56039.38,55615.83,55918.6,0
27-05-24,56088.36,56697.24,56017.65,56271.27,0
28-05-24,56382.89,56486.07,55987.19,56080.0,0
29-05-24,55716.43,55964.44,55216.95,55310.98,0
30-05-24,55159.02,55937.07,55096.3,55603.85,0
31-05-24,55812.7,56021.45,55364.95,55771.72,0
03-06-24,57641.69,58467.07,57152.99,58290.47,0
04-06-24,58086.66,58135.3,52579.26,53577.08,0
05-06-24,54333.54,56151.22,52991.98,55829.05,0
06-06-24,56278.56,56632.07,55711.1,56157.15,0
07-06-24,56137.17,56897.37,55912.91,56766.69,0
10-06-24,56964.26,57347.18,56569.73,56807.08,0
11-06-24,56865.01,56967.13,56488.68,56658.92,0
12-06-24,56721.88,57226.47,56622.91,56808.1,0
13-06-24,57154.62,57167.57,56683.54,56749.37,0
14-06-24,56794.39,57007.48,56539.85,56864.77,0
18-06-24,57020.55,57398.66,56739.39,57339.35,0
19-06-24,57528.96,59101.93,57334.01,58468.88,0
20-06-24,58716.21,58903.43,58296.88,58824.83,0
21-06-24,58932.5,59042.34,58228.5,58696.6,0
24-06-24,58396.17,58831.43,58173.02,58710.02,0
25-06-24,58824.76,59969.43,58807.55,59805.21,0
26-06-24,59902.82,60295.76,59567.52,60149.88,0
27-06-24,60356.7,60537.44,59965.63,60268.26,0
28-06-24,60279.96,60465.13,59516.66,59640.9,0
01-07-24,59700.37,59965.07,59415.92,59853.59,0
02-07-24,60120.22,60125.9,59060.3,59307.59,0
03-07-24,59890.6,60484.93,59573.68,60344.16,0
04-07-24,60720.76,60720.76,60130.84,60443.69,0
05-07-24,60036.83,60427.28,59648.18,60332.23,0
08-07-24,60161.46,60425.27,59925.27,60089.93,0
09-07-24,60143.86,60353.05,60043.69,60304.0,0
10-07-24,60313.65,60313.65,59743.59,59916.33,0
11-07-24,60103.4,60260.65,59469.02,60078.16,0
12-07-24,60028.16,60730.54,59977.13,60140.44,0
15-07-24,60172.64,60648.6,59986.79,60416.03,0
16-07-24,60383.86,60585.1,60219.85,60305.34,0
18-07-24,60086.59,60782.3,60070.55,60593.25,0
19-07-24,60555.51,60559.83,60032.86,60167.1,0
22-07-24,60076.17,60229.17,59722.12,60001.83,0
23-07-24,60283.29,60292.76,58868.91,59353.97,0
24-07-24,59276.49,59536.63,58224.33,58783.97,0
25-07-24,58103.83,58239.69,57670.35,58140.01,0
26-07-24,57888.82,58717.68,57699.51,58638.77,0
29-07-24,58897.69,59748.19,58409.8,58668.79,0
30-07-24,58608.61,59260.84,58467.14,58756.04,0
31-07-24,58934.6,58977.82,58617.69,58865.99,0
01-08-24,59019.72,59204.2,58706.36,58829.81,0
02-08-24,58398.49,58756.43,58251.41,58487.09,0
05-08-24,57117.77,57738.52,56561.78,56941.47,0
06-08-24,57160.66,57671.1,56455.69,56508.25,0
07-08-24,57195.61,57244.87,56615.58,57033.74,0
08-08-24,57040.36,57353.86,56649.59,57033.81,0
09-08-24,57746.91,57747.73,57322.54,57458.68,0
12-08-24,57134.93,57893.97,57083.36,57652.25,0
13-08-24,57434.23,57750.09,56759.13,56816.19,0
14-08-24,56850.32,56920.0,56590.62,56721.95,0
16-08-24,57156.0,57736.48,56816.69,57633.81,0
19-08-24,57774.39,57870.1,57322.02,57423.9,0
20-08-24,57570.3,58164.81,57454.11,57907.02,0
21-08-24,57644.62,57888.05,57411.83,57808.67,0
22-08-24,57980.04,58185.09,57880.67,58074.93,0
23-08-24,58086.3,58209.4,57941.83,58038.72,0
26-08-24,58264.43,58441.06,58176.24,58232.09,0
27-08-24,58296.69,58516.29,58003.69,58373.67,0
28-08-24,58225.71,58348.75,58100.11,58187.22,0
29-08-24,58074.64,58450.59,58045.79,58215.46,0
30-08-24,58585.73,58587.7,58222.84,58311.51,0
02-09-24,58509.39,58631.7,58242.38,58498.28,0
03-09-24,58478.53,58864.55,58228.67,58798.15,0
04-09-24,58064.78,58530.77,58049.46,58384.52,0
05-09-24,58449.46,58589.44,58327.06,58420.06,0
06-09-24,58240.65,58282.2,57122.4,57292.63,0
09-09-24,57278.06,58069.97,57015.33,57950.57,0
10-09-24,58213.15,58213.15,57765.76,58095.36,0
11-09-24,58091.64,58288.13,57778.48,57851.33,0
12-09-24,58091.75,58859.14,57854.29,58729.55,0
13-09-24,58898.34,58991.25,58593.53,58908.78,0
16-09-24,59036.96,59272.81,58915.69,59195.62,0
17-09-24,59329.9,59382.37,59103.14,59253.5,0
18-09-24,59227.77,60092.6,59196.06,59815.36,0
19-09-24,60019.53,60519.8,59948.15,60089.58,0
20-09-24,60280.43,61242.13,60058.34,60955.12,0
23-09-24,61070.38,61451.83,60886.84,61349.41,0
24-09-24,61322.5,61451.52,61082.21,61166.36,0
25-09-24,60993.65,61425.94,60972.22,61372.16,0
26-09-24,61421.2,61804.1,61265.99,61702.0,0
27-09-24,61632.77,61684.77,61053.88,61152.03,0
30-09-24,60884.8,61019.57,59957.56,60038.09,0
01-10-24,59916.64,60393.24,59910.53,60100.0,0
03-10-24,59293.51,59694.49,58619.36,58761.57,0
04-10-24,58498.34,59446.0,58274.18,58394.32,0
07-10-24,58486.93,58761.43,56780.38,57168.09,0
08-10-24,57180.87,57971.62,57180.87,57805.41,0
09-10-24,57980.61,58707.43,57760.35,57980.36,0
10-10-24,58201.67,58789.78,58042.02,58623.32,0
11-10-24,58579.94,58675.65,58059.55,58263.75,0
14-10-24,58355.52,58938.48,58298.16,58866.43,0
15-10-24,58962.91,59057.96,58721.95,58933.11,0
16-10-24,58603.89,59085.82,58603.89,58773.72,0
17-10-24,58802.54,58891.65,58095.49,58259.38,0
18-10-24,58359.4,59462.04,58047.21,59331.76,0
21-10-24,59662.38,59843.27,58944.85,59115.28,0
22-10-24,59246.38,59401.41,58253.05,58346.5,0
23-10-24,58184.35,58660.76,58140.06,58205.7,0
24-10-24,58244.9,58735.92,58091.81,58522.84,0
25-10-24,58566.44,58725.96,57533.21,58094.91,0
