283933445,1109115,BANKEX24OCT53000CE,CE
283783685,1108530,BANKEX24OCT53000PE,PE
284038917,1109527,BANKEX24OCT53100CE,CE
283881989,1108914,BANKEX24OCT53100PE,PE
284000517,1109377,BANKEX24OCT53200CE,CE
283988741,1109331,BANKEX24OCT53200PE,PE
283790085,1108555,BANKEX24OCT53300CE,CE
283946757,1109167,BANKEX24OCT53300PE,PE
283886597,1108932,BANKEX24OCT53400CE,CE
284050437,1109572,BANKEX24OCT53400PE,PE
283852549,1108799,BANKEX24OCT53500CE,CE
284011269,1109419,BANKEX24OCT53500PE,PE
283952645,1109190,BANKEX24OCT53600CE,CE
283804933,1108613,BANKEX24OCT53600PE,PE
283913733,1109038,BANKEX24OCT53700CE,CE
283896069,1108969,BANKEX24OCT53700PE,PE
284016133,1109438,BANKEX24OCT53800CE,CE
283864581,1108846,BANKEX24OCT53800PE,PE
283810821,1108636,BANKEX24OCT53900CE,CE
283966981,1109246,BANKEX24OCT53900PE,PE
284019461,1109451,BANKEX24OCT54000CE,CE
284004869,1109394,BANKEX24OCT54000PE,PE
283812869,1108644,BANKEX24OCT54100CE,CE
283970565,1109260,BANKEX24OCT54100PE,PE
283906821,1109011,BANKEX24OCT54200CE,CE
284073477,1109662,BANKEX24OCT54200PE,PE
283871749,1108874,BANKEX24OCT54300CE,CE
284034053,1109508,BANKEX24OCT54300PE,PE
283976197,1109282,BANKEX24OCT54400CE,CE
283824133,1108688,BANKEX24OCT54400PE,PE
283717381,1108271,BANKEX24OCT54500CE,CE
283710725,1108245,BANKEX24OCT54500PE,PE
283746309,1108384,BANKEX24OCT54600CE,CE
283699205,1108200,BANKEX24OCT54600PE,PE
283141125,1106020,BANKEX24OCT54700CE,CE
283251461,1106451,BANKEX24OCT54700PE,PE
283117829,1105929,BANKEX24OCT54800CE,CE
283225861,1106351,BANKEX24OCT54800PE,PE
283183877,1106187,BANKEX24OCT54900CE,CE
283289605,1106600,BANKEX24OCT54900PE,PE
283213317,1106302,BANKEX24OCT55000CE,CE
283110917,1105902,BANKEX24OCT55000PE,PE
283186181,1106196,BANKEX24OCT55100CE,CE
283291141,1106606,BANKEX24OCT55100PE,PE
283256069,1106469,BANKEX24OCT55200CE,CE
283150085,1106055,BANKEX24OCT55200PE,PE
283231237,1106372,BANKEX24OCT55300CE,CE
283221253,1106333,BANKEX24OCT55300PE,PE
283295237,1106622,BANKEX24OCT55400CE,CE
283194885,1106230,BANKEX24OCT55400PE,PE
283153925,1106070,BANKEX24OCT55500CE,CE
283263749,1106499,BANKEX24OCT55500PE,PE
283128069,1105969,BANKEX24OCT55600CE,CE
283240709,1106409,BANKEX24OCT55600PE,PE
283197957,1106242,BANKEX24OCT55700CE,CE
283303941,1106656,BANKEX24OCT55700PE,PE
283171845,1106140,BANKEX24OCT55800CE,CE
283160581,1106096,BANKEX24OCT55800PE,PE
283243525,1106420,BANKEX24OCT55900CE,CE
283136773,1106003,BANKEX24OCT55900PE,PE
283269637,1106522,BANKEX24OCT56000CE,CE
283164421,1106111,BANKEX24OCT56000PE,PE
283246085,1106430,BANKEX24OCT56100CE,CE
283235845,1106390,BANKEX24OCT56100PE,PE
283103493,1105873,BANKEX24OCT56200CE,CE
283209477,1106287,BANKEX24OCT56200PE,PE
283168261,1106126,BANKEX24OCT56300CE,CE
283276293,1106548,BANKEX24OCT56300PE,PE
283142661,1106026,BANKEX24OCT56400CE,CE
283252997,1106457,BANKEX24OCT56400PE,PE
283212805,1106300,BANKEX24OCT56500CE,CE
283109637,1105897,BANKEX24OCT56500PE,PE
283185157,1106192,BANKEX24OCT56600CE,CE
283176197,1106157,BANKEX24OCT56600PE,PE
283255557,1106467,BANKEX24OCT56700CE,CE
283149317,1106052,BANKEX24OCT56700PE,PE
283113221,1105911,BANKEX24OCT56800CE,CE
283220997,1106332,BANKEX24OCT56800PE,PE
283294981,1106621,BANKEX24OCT56900CE,CE
283194629,1106229,BANKEX24OCT56900PE,PE
283116037,1105922,BANKEX24OCT57000CE,CE
283223557,1106342,BANKEX24OCT57000PE,PE
283180549,1106174,BANKEX24OCT57100CE,CE
283287301,1106591,BANKEX24OCT57100PE,PE
283155973,1106078,BANKEX24OCT57200CE,CE
283265797,1106507,BANKEX24OCT57200PE,PE
283227397,1106357,BANKEX24OCT57300CE,CE
283121157,1105942,BANKEX24OCT57300PE,PE
283199493,1106248,BANKEX24OCT57400CE,CE
283188485,1106205,BANKEX24OCT57400PE,PE
283269125,1106520,BANKEX24OCT57500CE,CE
283163397,1106107,BANKEX24OCT57500PE,PE
283123717,1105952,BANKEX24OCT57600CE,CE
283235589,1106389,BANKEX24OCT57600PE,PE
283103237,1105872,BANKEX24OCT57700CE,CE
283208453,1106283,BANKEX24OCT57700PE,PE
283168005,1106125,BANKEX24OCT57800CE,CE
283275781,1106546,BANKEX24OCT57800PE,PE
283141893,1106023,BANKEX24OCT57900CE,CE
283130373,1105978,BANKEX24OCT57900PE,PE
283169541,1106131,BANKEX24OCT58000CE,CE
283277317,1106552,BANKEX24OCT58000PE,PE
283241989,1106414,BANKEX24OCT58100CE,CE
283133445,1105990,BANKEX24OCT58100PE,PE
283215109,1106309,BANKEX24OCT58200CE,CE
283202565,1106260,BANKEX24OCT58200PE,PE
283281413,1106568,BANKEX24OCT58300CE,CE
283177989,1106164,BANKEX24OCT58300PE,PE
283138309,1106009,BANKEX24OCT58400CE,CE
283248389,1106439,BANKEX24OCT58400PE,PE
283115525,1105920,BANKEX24OCT58500CE,CE
283223045,1106340,BANKEX24OCT58500PE,PE
283180037,1106172,BANKEX24OCT58600CE,CE
283286789,1106589,BANKEX24OCT58600PE,PE
283155461,1106076,BANKEX24OCT58700CE,CE
283144709,1106034,BANKEX24OCT58700PE,PE
283226885,1106355,BANKEX24OCT58800CE,CE
283120389,1105939,BANKEX24OCT58800PE,PE
283290117,1106602,BANKEX24OCT58900CE,CE
283187717,1106202,BANKEX24OCT58900PE,PE
283228677,1106362,BANKEX24OCT59000CE,CE
283218181,1106321,BANKEX24OCT59000PE,PE
283292421,1106611,BANKEX24OCT59100CE,CE
283191813,1106218,BANKEX24OCT59100PE,PE
283151109,1106059,BANKEX24OCT59200CE,CE
283260421,1106486,BANKEX24OCT59200PE,PE
283125765,1105960,BANKEX24OCT59300CE,CE
283237381,1106396,BANKEX24OCT59300PE,PE
283195909,1106234,BANKEX24OCT59400CE,CE
283299845,1106640,BANKEX24OCT59400PE,PE
283169285,1106130,BANKEX24OCT59500CE,CE
283157765,1106085,BANKEX24OCT59500PE,PE
283241733,1106413,BANKEX24OCT59600CE,CE
283132165,1105985,BANKEX24OCT59600PE,PE
283304709,1106659,BANKEX24OCT59700CE,CE
283202309,1106259,BANKEX24OCT59700PE,PE
283280389,1106564,BANKEX24OCT59800CE,CE
283177477,1106162,BANKEX24OCT59800PE,PE
283138053,1106008,BANKEX24OCT59900CE,CE
283247877,1106437,BANKEX24OCT59900PE,PE
283249925,1106445,BANKEX24OCT60000CE,CE
283143429,1106029,BANKEX24OCT60000PE,PE
283224069,1106344,BANKEX24OCT60100CE,CE
283118597,1105932,BANKEX24OCT60100PE,PE
283287813,1106593,BANKEX24OCT60200CE,CE
283186693,1106198,BANKEX24OCT60200PE,PE
283267333,1106513,BANKEX24OCT60300CE,CE
283256837,1106472,BANKEX24OCT60300PE,PE
283122437,1105947,BANKEX24OCT60400CE,CE
283231493,1106373,BANKEX24OCT60400PE,PE
283190533,1106213,BANKEX24OCT60500CE,CE
283295749,1106624,BANKEX24OCT60500PE,PE
283165957,1106117,BANKEX24OCT60600CE,CE
283272965,1106535,BANKEX24OCT60600PE,PE
283236613,1106393,BANKEX24OCT60700CE,CE
283128325,1105970,BANKEX24OCT60700PE,PE
283211013,1106293,BANKEX24OCT60800CE,CE
283106309,1105884,BANKEX24OCT60800PE,PE
283276549,1106549,BANKEX24OCT60900CE,CE
283172101,1106141,BANKEX24OCT60900PE,PE
283301637,1106647,BANKEX24OCT61000CE,CE
283200261,1106251,BANKEX24OCT61000PE,PE
283278853,1106558,BANKEX24OCT61100CE,CE
283270405,1106525,BANKEX24OCT61100PE,PE
283135237,1105997,BANKEX24OCT61200CE,CE
283246597,1106432,BANKEX24OCT61200PE,PE
283203845,1106265,BANKEX24OCT61300CE,CE
283104005,1105875,BANKEX24OCT61300PE,PE
283179269,1106169,BANKEX24OCT61400CE,CE
283285509,1106584,BANKEX24OCT61400PE,PE
283249413,1106443,BANKEX24OCT61500CE,CE
283142917,1106027,BANKEX24OCT61500PE,PE
283223813,1106343,BANKEX24OCT61600CE,CE
283118341,1105931,BANKEX24OCT61600PE,PE
283287557,1106592,BANKEX24OCT61700CE,CE
283185413,1106193,BANKEX24OCT61700PE,PE
283266053,1106508,BANKEX24OCT61800CE,CE
283255813,1106468,BANKEX24OCT61800PE,PE
283121925,1105945,BANKEX24OCT61900CE,CE
283230725,1106370,BANKEX24OCT61900PE,PE
283147269,1106044,BANKEX24OCT62000CE,CE
283258373,1106478,BANKEX24OCT62000PE,PE
283218949,1106324,BANKEX24OCT62100CE,CE
283116293,1105923,BANKEX24OCT62100PE,PE
283192581,1106221,BANKEX24OCT62200CE,CE
283297541,1106631,BANKEX24OCT62200PE,PE
283262213,1106493,BANKEX24OCT62300CE,CE
283156485,1106080,BANKEX24OCT62300PE,PE
283239685,1106405,BANKEX24OCT62400CE,CE
283129093,1105973,BANKEX24OCT62400PE,PE
283300869,1106644,BANKEX24OCT62500CE,CE
283199749,1106249,BANKEX24OCT62500PE,PE
283278341,1106556,BANKEX24OCT62600CE,CE
283269381,1106521,BANKEX24OCT62600PE,PE
283134981,1105996,BANKEX24OCT62700CE,CE
283245829,1106429,BANKEX24OCT62700PE,PE
283371525,1106920,BANKEX24OCT62800CE,CE
283314437,1106697,BANKEX24OCT62800PE,PE
283485189,1107364,BANKEX24OCT62900CE,CE
283559685,1107655,BANKEX24OCT62900PE,PE
291075845,1137015,BANKEX24OCT63000CE,CE
290973445,1136615,BANKEX24OCT63000PE,PE
291147525,1137295,BANKEX24OCT63100CE,CE
291047685,1136905,BANKEX24OCT63100PE,PE
291118853,1137183,BANKEX24OCT63200CE,CE
291108357,1137142,BANKEX24OCT63200PE,PE
291198213,1137493,BANKEX24OCT63300CE,CE
291253509,1137709,BANKEX24OCT63300PE,PE
291543813,1138843,BANKEX24OCT63400CE,CE
291530501,1138791,BANKEX24OCT63400PE,PE
291365637,1138147,BANKEX24OCT63500CE,CE
291507205,1138700,BANKEX24OCT63500PE,PE
291455237,1138497,BANKEX24OCT63600CE,CE
291324933,1137988,BANKEX24OCT63600PE,PE
291419909,1138359,BANKEX24OCT63700CE,CE
291549701,1138866,BANKEX24OCT63700PE,PE
291509765,1138710,BANKEX24OCT63800CE,CE
291375877,1138187,BANKEX24OCT63800PE,PE
291699973,1139453,BANKEX24OCT63900CE,CE
291693317,1139427,BANKEX24OCT63900PE,PE
291730693,1139573,BANKEX24OCT64000CE,CE
291719173,1139528,BANKEX24OCT64000PE,PE
