10097154,39442,FINNIFTY24OCT21000CE,CE
10097410,39443,FINNIFTY24OCT21000PE,PE
10097666,39444,FINNIFTY24OCT21100CE,CE
10097922,39445,FINNIFTY24OCT21100PE,PE
10098178,39446,FINNIFTY24OCT21200CE,CE
10098434,39447,FINNIFTY24OCT21200PE,PE
10098690,39448,FINNIFTY24OCT21300CE,CE
10099202,39450,FINNIFTY24OCT21300PE,PE
10100482,39455,FINNIFTY24OCT21400CE,CE
10100994,39457,FINNIFTY24OCT21400PE,PE
10101250,39458,FINNIFTY24OCT21500CE,CE
10101506,39459,FINNIFTY24OCT21500PE,PE
10101762,39460,FINNIFTY24OCT21600CE,CE
10102018,39461,FINNIFTY24OCT21600PE,PE
10102274,39462,FINNIFTY24OCT21700CE,CE
10102530,39463,FINNIFTY24OCT21700PE,PE
10103298,39466,FINNIFTY24OCT21800CE,CE
10103554,39467,FINNIFTY24OCT21800PE,PE
10103810,39468,FINNIFTY24OCT21900CE,CE
10104066,39469,FINNIFTY24OCT21900PE,PE
10092034,39422,FINNIFTY24OCT21950CE,CE
10093314,39427,FINNIFTY24OCT21950PE,PE
10104834,39472,FINNIFTY24OCT22000CE,CE
10105090,39473,FINNIFTY24OCT22000PE,PE
10093570,39428,FINNIFTY24OCT22050CE,CE
10093826,39429,FINNIFTY24OCT22050PE,PE
10105346,39474,FINNIFTY24OCT22100CE,CE
10105602,39475,FINNIFTY24OCT22100PE,PE
10095618,39436,FINNIFTY24OCT22150CE,CE
10095874,39437,FINNIFTY24OCT22150PE,PE
10106882,39480,FINNIFTY24OCT22200CE,CE
10107138,39481,FINNIFTY24OCT22200PE,PE
10098946,39449,FINNIFTY24OCT22250CE,CE
10099458,39451,FINNIFTY24OCT22250PE,PE
10107394,39482,FINNIFTY24OCT22300CE,CE
10108162,39485,FINNIFTY24OCT22300PE,PE
10099714,39452,FINNIFTY24OCT22350CE,CE
10099970,39453,FINNIFTY24OCT22350PE,PE
10108418,39486,FINNIFTY24OCT22400CE,CE
10108674,39487,FINNIFTY24OCT22400PE,PE
10100226,39454,FINNIFTY24OCT22450CE,CE
10100738,39456,FINNIFTY24OCT22450PE,PE
10108930,39488,FINNIFTY24OCT22500CE,CE
10109186,39489,FINNIFTY24OCT22500PE,PE
10102786,39464,FINNIFTY24OCT22550CE,CE
10103042,39465,FINNIFTY24OCT22550PE,PE
10109442,39490,FINNIFTY24OCT22600CE,CE
10109698,39491,FINNIFTY24OCT22600PE,PE
10104578,39471,FINNIFTY24OCT22650CE,CE
10105858,39476,FINNIFTY24OCT22650PE,PE
10109954,39492,FINNIFTY24OCT22700CE,CE
10110210,39493,FINNIFTY24OCT22700PE,PE
10106114,39477,FINNIFTY24OCT22750CE,CE
10106370,39478,FINNIFTY24OCT22750PE,PE
10110466,39494,FINNIFTY24OCT22800CE,CE
10110722,39495,FINNIFTY24OCT22800PE,PE
10106626,39479,FINNIFTY24OCT22850CE,CE
10107650,39483,FINNIFTY24OCT22850PE,PE
10110978,39496,FINNIFTY24OCT22900CE,CE
10111234,39497,FINNIFTY24OCT22900PE,PE
10127106,39559,FINNIFTY24OCT22950CE,CE
10127362,39560,FINNIFTY24OCT22950PE,PE
10111490,39498,FINNIFTY24OCT23000CE,CE
10111746,39499,FINNIFTY24OCT23000PE,PE
10127618,39561,FINNIFTY24OCT23050CE,CE
10127874,39562,FINNIFTY24OCT23050PE,PE
10112002,39500,FINNIFTY24OCT23100CE,CE
10112258,39501,FINNIFTY24OCT23100PE,PE
10129154,39567,FINNIFTY24OCT23150CE,CE
10129410,39568,FINNIFTY24OCT23150PE,PE
10112770,39503,FINNIFTY24OCT23200CE,CE
10113026,39504,FINNIFTY24OCT23200PE,PE
10129666,39569,FINNIFTY24OCT23250CE,CE
10129922,39570,FINNIFTY24OCT23250PE,PE
10113538,39506,FINNIFTY24OCT23300CE,CE
10113794,39507,FINNIFTY24OCT23300PE,PE
10130690,39573,FINNIFTY24OCT23350CE,CE
10130946,39574,FINNIFTY24OCT23350PE,PE
10114050,39508,FINNIFTY24OCT23400CE,CE
10114306,39509,FINNIFTY24OCT23400PE,PE
10131202,39575,FINNIFTY24OCT23450CE,CE
10131458,39576,FINNIFTY24OCT23450PE,PE
10114562,39510,FINNIFTY24OCT23500CE,CE
10114818,39511,FINNIFTY24OCT23500PE,PE
10131714,39577,FINNIFTY24OCT23550CE,CE
10131970,39578,FINNIFTY24OCT23550PE,PE
10115330,39513,FINNIFTY24OCT23600CE,CE
10115842,39515,FINNIFTY24OCT23600PE,PE
10133250,39583,FINNIFTY24OCT23650CE,CE
10133506,39584,FINNIFTY24OCT23650PE,PE
10116098,39516,FINNIFTY24OCT23700CE,CE
10116354,39517,FINNIFTY24OCT23700PE,PE
10136322,39595,FINNIFTY24OCT23750CE,CE
10136578,39596,FINNIFTY24OCT23750PE,PE
10116610,39518,FINNIFTY24OCT23800CE,CE
10116866,39519,FINNIFTY24OCT23800PE,PE
10137858,39601,FINNIFTY24OCT23850CE,CE
10138114,39602,FINNIFTY24OCT23850PE,PE
10117122,39520,FINNIFTY24OCT23900CE,CE
10117378,39521,FINNIFTY24OCT23900PE,PE
10139906,39609,FINNIFTY24OCT23950CE,CE
10140162,39610,FINNIFTY24OCT23950PE,PE
10117634,39522,FINNIFTY24OCT24000CE,CE
10117890,39523,FINNIFTY24OCT24000PE,PE
10141442,39615,FINNIFTY24OCT24050CE,CE
10141698,39616,FINNIFTY24OCT24050PE,PE
10118146,39524,FINNIFTY24OCT24100CE,CE
10118402,39525,FINNIFTY24OCT24100PE,PE
10142978,39621,FINNIFTY24OCT24150CE,CE
10143234,39622,FINNIFTY24OCT24150PE,PE
10118658,39526,FINNIFTY24OCT24200CE,CE
10118914,39527,FINNIFTY24OCT24200PE,PE
10143490,39623,FINNIFTY24OCT24250CE,CE
10143746,39624,FINNIFTY24OCT24250PE,PE
10119170,39528,FINNIFTY24OCT24300CE,CE
10119426,39529,FINNIFTY24OCT24300PE,PE
10144002,39625,FINNIFTY24OCT24350CE,CE
10144258,39626,FINNIFTY24OCT24350PE,PE
10119682,39530,FINNIFTY24OCT24400CE,CE
10119938,39531,FINNIFTY24OCT24400PE,PE
10144514,39627,FINNIFTY24OCT24450CE,CE
10144770,39628,FINNIFTY24OCT24450PE,PE
10120194,39532,FINNIFTY24OCT24500CE,CE
10120450,39533,FINNIFTY24OCT24500PE,PE
10145026,39629,FINNIFTY24OCT24550CE,CE
10146050,39633,FINNIFTY24OCT24550PE,PE
10120706,39534,FINNIFTY24OCT24600CE,CE
10120962,39535,FINNIFTY24OCT24600PE,PE
10146306,39634,FINNIFTY24OCT24650CE,CE
10147586,39639,FINNIFTY24OCT24650PE,PE
10121218,39536,FINNIFTY24OCT24700CE,CE
10121474,39537,FINNIFTY24OCT24700PE,PE
10150146,39649,FINNIFTY24OCT24750CE,CE
10150402,39650,FINNIFTY24OCT24750PE,PE
10122498,39541,FINNIFTY24OCT24800CE,CE
10122754,39542,FINNIFTY24OCT24800PE,PE
10150914,39652,FINNIFTY24OCT24850CE,CE
10151170,39653,FINNIFTY24OCT24850PE,PE
10123010,39543,FINNIFTY24OCT24900CE,CE
10123266,39544,FINNIFTY24OCT24900PE,PE
10151682,39655,FINNIFTY24OCT24950CE,CE
10151938,39656,FINNIFTY24OCT24950PE,PE
10123522,39545,FINNIFTY24OCT25000CE,CE
10123778,39546,FINNIFTY24OCT25000PE,PE
10152194,39657,FINNIFTY24OCT25050CE,CE
10152450,39658,FINNIFTY24OCT25050PE,PE
10124034,39547,FINNIFTY24OCT25100CE,CE
10124290,39548,FINNIFTY24OCT25100PE,PE
10152706,39659,FINNIFTY24OCT25150CE,CE
10152962,39660,FINNIFTY24OCT25150PE,PE
10124546,39549,FINNIFTY24OCT25200CE,CE
10124802,39550,FINNIFTY24OCT25200PE,PE
10153474,39662,FINNIFTY24OCT25250CE,CE
10153730,39663,FINNIFTY24OCT25250PE,PE
10125058,39551,FINNIFTY24OCT25300CE,CE
10125314,39552,FINNIFTY24OCT25300PE,PE
10153986,39664,FINNIFTY24OCT25350CE,CE
10157826,39679,FINNIFTY24OCT25350PE,PE
10125570,39553,FINNIFTY24OCT25400CE,CE
10125826,39554,FINNIFTY24OCT25400PE,PE
10158594,39682,FINNIFTY24OCT25450CE,CE
10159106,39684,FINNIFTY24OCT25450PE,PE
10126082,39555,FINNIFTY24OCT25500CE,CE
10126338,39556,FINNIFTY24OCT25500PE,PE
10164226,39704,FINNIFTY24OCT25550CE,CE
10164482,39705,FINNIFTY24OCT25550PE,PE
10126594,39557,FINNIFTY24OCT25600CE,CE
10126850,39558,FINNIFTY24OCT25600PE,PE
10166018,39711,FINNIFTY24OCT25650CE,CE
10166274,39712,FINNIFTY24OCT25650PE,PE
10222594,39932,FINNIFTY24OCT25700CE,CE
10224386,39939,FINNIFTY24OCT25700PE,PE
10167042,39715,FINNIFTY24OCT25750CE,CE
10167298,39716,FINNIFTY24OCT25750PE,PE
10631426,41529,FINNIFTY24OCT25800CE,CE
10632194,41532,FINNIFTY24OCT25800PE,PE
10168066,39719,FINNIFTY24OCT25850CE,CE
10168322,39720,FINNIFTY24OCT25850PE,PE
10632450,41533,FINNIFTY24OCT25900CE,CE
10633474,41537,FINNIFTY24OCT25900PE,PE
10168578,39721,FINNIFTY24OCT25950CE,CE
10169602,39725,FINNIFTY24OCT25950PE,PE
10633730,41538,FINNIFTY24OCT26000CE,CE
10637314,41552,FINNIFTY24OCT26000PE,PE
10169858,39726,FINNIFTY24OCT26050CE,CE
10170114,39727,FINNIFTY24OCT26050PE,PE
10637570,41553,FINNIFTY24OCT26100CE,CE
10638082,41555,FINNIFTY24OCT26100PE,PE
10170370,39728,FINNIFTY24OCT26150CE,CE
10170626,39729,FINNIFTY24OCT26150PE,PE
10962434,42822,FINNIFTY24OCT26200CE,CE
10962690,42823,FINNIFTY24OCT26200PE,PE
10170882,39730,FINNIFTY24OCT26250CE,CE
10171138,39731,FINNIFTY24OCT26250PE,PE
10962946,42824,FINNIFTY24OCT26300CE,CE
10963202,42825,FINNIFTY24OCT26300PE,PE
10171394,39732,FINNIFTY24OCT26350CE,CE
10171650,39733,FINNIFTY24OCT26350PE,PE
10963714,42827,FINNIFTY24OCT26400CE,CE
10964482,42830,FINNIFTY24OCT26400PE,PE
10964738,42831,FINNIFTY24OCT26500CE,CE
10969602,42850,FINNIFTY24OCT26500PE,PE
10969858,42851,FINNIFTY24OCT26600CE,CE
10971650,42858,FINNIFTY24OCT26600PE,PE
10971906,42859,FINNIFTY24OCT26700CE,CE
10972418,42861,FINNIFTY24OCT26700PE,PE
10972674,42862,FINNIFTY24OCT26800CE,CE
10974466,42869,FINNIFTY24OCT26800PE,PE
10974722,42870,FINNIFTY24OCT26900CE,CE
10974978,42871,FINNIFTY24OCT26900PE,PE
10975234,42872,FINNIFTY24OCT27000CE,CE
10975490,42873,FINNIFTY24OCT27000PE,PE
