10885378,42521,BANKNIFTY24OCT46500CE,CE
10885634,42522,BANKNIFTY24OCT46500PE,PE
10890498,42541,BANKNIFTY24OCT46700CE,CE
10890754,42542,BANKNIFTY24OCT46700PE,PE
10891778,42546,BANKNIFTY24OCT46800CE,CE
10892034,42547,BANKNIFTY24OCT46800PE,PE
10892290,42548,BANKNIFTY24OCT46900CE,CE
10893058,42551,BANKNIFTY24OCT46900PE,PE
10893570,42553,BANKNIFTY24OCT47000CE,CE
10893826,42554,BANKNIFTY24OCT47000PE,PE
10894082,42555,BANKNIFTY24OCT47100CE,CE
10926594,42682,BANKNIFTY24OCT47100PE,PE
10927362,42685,BANKNIFTY24OCT47200CE,CE
11001858,42976,BANKNIFTY24OCT47200PE,PE
11002370,42978,BANKNIFTY24OCT47300CE,CE
11002626,42979,BANKNIFTY24OCT47300PE,PE
11003906,42984,BANKNIFTY24OCT47400CE,CE
11004162,42985,BANKNIFTY24OCT47400PE,PE
11004674,42987,BANKNIFTY24OCT47500CE,CE
11004930,42988,BANKNIFTY24OCT47500PE,PE
11005186,42989,BANKNIFTY24OCT47600CE,CE
11005442,42990,BANKNIFTY24OCT47600PE,PE
11005698,42991,BANKNIFTY24OCT47700CE,CE
11005954,42992,BANKNIFTY24OCT47700PE,PE
11006210,42993,BANKNIFTY24OCT47800CE,CE
11007490,42998,BANKNIFTY24OCT47800PE,PE
11007746,42999,BANKNIFTY24OCT47900CE,CE
11008002,43000,BANKNIFTY24OCT47900PE,PE
11008258,43001,BANKNIFTY24OCT48000CE,CE
11009026,43004,BANKNIFTY24OCT48000PE,PE
11009282,43005,BANKNIFTY24OCT48100CE,CE
11009538,43006,BANKNIFTY24OCT48100PE,PE
11009794,43007,BANKNIFTY24OCT48200CE,CE
11010050,43008,BANKNIFTY24OCT48200PE,PE
11010306,43009,BANKNIFTY24OCT48300CE,CE
11010562,43010,BANKNIFTY24OCT48300PE,PE
11011330,43013,BANKNIFTY24OCT48400CE,CE
11011586,43014,BANKNIFTY24OCT48400PE,PE
11012866,43019,BANKNIFTY24OCT48500CE,CE
11013122,43020,BANKNIFTY24OCT48500PE,PE
11013378,43021,BANKNIFTY24OCT48600CE,CE
11013634,43022,BANKNIFTY24OCT48600PE,PE
11013890,43023,BANKNIFTY24OCT48700CE,CE
11014146,43024,BANKNIFTY24OCT48700PE,PE
11014402,43025,BANKNIFTY24OCT48800CE,CE
11015170,43028,BANKNIFTY24OCT48800PE,PE
11015426,43029,BANKNIFTY24OCT48900CE,CE
11015682,43030,BANKNIFTY24OCT48900PE,PE
11015938,43031,BANKNIFTY24OCT49000CE,CE
11016194,43032,BANKNIFTY24OCT49000PE,PE
11016450,43033,BANKNIFTY24OCT49100CE,CE
11016706,43034,BANKNIFTY24OCT49100PE,PE
11016962,43035,BANKNIFTY24OCT49200CE,CE
11017218,43036,BANKNIFTY24OCT49200PE,PE
11017730,43038,BANKNIFTY24OCT49300CE,CE
11017986,43039,BANKNIFTY24OCT49300PE,PE
11019010,43043,BANKNIFTY24OCT49400CE,CE
11019266,43044,BANKNIFTY24OCT49400PE,PE
11019522,43045,BANKNIFTY24OCT49500CE,CE
11019778,43046,BANKNIFTY24OCT49500PE,PE
11021058,43051,BANKNIFTY24OCT49600CE,CE
11021314,43052,BANKNIFTY24OCT49600PE,PE
11021826,43054,BANKNIFTY24OCT49700CE,CE
11022082,43055,BANKNIFTY24OCT49700PE,PE
11022850,43058,BANKNIFTY24OCT49800CE,CE
11023106,43059,BANKNIFTY24OCT49800PE,PE
11023618,43061,BANKNIFTY24OCT49900CE,CE
11023874,43062,BANKNIFTY24OCT49900PE,PE
11024130,43063,BANKNIFTY24OCT50000CE,CE
11024386,43064,BANKNIFTY24OCT50000PE,PE
11024642,43065,BANKNIFTY24OCT50100CE,CE
11024898,43066,BANKNIFTY24OCT50100PE,PE
11025154,43067,BANKNIFTY24OCT50200CE,CE
11025410,43068,BANKNIFTY24OCT50200PE,PE
11025922,43070,BANKNIFTY24OCT50300CE,CE
11026178,43071,BANKNIFTY24OCT50300PE,PE
11026434,43072,BANKNIFTY24OCT50400CE,CE
11026690,43073,BANKNIFTY24OCT50400PE,PE
11029250,43083,BANKNIFTY24OCT50500CE,CE
11029506,43084,BANKNIFTY24OCT50500PE,PE
11029762,43085,BANKNIFTY24OCT50600CE,CE
11030018,43086,BANKNIFTY24OCT50600PE,PE
11031042,43090,BANKNIFTY24OCT50700CE,CE
11031298,43091,BANKNIFTY24OCT50700PE,PE
11031554,43092,BANKNIFTY24OCT50800CE,CE
11032066,43094,BANKNIFTY24OCT50800PE,PE
11032834,43097,BANKNIFTY24OCT50900CE,CE
11033090,43098,BANKNIFTY24OCT50900PE,PE
11033346,43099,BANKNIFTY24OCT51000CE,CE
11033602,43100,BANKNIFTY24OCT51000PE,PE
11035138,43106,BANKNIFTY24OCT51100CE,CE
11035394,43107,BANKNIFTY24OCT51100PE,PE
11035650,43108,BANKNIFTY24OCT51200CE,CE
11035906,43109,BANKNIFTY24OCT51200PE,PE
11036162,43110,BANKNIFTY24OCT51300CE,CE
11036418,43111,BANKNIFTY24OCT51300PE,PE
11037954,43117,BANKNIFTY24OCT51400CE,CE
11038210,43118,BANKNIFTY24OCT51400PE,PE
11040002,43125,BANKNIFTY24OCT51500CE,CE
11040258,43126,BANKNIFTY24OCT51500PE,PE
11040514,43127,BANKNIFTY24OCT51600CE,CE
11040770,43128,BANKNIFTY24OCT51600PE,PE
11041538,43131,BANKNIFTY24OCT51700CE,CE
11041794,43132,BANKNIFTY24OCT51700PE,PE
11042050,43133,BANKNIFTY24OCT51800CE,CE
11042306,43134,BANKNIFTY24OCT51800PE,PE
11042562,43135,BANKNIFTY24OCT51900CE,CE
11042818,43136,BANKNIFTY24OCT51900PE,PE
11043074,43137,BANKNIFTY24OCT52000CE,CE
11043330,43138,BANKNIFTY24OCT52000PE,PE
11043586,43139,BANKNIFTY24OCT52100CE,CE
11043842,43140,BANKNIFTY24OCT52100PE,PE
11044098,43141,BANKNIFTY24OCT52200CE,CE
11044354,43142,BANKNIFTY24OCT52200PE,PE
11044610,43143,BANKNIFTY24OCT52300CE,CE
11044866,43144,BANKNIFTY24OCT52300PE,PE
11045122,43145,BANKNIFTY24OCT52400CE,CE
11045378,43146,BANKNIFTY24OCT52400PE,PE
11045634,43147,BANKNIFTY24OCT52500CE,CE
11045890,43148,BANKNIFTY24OCT52500PE,PE
11046146,43149,BANKNIFTY24OCT52600CE,CE
11046402,43150,BANKNIFTY24OCT52600PE,PE
11046658,43151,BANKNIFTY24OCT52700CE,CE
11047426,43154,BANKNIFTY24OCT52700PE,PE
11047682,43155,BANKNIFTY24OCT52800CE,CE
11048706,43159,BANKNIFTY24OCT52800PE,PE
11051266,43169,BANKNIFTY24OCT52900CE,CE
11051522,43170,BANKNIFTY24OCT52900PE,PE
11051778,43171,BANKNIFTY24OCT53000CE,CE
11052034,43172,BANKNIFTY24OCT53000PE,PE
11053058,43176,BANKNIFTY24OCT53100CE,CE
11054082,43180,BANKNIFTY24OCT53100PE,PE
11054338,43181,BANKNIFTY24OCT53200CE,CE
11054594,43182,BANKNIFTY24OCT53200PE,PE
11054850,43183,BANKNIFTY24OCT53300CE,CE
11055362,43185,BANKNIFTY24OCT53300PE,PE
11055618,43186,BANKNIFTY24OCT53400CE,CE
11055874,43187,BANKNIFTY24OCT53400PE,PE
11056898,43191,BANKNIFTY24OCT53500CE,CE
11057154,43192,BANKNIFTY24OCT53500PE,PE
11057410,43193,BANKNIFTY24OCT53600CE,CE
11057666,43194,BANKNIFTY24OCT53600PE,PE
11058434,43197,BANKNIFTY24OCT53700CE,CE
11058690,43198,BANKNIFTY24OCT53700PE,PE
11059714,43202,BANKNIFTY24OCT53800CE,CE
11059970,43203,BANKNIFTY24OCT53800PE,PE
11060482,43205,BANKNIFTY24OCT53900CE,CE
11060738,43206,BANKNIFTY24OCT53900PE,PE
11060994,43207,BANKNIFTY24OCT54000CE,CE
11061250,43208,BANKNIFTY24OCT54000PE,PE
11061506,43209,BANKNIFTY24OCT54100CE,CE
11061762,43210,BANKNIFTY24OCT54100PE,PE
11062530,43213,BANKNIFTY24OCT54200CE,CE
11062786,43214,BANKNIFTY24OCT54200PE,PE
11063042,43215,BANKNIFTY24OCT54300CE,CE
11063298,43216,BANKNIFTY24OCT54300PE,PE
11063554,43217,BANKNIFTY24OCT54400CE,CE
11063810,43218,BANKNIFTY24OCT54400PE,PE
11064066,43219,BANKNIFTY24OCT54500CE,CE
11064322,43220,BANKNIFTY24OCT54500PE,PE
11064578,43221,BANKNIFTY24OCT54600CE,CE
11065346,43224,BANKNIFTY24OCT54600PE,PE
11065602,43225,BANKNIFTY24OCT54700CE,CE
11065858,43226,BANKNIFTY24OCT54700PE,PE
11067650,43233,BANKNIFTY24OCT54800CE,CE
11067906,43234,BANKNIFTY24OCT54800PE,PE
11068162,43235,BANKNIFTY24OCT54900CE,CE
11068418,43236,BANKNIFTY24OCT54900PE,PE
11068674,43237,BANKNIFTY24OCT55000CE,CE
11068930,43238,BANKNIFTY24OCT55000PE,PE
11069186,43239,BANKNIFTY24OCT55100CE,CE
11069442,43240,BANKNIFTY24OCT55100PE,PE
11069698,43241,BANKNIFTY24OCT55200CE,CE
11069954,43242,BANKNIFTY24OCT55200PE,PE
11070210,43243,BANKNIFTY24OCT55300CE,CE
11070466,43244,BANKNIFTY24OCT55300PE,PE
11070722,43245,BANKNIFTY24OCT55400CE,CE
11070978,43246,BANKNIFTY24OCT55400PE,PE
11071234,43247,BANKNIFTY24OCT55500CE,CE
11071490,43248,BANKNIFTY24OCT55500PE,PE
11071746,43249,BANKNIFTY24OCT55600CE,CE
11073026,43254,BANKNIFTY24OCT55600PE,PE
11073282,43255,BANKNIFTY24OCT55700CE,CE
11073538,43256,BANKNIFTY24OCT55700PE,PE
11073794,43257,BANKNIFTY24OCT55800CE,CE
11074050,43258,BANKNIFTY24OCT55800PE,PE
11074306,43259,BANKNIFTY24OCT55900CE,CE
11074562,43260,BANKNIFTY24OCT55900PE,PE
11074818,43261,BANKNIFTY24OCT56000CE,CE
11075074,43262,BANKNIFTY24OCT56000PE,PE
11075330,43263,BANKNIFTY24OCT56100CE,CE
11075586,43264,BANKNIFTY24OCT56100PE,PE
11075842,43265,BANKNIFTY24OCT56200CE,CE
11077122,43270,BANKNIFTY24OCT56200PE,PE
11077378,43271,BANKNIFTY24OCT56300CE,CE
11077634,43272,BANKNIFTY24OCT56300PE,PE
11077890,43273,BANKNIFTY24OCT56400CE,CE
11078146,43274,BANKNIFTY24OCT56400PE,PE
11078402,43275,BANKNIFTY24OCT56500CE,CE
11081218,43286,BANKNIFTY24OCT56500PE,PE
11081474,43287,BANKNIFTY24OCT56600CE,CE
11133698,43491,BANKNIFTY24OCT56600PE,PE
11133954,43492,BANKNIFTY24OCT56700CE,CE
11163394,43607,BANKNIFTY24OCT56700PE,PE
11163650,43608,BANKNIFTY24OCT56800CE,CE
11324162,44235,BANKNIFTY24OCT56800PE,PE
11324418,44236,BANKNIFTY24OCT56900CE,CE
11692802,45675,BANKNIFTY24OCT56900PE,PE
11693058,45676,BANKNIFTY24OCT57000CE,CE
11693314,45677,BANKNIFTY24OCT57000PE,PE
11693570,45678,BANKNIFTY24OCT57100CE,CE
11694850,45683,BANKNIFTY24OCT57100PE,PE
11695106,45684,BANKNIFTY24OCT57200CE,CE
11836930,46238,BANKNIFTY24OCT57200PE,PE
11837186,46239,BANKNIFTY24OCT57300CE,CE
11841538,46256,BANKNIFTY24OCT57300PE,PE
11843330,46263,BANKNIFTY24OCT57400CE,CE
11843586,46264,BANKNIFTY24OCT57400PE,PE
11844866,46269,BANKNIFTY24OCT57500CE,CE
11845122,46270,BANKNIFTY24OCT57500PE,PE
