283944965,1109160,SENSEX24OCT75000CE,CE
283795205,1108575,SENSEX24OCT75000PE,PE
283905797,1109007,SENSEX24OCT75100CE,CE
284071685,1109655,SENSEX24OCT75100PE,PE
284009989,1109414,SENSEX24OCT75200CE,CE
283857925,1108820,SENSEX24OCT75200PE,PE
283975685,1109280,SENSEX24OCT75300CE,CE
283959813,1109218,SENSEX24OCT75300PE,PE
283763461,1108451,SENSEX24OCT75400CE,CE
283917317,1109052,SENSEX24OCT75400PE,PE
283863045,1108840,SENSEX24OCT75500CE,CE
284021253,1109458,SENSEX24OCT75500PE,PE
283829509,1108709,SENSEX24OCT75600CE,CE
283987205,1109325,SENSEX24OCT75600PE,PE
283922693,1109073,SENSEX24OCT75700CE,CE
283772933,1108488,SENSEX24OCT75700PE,PE
283886085,1108930,SENSEX24OCT75800CE,CE
284048901,1109566,SENSEX24OCT75800PE,PE
283992837,1109347,SENSEX24OCT75900CE,CE
283839493,1108748,SENSEX24OCT75900PE,PE
284033285,1109505,SENSEX24OCT76000CE,CE
283875333,1108888,SENSEX24OCT76000PE,PE
283995397,1109357,SENSEX24OCT76100CE,CE
283981829,1109304,SENSEX24OCT76100PE,PE
283782149,1108524,SENSEX24OCT76200CE,CE
283937285,1109130,SENSEX24OCT76200PE,PE
283880709,1108909,SENSEX24OCT76300CE,CE
284042245,1109540,SENSEX24OCT76300PE,PE
283846149,1108774,SENSEX24OCT76400CE,CE
284003845,1109390,SENSEX24OCT76400PE,PE
283943685,1109155,SENSEX24OCT76500CE,CE
283794949,1108574,SENSEX24OCT76500PE,PE
283905029,1109004,SENSEX24OCT76600CE,CE
283889925,1108945,SENSEX24OCT76600PE,PE
284008709,1109409,SENSEX24OCT76700CE,CE
283857413,1108818,SENSEX24OCT76700PE,PE
283975173,1109278,SENSEX24OCT76800CE,CE
283959045,1109215,SENSEX24OCT76800PE,PE
283762693,1108448,SENSEX24OCT76900CE,CE
283916549,1109049,SENSEX24OCT76900PE,PE
283675397,1108107,SENSEX24OCT77000CE,CE
283723525,1108295,SENSEX24OCT77000PE,PE
283705349,1108224,SENSEX24OCT77100CE,CE
283753989,1108414,SENSEX24OCT77100PE,PE
283694341,1108181,SENSEX24OCT77200CE,CE
283741445,1108365,SENSEX24OCT77200PE,PE
282996485,1105455,SENSEX24OCT77300CE,CE
282877701,1104991,SENSEX24OCT77300PE,PE
282969093,1105348,SENSEX24OCT77400CE,CE
282959109,1105309,SENSEX24OCT77400PE,PE
283055365,1105685,SENSEX24OCT77500CE,CE
282928645,1105190,SENSEX24OCT77500PE,PE
282882821,1105011,SENSEX24OCT77600CE,CE
283006469,1105494,SENSEX24OCT77600PE,PE
282852869,1104894,SENSEX24OCT77700CE,CE
282979333,1105388,SENSEX24OCT77700PE,PE
282932229,1105204,SENSEX24OCT77800CE,CE
283064325,1105720,SENSEX24OCT77800PE,PE
282904837,1105097,SENSEX24OCT77900CE,CE
283031301,1105591,SENSEX24OCT77900PE,PE
282936325,1105220,SENSEX24OCT78000CE,CE
283066629,1105729,SENSEX24OCT78000PE,PE
283014405,1105525,SENSEX24OCT78100CE,CE
282895365,1105060,SENSEX24OCT78100PE,PE
282985221,1105411,SENSEX24OCT78200CE,CE
282974213,1105368,SENSEX24OCT78200PE,PE
283072005,1105750,SENSEX24OCT78300CE,CE
282947845,1105265,SENSEX24OCT78300PE,PE
282899461,1105076,SENSEX24OCT78400CE,CE
283026949,1105574,SENSEX24OCT78400PE,PE
282868997,1104957,SENSEX24OCT78500CE,CE
282993157,1105442,SENSEX24OCT78500PE,PE
282951429,1105279,SENSEX24OCT78600CE,CE
283079941,1105781,SENSEX24OCT78600PE,PE
282919685,1105155,SENSEX24OCT78700CE,CE
283049733,1105663,SENSEX24OCT78700PE,PE
282995461,1105451,SENSEX24OCT78800CE,CE
282877445,1104990,SENSEX24OCT78800PE,PE
282968069,1105344,SENSEX24OCT78900CE,CE
282958597,1105307,SENSEX24OCT78900PE,PE
282998021,1105461,SENSEX24OCT79000CE,CE
282988549,1105424,SENSEX24OCT79000PE,PE
283088389,1105814,SENSEX24OCT79100CE,CE
282960645,1105315,SENSEX24OCT79100PE,PE
282915845,1105140,SENSEX24OCT79200CE,CE
283042309,1105634,SENSEX24OCT79200PE,PE
282884613,1105018,SENSEX24OCT79300CE,CE
283008773,1105503,SENSEX24OCT79300PE,PE
282964229,1105329,SENSEX24OCT79400CE,CE
282842373,1104853,SENSEX24OCT79400PE,PE
282934277,1105212,SENSEX24OCT79500CE,CE
283065605,1105725,SENSEX24OCT79500PE,PE
283013637,1105522,SENSEX24OCT79600CE,CE
282894341,1105056,SENSEX24OCT79600PE,PE
282983941,1105406,SENSEX24OCT79700CE,CE
282973701,1105366,SENSEX24OCT79700PE,PE
283071237,1105747,SENSEX24OCT79800CE,CE
282947077,1105262,SENSEX24OCT79800PE,PE
282898693,1105073,SENSEX24OCT79900CE,CE
283026181,1105571,SENSEX24OCT79900PE,PE
283028997,1105582,SENSEX24OCT80000CE,CE
282905861,1105101,SENSEX24OCT80000PE,PE
282995205,1105450,SENSEX24OCT80100CE,CE
282873861,1104976,SENSEX24OCT80100PE,PE
283080965,1105785,SENSEX24OCT80200CE,CE
282955781,1105296,SENSEX24OCT80200PE,PE
283052037,1105672,SENSEX24OCT80300CE,CE
282924549,1105174,SENSEX24OCT80300PE,PE
282879749,1104999,SENSEX24OCT80400CE,CE
283002117,1105477,SENSEX24OCT80400PE,PE
282849541,1104881,SENSEX24OCT80500CE,CE
282837509,1104834,SENSEX24OCT80500PE,PE
282930181,1105196,SENSEX24OCT80600CE,CE
283061765,1105710,SENSEX24OCT80600PE,PE
283006725,1105495,SENSEX24OCT80700CE,CE
282889733,1105038,SENSEX24OCT80700PE,PE
282980357,1105392,SENSEX24OCT80800CE,CE
282858501,1104916,SENSEX24OCT80800PE,PE
283065093,1105723,SENSEX24OCT80900CE,CE
282940677,1105237,SENSEX24OCT80900PE,PE
282843909,1104859,SENSEX24OCT81000CE,CE
282970117,1105352,SENSEX24OCT81000PE,PE
283068165,1105735,SENSEX24OCT81100CE,CE
282943493,1105248,SENSEX24OCT81100PE,PE
282896133,1105063,SENSEX24OCT81200CE,CE
283023109,1105559,SENSEX24OCT81200PE,PE
282866437,1104947,SENSEX24OCT81300CE,CE
282854149,1104899,SENSEX24OCT81300PE,PE
282949381,1105271,SENSEX24OCT81400CE,CE
283076357,1105767,SENSEX24OCT81400PE,PE
283027973,1105578,SENSEX24OCT81500CE,CE
282905605,1105100,SENSEX24OCT81500PE,PE
282994181,1105446,SENSEX24OCT81600CE,CE
282872325,1104970,SENSEX24OCT81600PE,PE
283080709,1105784,SENSEX24OCT81700CE,CE
282955269,1105294,SENSEX24OCT81700PE,PE
283051013,1105668,SENSEX24OCT81800CE,CE
283035397,1105607,SENSEX24OCT81800PE,PE
282878981,1104996,SENSEX24OCT81900CE,CE
283001093,1105473,SENSEX24OCT81900PE,PE
282912261,1105126,SENSEX24OCT82000CE,CE
283037701,1105616,SENSEX24OCT82000PE,PE
282880773,1105003,SENSEX24OCT82100CE,CE
282869509,1104959,SENSEX24OCT82100PE,PE
282961413,1105318,SENSEX24OCT82200CE,CE
282839813,1104843,SENSEX24OCT82200PE,PE
283043845,1105640,SENSEX24OCT82300CE,CE
282920709,1105159,SENSEX24OCT82300PE,PE
283010309,1105509,SENSEX24OCT82400CE,CE
282891525,1105045,SENSEX24OCT82400PE,PE
282843653,1104858,SENSEX24OCT82500CE,CE
282969861,1105351,SENSEX24OCT82500PE,PE
283067653,1105733,SENSEX24OCT82600CE,CE
283055621,1105686,SENSEX24OCT82600PE,PE
282895877,1105062,SENSEX24OCT82700CE,CE
283022853,1105558,SENSEX24OCT82700PE,PE
282974725,1105370,SENSEX24OCT82800CE,CE
282853381,1104896,SENSEX24OCT82800PE,PE
282948613,1105268,SENSEX24OCT82900CE,CE
283075589,1105764,SENSEX24OCT82900PE,PE
282977541,1105381,SENSEX24OCT83000CE,CE
282855941,1104906,SENSEX24OCT83000PE,PE
283063045,1105715,SENSEX24OCT83100CE,CE
282937349,1105224,SENSEX24OCT83100PE,PE
283030021,1105586,SENSEX24OCT83200CE,CE
282907397,1105107,SENSEX24OCT83200PE,PE
282860549,1104924,SENSEX24OCT83300CE,CE
282985477,1105412,SENSEX24OCT83300PE,PE
283082757,1105792,SENSEX24OCT83400CE,CE
283072261,1105751,SENSEX24OCT83400PE,PE
282911749,1105124,SENSEX24OCT83500CE,CE
283036933,1105613,SENSEX24OCT83500PE,PE
282989317,1105427,SENSEX24OCT83600CE,CE
282869253,1104958,SENSEX24OCT83600PE,PE
282961157,1105317,SENSEX24OCT83700CE,CE
282839301,1104841,SENSEX24OCT83700PE,PE
283043077,1105637,SENSEX24OCT83800CE,CE
282919941,1105156,SENSEX24OCT83800PE,PE
283009797,1105507,SENSEX24OCT83900CE,CE
282995973,1105453,SENSEX24OCT83900PE,PE
283047429,1105654,SENSEX24OCT84000CE,CE
282921733,1105163,SENSEX24OCT84000PE,PE
282874629,1104979,SENSEX24OCT84100CE,CE
282998277,1105462,SENSEX24OCT84100PE,PE
282844933,1104863,SENSEX24OCT84200CE,CE
283088645,1105815,SENSEX24OCT84200PE,PE
282926085,1105180,SENSEX24OCT84300CE,CE
283057925,1105695,SENSEX24OCT84300PE,PE
283003653,1105483,SENSEX24OCT84400CE,CE
282884869,1105019,SENSEX24OCT84400PE,PE
282977029,1105379,SENSEX24OCT84500CE,CE
282855429,1104904,SENSEX24OCT84500PE,PE
283062789,1105714,SENSEX24OCT84600CE,CE
282935813,1105218,SENSEX24OCT84600PE,PE
283029765,1105585,SENSEX24OCT84700CE,CE
283014149,1105524,SENSEX24OCT84700PE,PE
282859269,1104919,SENSEX24OCT84800CE,CE
282984709,1105409,SENSEX24OCT84800PE,PE
282942213,1105243,SENSEX24OCT84900CE,CE
283071493,1105748,SENSEX24OCT84900PE,PE
282862085,1104930,SENSEX24OCT85000CE,CE
282850053,1104883,SENSEX24OCT85000PE,PE
282944517,1105252,SENSEX24OCT85100CE,CE
283073541,1105756,SENSEX24OCT85100PE,PE
283024645,1105565,SENSEX24OCT85200CE,CE
282902021,1105086,SENSEX24OCT85200PE,PE
282991109,1105434,SENSEX24OCT85300CE,CE
282870533,1104963,SENSEX24OCT85300PE,PE
283296261,1106626,SENSEX24OCT85400CE,CE
283195653,1106233,SENSEX24OCT85400PE,PE
283406597,1107057,SENSEX24OCT85500CE,CE
283400197,1107032,SENSEX24OCT85500PE,PE
283456773,1107253,SENSEX24OCT85600CE,CE
283525637,1107522,SENSEX24OCT85600PE,PE
283497989,1107414,SENSEX24OCT85700CE,CE
283569157,1107692,SENSEX24OCT85700PE,PE
283604485,1107830,SENSEX24OCT85800CE,CE
283648773,1108003,SENSEX24OCT85800PE,PE
283631365,1107935,SENSEX24OCT85900CE,CE
283587333,1107763,SENSEX24OCT85900PE,PE
288270853,1126058,SENSEX24OCT86000CE,CE
288218885,1125855,SENSEX24OCT86000PE,PE
