26-12-23,21365.2,21477.15,21329.45,21441.35,0
27-12-23,21497.65,21675.75,21495.8,21654.75,0
28-12-23,21715.0,21801.45,21678.0,21778.7,0
29-12-23,21737.65,21770.3,21676.9,21731.4,0
01-01-24,21727.75,21834.35,21680.85,21741.9,0
02-01-24,21751.35,21755.6,21555.65,21665.8,0
03-01-24,21661.1,21677.0,21500.35,21517.35,0
04-01-24,21605.8,21685.65,21564.55,21658.6,0
05-01-24,21705.75,21749.6,21629.2,21710.8,0
08-01-24,21747.6,21763.95,21492.9,21513.0,0
09-01-24,21653.6,21724.45,21517.85,21544.85,0
10-01-24,21529.3,21641.85,21448.65,21618.7,0
11-01-24,21688.0,21726.5,21593.75,21647.2,0
12-01-24,21773.55,21928.25,21715.15,21894.55,0
15-01-24,22053.15,22115.55,21963.55,22097.45,0
16-01-24,22080.5,22124.15,21969.8,22032.3,0
17-01-24,21647.25,21851.5,21550.45,21571.95,0
18-01-24,21414.2,21539.4,21285.55,21462.25,0
19-01-24,21615.2,21670.6,21575.0,21622.4,0
20-01-24,21706.15,21720.3,21541.8,21571.8,0
23-01-24,21716.7,21750.25,21192.6,21238.8,0
24-01-24,21185.25,21482.35,21137.2,21453.95,0
25-01-24,21454.6,21459.0,21247.05,21352.6,0
29-01-24,21433.1,21763.25,21429.6,21737.6,0
30-01-24,21775.75,21813.05,21501.8,21522.1,0
31-01-24,21487.25,21741.35,21448.85,21725.7,0
01-02-24,21780.65,21832.95,21658.75,21697.45,0
02-02-24,21812.75,22126.8,21805.55,21853.8,0
05-02-24,21921.05,21964.3,21726.95,21771.7,0
06-02-24,21825.2,21951.4,21737.55,21929.4,0
07-02-24,22045.05,22053.3,21860.15,21930.5,0
08-02-24,22009.65,22011.05,21665.3,21717.95,0
09-02-24,21727.0,21804.45,21629.9,21782.5,0
12-02-24,21800.8,21831.7,21574.75,21616.05,0
13-02-24,21664.3,21766.8,21543.35,21743.25,0
14-02-24,21578.15,21870.85,21530.2,21840.05,0
15-02-24,21906.55,21953.85,21794.8,21910.75,0
16-02-24,22020.3,22068.65,21968.95,22040.7,0
19-02-24,22103.45,22186.65,22021.05,22122.25,0
20-02-24,22099.2,22215.6,22045.85,22196.95,0
21-02-24,22248.85,22249.4,21997.95,22055.05,0
22-02-24,22081.55,22252.5,21875.25,22217.45,0
23-02-24,22290.0,22297.5,22186.1,22212.7,0
26-02-24,22169.2,22202.15,22075.15,22122.05,0
27-02-24,22090.2,22218.25,22085.65,22198.35,0
28-02-24,22214.1,22229.15,21915.85,21951.15,0
29-02-24,21935.2,22060.55,21860.65,21982.8,0
01-03-24,22048.3,22353.3,22047.75,22338.75,0
02-03-24,22406.95,22419.55,22367.05,22378.4,0
04-03-24,22403.5,22440.9,22358.3,22405.6,0
05-03-24,22371.25,22416.9,22269.15,22356.3,0
06-03-24,22327.5,22497.2,22224.35,22474.05,0
07-03-24,22505.3,22525.65,22430.0,22493.55,0
11-03-24,22517.5,22526.6,22307.25,22332.65,0
12-03-24,22334.45,22452.55,22256.0,22335.7,0
13-03-24,22432.2,22446.75,21905.65,21997.7,0
14-03-24,21982.55,22204.6,21917.5,22146.65,0
15-03-24,22064.85,22120.9,21931.7,22023.35,0
18-03-24,21990.1,22123.7,21916.55,22055.7,0
19-03-24,21946.45,21978.3,21793.1,21817.45,0
20-03-24,21843.9,21930.9,21710.2,21839.1,0
21-03-24,21989.9,22080.95,21941.3,22011.95,0
22-03-24,21932.2,22180.7,21883.3,22096.75,0
26-03-24,21947.9,22073.2,21947.55,22004.7,0
27-03-24,22053.95,22193.6,22052.85,22123.65,0
28-03-24,22163.6,22516.0,22163.6,22326.9,0
01-04-24,22455.0,22529.95,22427.75,22462.0,0
02-04-24,22458.8,22497.6,22388.15,22453.3,0
03-04-24,22385.7,22521.1,22346.5,22434.65,0
04-04-24,22592.1,22619.0,22303.8,22514.65,0
05-04-24,22486.4,22537.6,22427.6,22513.7,0
08-04-24,22578.35,22697.3,22550.35,22666.3,0
09-04-24,22765.1,22768.4,22612.25,22642.75,0
10-04-24,22720.25,22775.7,22673.7,22753.8,0
12-04-24,22677.4,22726.45,22503.75,22519.4,0
15-04-24,22339.05,22427.45,22259.55,22272.5,0
16-04-24,22125.3,22213.75,22079.45,22147.9,0
18-04-24,22212.35,22326.5,21961.7,21995.85,0
19-04-24,21861.5,22179.55,21777.65,22147.0,0
22-04-24,22336.9,22375.65,22198.15,22336.4,0
23-04-24,22447.05,22447.55,22349.45,22368.0,0
24-04-24,22421.55,22476.45,22384.0,22402.4,0
25-04-24,22316.9,22625.95,22305.25,22570.35,0
26-04-24,22620.4,22620.4,22385.55,22419.95,0
29-04-24,22475.55,22655.8,22441.9,22643.4,0
30-04-24,22679.65,22783.35,22568.4,22604.85,0
02-05-24,22567.85,22710.5,22567.85,22648.2,0
03-05-24,22766.35,22794.7,22348.05,22475.85,0
06-05-24,22561.6,22588.8,22409.45,22442.7,0
07-05-24,22489.75,22499.05,22232.05,22302.5,0
08-05-24,22231.2,22368.65,22185.2,22302.5,0
09-05-24,22224.8,22307.75,21932.4,21957.5,0
10-05-24,21990.95,22131.3,21950.3,22055.2,0
13-05-24,22027.95,22131.65,21821.05,22104.05,0
14-05-24,22112.9,22270.05,22081.25,22217.85,0
15-05-24,22255.6,22297.55,22151.75,22200.55,0
16-05-24,22319.2,22432.25,22054.55,22403.85,0
17-05-24,22415.25,22502.15,22345.65,22466.1,0
18-05-24,22512.85,22520.25,22470.05,22502.0,0
21-05-24,22404.55,22591.1,22404.55,22529.05,0
22-05-24,22576.6,22629.5,22483.15,22597.8,0
23-05-24,22614.1,22993.6,22577.45,22967.65,0
24-05-24,22930.75,23026.4,22908.0,22957.1,0
27-05-24,23038.95,23110.8,22871.2,22932.45,0
28-05-24,22977.15,22998.55,22858.5,22888.15,0
29-05-24,22762.75,22825.5,22685.45,22704.7,0
30-05-24,22617.45,22705.75,22417.0,22488.65,0
31-05-24,22568.1,22653.75,22465.1,22530.7,0
03-06-24,23337.9,23338.7,23062.3,23263.9,0
04-06-24,23179.5,23179.5,21281.45,21884.5,0
05-06-24,22128.35,22670.4,21791.95,22620.35,0
06-06-24,22798.6,22910.15,22642.6,22821.4,0
07-06-24,22821.85,23320.2,22789.05,23290.15,0
10-06-24,23319.15,23411.9,23227.15,23259.2,0
11-06-24,23283.75,23389.45,23206.65,23264.85,0
12-06-24,23344.45,23441.95,23295.95,23322.95,0
13-06-24,23480.95,23481.05,23353.9,23398.9,0
14-06-24,23464.95,23490.4,23334.25,23465.6,0
18-06-24,23570.8,23579.05,23499.7,23557.9,0
19-06-24,23629.85,23664.0,23412.9,23516.0,0
20-06-24,23586.15,23624.0,23442.6,23567.0,0
21-06-24,23661.15,23667.1,23398.2,23501.1,0
24-06-24,23382.3,23558.1,23350.0,23537.85,0
25-06-24,23577.1,23754.15,23562.05,23721.3,0
26-06-24,23723.1,23889.9,23670.45,23868.8,0
27-06-24,23881.55,24087.45,23805.4,24044.5,0
28-06-24,24085.9,24174.0,23985.8,24010.6,0
01-07-24,23992.95,24164.0,23992.7,24141.95,0
02-07-24,24228.75,24236.35,24056.4,24123.85,0
03-07-24,24291.75,24309.15,24207.1,24286.5,0
04-07-24,24369.95,24401.0,24281.0,24302.15,0
05-07-24,24213.35,24363.0,24168.85,24323.85,0
08-07-24,24329.45,24344.6,24240.55,24320.55,0
09-07-24,24351.0,24443.6,24331.9,24433.2,0
10-07-24,24459.85,24461.05,24141.8,24324.45,0
11-07-24,24396.55,24402.65,24193.75,24315.95,0
12-07-24,24387.95,24592.2,24331.15,24502.15,0
15-07-24,24587.6,24635.05,24522.75,24586.7,0
16-07-24,24615.9,24661.25,24587.65,24613.0,0
18-07-24,24543.8,24837.75,24504.45,24800.85,0
19-07-24,24853.8,24854.8,24508.15,24530.9,0
22-07-24,24445.75,24595.2,24362.3,24509.25,0
23-07-24,24568.9,24582.55,24074.2,24479.05,0
24-07-24,24444.95,24504.25,24307.25,24413.5,0
25-07-24,24230.95,24426.15,24210.8,24406.1,0
26-07-24,24423.35,24861.15,24410.9,24834.85,0
29-07-24,24943.3,24999.75,24774.6,24836.1,0
30-07-24,24839.4,24971.75,24798.65,24857.3,0
31-07-24,24886.7,24984.6,24856.5,24951.15,0
01-08-24,25030.95,25078.3,24956.4,25010.9,0
02-08-24,24789.0,24851.9,24686.85,24717.7,0
05-08-24,24302.85,24350.05,23893.7,24055.6,0
06-08-24,24189.85,24382.6,23960.4,23992.55,0
07-08-24,24289.4,24337.7,24184.9,24297.5,0
08-08-24,24248.55,24340.5,24079.7,24117.0,0
09-08-24,24386.85,24419.75,24311.2,24367.5,0
12-08-24,24320.05,24472.8,24212.1,24347.0,0
13-08-24,24342.35,24359.95,24116.5,24139.0,0
14-08-24,24184.4,24196.5,24099.7,24143.75,0
16-08-24,24334.85,24563.9,24204.5,24541.15,0
19-08-24,24636.35,24638.8,24522.95,24572.65,0
20-08-24,24648.9,24734.3,24607.2,24698.85,0
21-08-24,24680.55,24787.95,24654.5,24770.2,0
22-08-24,24863.4,24867.35,24784.45,24811.5,0
23-08-24,24845.4,24858.4,24771.65,24823.15,0
26-08-24,24906.1,25043.8,24874.7,25010.6,0
27-08-24,25024.8,25073.1,24973.65,25017.75,0
28-08-24,25030.8,25129.6,24964.65,25052.35,0
29-08-24,25035.3,25192.9,24998.5,25151.95,0
30-08-24,25249.7,25268.35,25199.4,25235.9,0
02-09-24,25333.6,25333.65,25235.5,25278.7,0
03-09-24,25313.4,25321.7,25235.8,25279.85,0
04-09-24,25089.95,25216.0,25083.8,25198.7,0
05-09-24,25250.5,25275.45,25127.75,25145.1,0
06-09-24,25093.7,25168.75,24801.3,24852.15,0
09-09-24,24823.4,24957.5,24753.15,24936.4,0
10-09-24,24999.4,25130.5,24896.8,25041.1,0
11-09-24,25034.0,25113.7,24885.15,24918.45,0
12-09-24,25059.65,25433.35,24941.45,25388.9,0
13-09-24,25430.45,25430.5,25292.45,25356.5,0
16-09-24,25406.65,25445.7,25336.2,25383.75,0
17-09-24,25416.9,25441.65,25352.25,25418.55,0
18-09-24,25402.4,25482.2,25285.55,25377.55,0
19-09-24,25487.05,25611.95,25376.05,25415.8,0
20-09-24,25525.95,25849.25,25426.6,25790.95,0
23-09-24,25872.55,25956.0,25847.35,25939.05,0
24-09-24,25921.45,26011.55,25886.85,25940.4,0
25-09-24,25899.45,26032.8,25871.35,26004.15,0
26-09-24,26005.4,26250.9,25998.4,26216.05,0
27-09-24,26248.25,26277.35,26151.4,26178.95,0
30-09-24,26061.3,26134.7,25794.1,25810.85,0
01-10-24,25788.45,25907.6,25739.2,25796.9,0
03-10-24,25452.85,25639.45,25230.3,25250.1,0
04-10-24,25181.9,25485.05,24966.8,25014.6,0
07-10-24,25084.1,25143.0,24694.35,24795.75,0
08-10-24,24832.2,25044.0,24756.8,25013.15,0
09-10-24,25065.8,25234.05,24947.7,24981.95,0
10-10-24,25067.05,25134.05,24979.4,24998.45,0
11-10-24,24985.3,25028.65,24920.05,24964.25,0
14-10-24,25023.45,25159.75,25017.5,25127.95,0
15-10-24,25186.3,25212.05,25008.15,25057.35,0
16-10-24,25008.55,25093.4,24908.45,24971.3,0
17-10-24,25027.4,25029.5,24728.9,24749.85,0
18-10-24,24664.95,24886.2,24567.65,24854.05,0
21-10-24,24956.15,24978.3,24679.6,24781.1,0
22-10-24,24798.65,24882.0,24445.8,24472.1,0
23-10-24,24378.15,24604.25,24378.1,24435.5,0
24-10-24,24412.7,24480.65,24341.2,24399.4,0
25-10-24,24418.05,24440.25,24073.9,24211.8,0
