26-12-23,71097.78,71471.29,71012.08,71336.8,0
27-12-23,71492.02,72119.85,71473.65,72038.43,0
28-12-23,72262.67,72484.34,72137.45,72410.38,0
29-12-23,72351.59,72417.01,72082.64,72240.26,0
01-01-24,72218.39,72561.91,72031.23,72271.94,0
02-01-24,72332.85,72332.85,71613.74,71892.48,0
03-01-24,71832.62,71862.0,71303.97,71356.6,0
04-01-24,71678.93,71954.79,71546.6,71847.57,0
05-01-24,72016.71,72156.48,71779.83,72026.15,0
08-01-24,72113.25,72181.77,71301.04,71355.22,0
09-01-24,71770.91,72035.47,71307.27,71386.21,0
10-01-24,71383.2,71733.84,71110.98,71657.71,0
11-01-24,71907.75,71999.47,71543.19,71721.18,0
12-01-24,72148.07,72720.96,71982.29,72568.45,0
15-01-24,73049.87,73402.16,72909.0,73327.94,0
16-01-24,73331.95,73427.59,72960.29,73128.77,0
17-01-24,71998.93,72484.8,71429.3,71500.76,0
18-01-24,71018.86,71451.29,70665.5,71186.86,0
19-01-24,71786.74,71895.64,71542.74,71683.23,0
20-01-24,72008.3,72026.26,71312.71,71423.65,0
23-01-24,71868.2,72039.2,70234.55,70370.55,0
24-01-24,70165.49,71149.61,70001.6,71060.31,0
25-01-24,71022.1,71049.46,70319.04,70700.67,0
29-01-24,70968.1,72010.22,70880.54,71941.57,0
30-01-24,72000.2,72142.23,71075.72,71139.9,0
31-01-24,71073.04,71851.39,70846.04,71752.11,0
01-02-24,71998.78,72151.02,71574.89,71645.3,0
02-02-24,71977.56,73089.4,71948.77,72085.63,0
05-02-24,72269.12,72385.93,71602.14,71731.42,0
06-02-24,71970.82,72261.4,71625.18,72186.09,0
07-02-24,72548.5,72559.21,71938.22,72152.0,0
08-02-24,72473.42,72473.42,71230.62,71428.43,0
09-02-24,71410.29,71676.49,71200.31,71595.49,0
12-02-24,71722.31,71756.58,70922.57,71072.49,0
13-02-24,71292.08,71662.74,70924.3,71555.19,0
14-02-24,71035.25,71938.59,70809.84,71822.83,0
15-02-24,72061.47,72164.97,71644.44,72050.38,0
16-02-24,72406.02,72545.33,72218.1,72426.64,0
19-02-24,72627.6,72881.93,72308.68,72708.16,0
20-02-24,72727.87,73130.69,72510.24,73057.4,0
21-02-24,73267.48,73267.8,72450.56,72623.09,0
22-02-24,72677.51,73256.39,72081.36,73158.24,0
23-02-24,73394.44,73413.93,73022.0,73142.8,0
26-02-24,73044.81,73092.26,72666.82,72790.13,0
27-02-24,72723.53,73161.3,72660.13,73095.22,0
28-02-24,73162.82,73223.11,72222.29,72304.88,0
29-02-24,72220.57,72730.0,72099.32,72500.3,0
01-03-24,72606.31,73819.21,72591.14,73745.35,0
02-03-24,73848.19,73994.7,73778.14,73806.15,0
04-03-24,73903.09,73990.13,73747.01,73872.29,0
05-03-24,73767.42,73915.54,73412.25,73677.13,0
06-03-24,73587.7,74151.27,73321.48,74085.99,0
07-03-24,74242.74,74245.17,73921.48,74119.39,0
11-03-24,74175.93,74187.35,73433.91,73502.64,0
12-03-24,73516.42,74004.16,73342.12,73667.96,0
13-03-24,73993.4,74052.75,72515.71,72761.89,0
14-03-24,72570.1,73364.3,72497.19,73097.28,0
15-03-24,72886.77,72998.07,72484.82,72643.43,0
18-03-24,72587.3,72985.89,72314.16,72748.42,0
19-03-24,72462.94,72490.09,71933.35,72012.05,0
20-03-24,72036.86,72402.67,71674.42,72101.69,0
21-03-24,72507.36,72882.46,72416.03,72641.19,0
22-03-24,72231.66,73115.62,72172.09,72831.94,0
26-03-24,72396.97,72705.29,72363.03,72470.3,0
27-03-24,72692.16,73138.73,72600.73,72996.31,0
28-03-24,73149.34,74190.31,73120.33,73651.35,0
01-04-24,73968.62,74254.62,73909.39,74014.55,0
02-04-24,74022.3,74099.78,73743.77,73903.91,0
03-04-24,73757.23,74151.21,73540.27,73876.82,0
04-04-24,74413.82,74501.73,73485.12,74227.63,0
05-04-24,74287.02,74361.11,73946.92,74248.22,0
08-04-24,74555.44,74869.3,74410.07,74742.5,0
09-04-24,75124.28,75124.28,74603.37,74683.7,0
10-04-24,74953.96,75105.14,74807.55,75038.15,0
12-04-24,74889.64,74951.88,74189.31,74244.9,0
15-04-24,73315.16,73905.8,73315.16,73399.78,0
16-04-24,72892.14,73135.43,72685.03,72943.68,0
18-04-24,73183.1,73473.05,72365.67,72488.99,0
19-04-24,71999.65,73210.17,71816.46,73088.33,0
22-04-24,73666.51,73767.8,73227.32,73648.62,0
23-04-24,74048.94,74059.89,73688.31,73738.45,0
24-04-24,73957.57,74121.61,73788.61,73852.94,0
25-04-24,73572.34,74571.25,73556.15,74339.44,0
26-04-24,74509.31,74515.91,73616.65,73730.16,0
29-04-24,73982.75,74721.15,73922.34,74671.28,0
30-04-24,74800.89,75111.39,74346.4,74482.78,0
02-05-24,74391.73,74812.43,74360.69,74611.11,0
03-05-24,75017.82,75095.18,73467.73,73878.15,0
06-05-24,74196.68,74359.69,73786.29,73895.54,0
07-05-24,73973.3,74026.8,73259.26,73511.85,0
08-05-24,73225.0,73684.93,73073.92,73466.39,0
09-05-24,73499.49,73499.49,72334.18,72404.17,0
10-05-24,72475.45,72946.54,72366.29,72664.47,0
13-05-24,72476.65,72863.56,71866.01,72776.13,0
14-05-24,72696.72,73286.26,72683.99,73104.61,0
15-05-24,73200.23,73301.47,72822.66,72987.03,0
16-05-24,73338.24,73749.47,72529.97,73663.72,0
17-05-24,73711.31,74070.84,73459.8,73917.03,0
18-05-24,73921.46,74162.76,73920.63,74005.94,0
21-05-24,73842.96,74189.19,73762.37,73953.31,0
22-05-24,74165.52,74307.79,73860.33,74221.06,0
23-05-24,74253.53,75499.91,74158.35,75418.04,0
24-05-24,75335.45,75636.5,75244.22,75410.39,0
27-05-24,75655.46,76009.68,75175.27,75390.5,0
28-05-24,75585.4,75585.4,75083.22,75170.45,0
29-05-24,74826.94,74986.22,74454.55,74502.9,0
30-05-24,74365.88,74493.55,73668.73,73885.6,0
31-05-24,74208.53,74478.89,73765.15,73961.31,0
03-06-24,76583.29,76738.89,75678.43,76468.78,0
04-06-24,76285.78,76300.46,70234.43,72079.05,0
05-06-24,73027.88,74534.82,71879.44,74382.24,0
06-06-24,75078.7,75297.73,74474.94,75074.51,0
07-06-24,75031.79,76795.31,74941.88,76693.36,0
10-06-24,76935.41,77079.04,76379.73,76490.08,0
11-06-24,76680.9,76860.53,76296.44,76456.59,0
12-06-24,76679.11,77050.53,76533.78,76606.57,0
13-06-24,77102.05,77145.46,76719.7,76810.9,0
14-06-24,76912.38,77081.3,76549.05,76992.77,0
18-06-24,77235.31,77366.77,77071.44,77301.14,0
19-06-24,77543.22,77851.63,76954.87,77337.59,0
20-06-24,77554.83,77643.09,77100.36,77478.93,0
21-06-24,77729.48,77808.45,76802.0,77209.9,0
24-06-24,76885.65,77423.02,76745.94,77341.08,0
25-06-24,77529.19,78164.71,77459.6,78053.52,0
26-06-24,78094.02,78759.4,77945.94,78674.25,0
27-06-24,78758.67,79396.03,78467.34,79243.18,0
28-06-24,79457.58,79671.58,78905.89,79032.73,0
01-07-24,79043.35,79561.0,78971.79,79476.19,0
02-07-24,79840.37,79855.87,79231.11,79441.45,0
03-07-24,80013.77,80074.3,79754.95,79986.8,0
04-07-24,80321.79,80392.64,79986.41,80049.67,0
05-07-24,79778.98,80149.87,79478.96,79996.6,0
08-07-24,79915.0,80067.46,79731.83,79960.38,0
09-07-24,80107.21,80397.17,79998.56,80351.64,0
10-07-24,80481.36,80481.36,79435.76,79924.77,0
11-07-24,80170.09,80170.09,79464.38,79897.34,0
12-07-24,80093.62,80893.51,79843.39,80519.34,0
15-07-24,80686.54,80862.54,80556.97,80664.86,0
16-07-24,80731.49,80898.3,80598.06,80716.55,0
18-07-24,80514.25,81522.55,80390.37,81343.46,0
19-07-24,81585.06,81587.76,80499.1,80604.65,0
22-07-24,80408.9,80800.92,80100.65,80502.08,0
23-07-24,80724.3,80766.41,79224.32,80429.04,0
24-07-24,80343.38,80519.58,79750.51,80148.88,0
25-07-24,79542.11,80143.1,79477.83,80039.8,0
26-07-24,80158.5,81427.18,80013.6,81332.72,0
29-07-24,81679.65,81908.43,81135.91,81355.84,0
30-07-24,81349.28,81815.27,81230.44,81455.4,0
31-07-24,81655.9,81828.04,81434.32,81741.34,0
01-08-24,81949.68,82129.49,81700.21,81867.55,0
02-08-24,81158.99,81345.6,80868.91,80981.95,0
05-08-24,78588.19,79780.61,78295.86,78759.4,0
06-08-24,78981.97,79852.08,78496.57,78593.07,0
07-08-24,79565.4,79639.2,79106.2,79468.01,0
08-08-24,79420.49,79626.92,78798.94,78886.22,0
09-08-24,79984.24,79984.24,79549.09,79705.91,0
12-08-24,79330.12,80106.18,79226.13,79648.92,0
13-08-24,79552.51,79692.55,78889.38,78956.03,0
14-08-24,79065.22,79228.94,78895.72,79105.88,0
16-08-24,79754.85,80518.21,79306.69,80436.84,0
19-08-24,80680.25,80724.4,80332.65,80424.68,0
20-08-24,80722.54,80942.96,80517.95,80802.86,0
21-08-24,80667.25,80952.83,80626.38,80905.3,0
22-08-24,81207.24,81236.45,80954.02,81053.19,0
23-08-24,81165.65,81231.49,80883.26,81086.21,0
26-08-24,81388.26,81824.27,81278.44,81698.11,0
27-08-24,81815.23,81919.11,81600.51,81711.76,0
28-08-24,81779.84,82039.26,81578.32,81785.56,0
29-08-24,81822.56,82285.83,81682.78,82134.61,0
30-08-24,82637.03,82637.03,82256.02,82365.77,0
02-09-24,82725.28,82725.28,82440.93,82559.84,0
03-09-24,82652.69,82675.06,82400.76,82555.44,0
04-09-24,81845.5,82408.54,81833.69,82352.64,0
05-09-24,82469.79,82617.49,82130.44,82201.16,0
06-09-24,82171.08,82254.79,80981.93,81183.93,0
09-09-24,80973.75,81653.36,80895.05,81559.54,0
10-09-24,81768.72,82196.55,81445.3,81921.29,0
11-09-24,81928.12,82134.95,81423.14,81523.16,0
12-09-24,81930.18,83116.19,81534.29,82962.71,0
13-09-24,83091.55,83092.93,82653.22,82890.94,0
16-09-24,82985.33,83184.34,82832.82,82988.78,0
17-09-24,83084.63,83152.41,82866.68,83079.66,0
18-09-24,83037.13,83326.38,82700.63,82948.23,0
19-09-24,83359.17,83773.61,83071.66,83184.8,0
20-09-24,83603.04,84694.46,83187.64,84544.31,0
23-09-24,84651.15,84980.53,84607.38,84928.61,0
24-09-24,84860.73,85163.23,84716.07,84914.04,0
25-09-24,84836.45,85247.42,84743.04,85169.87,0
26-09-24,85167.56,85930.43,85106.74,85836.12,0
27-09-24,85893.84,85978.25,85474.58,85571.85,0
30-09-24,85208.76,85359.65,84257.14,84299.78,0
01-10-24,84257.17,84648.4,84098.94,84266.29,0
03-10-24,83002.09,83752.81,82434.02,82497.1,0
04-10-24,82244.25,83368.32,81532.68,81688.45,0
07-10-24,81926.99,82137.77,80726.06,81050.0,0
08-10-24,80826.56,81763.28,80813.07,81634.81,0
09-10-24,81954.58,82319.21,81342.89,81467.1,0
10-10-24,81832.66,82002.84,81538.94,81611.41,0
11-10-24,81478.49,81671.38,81304.15,81381.36,0
14-10-24,81576.93,82072.17,81541.2,81973.05,0
15-10-24,82101.86,82300.44,81635.57,81820.12,0
16-10-24,81646.6,81932.15,81358.26,81501.36,0
17-10-24,81758.07,81781.4,80905.64,81006.61,0
18-10-24,80749.26,81391.15,80409.25,81224.75,0
21-10-24,81770.02,81770.02,80811.23,81151.27,0
22-10-24,81155.08,81504.24,80149.53,80220.72,0
23-10-24,79921.13,80646.31,79891.68,80081.98,0
24-10-24,80098.3,80259.82,79813.02,80065.16,0
25-10-24,80187.34,80253.19,79137.98,79580.5,0
